X,Y,Z,formation
550464.3105,7817886.25,-8833.120117,Apoints
549339.3105,7817886.25,-8864.879883,Apoints
551626.8105,7820570.359,-8846.129883,Apoints
549801.8105,7819031.219,-8852.179688,Apoints
551801.8105,7821809.18,-8845.959961,Apoints
549751.8105,7817980.098,-8867.639648,Apoints
549826.8105,7818055.18,-8869.389648,Apoints
552101.8105,7818561.969,-8811.410156,Apoints
551264.3105,7818130.258,-8796.799805,Apoints
550489.3105,7818224.109,-8839.269531,Apoints
549301.8105,7819068.758,-8906.370117,Apoints
551076.8105,7818543.199,-8809.919922,Apoints
550701.8105,7817341.918,-8813.429688,Apoints
549576.8105,7817811.168,-8853.530273,Apoints
549389.3105,7820532.82,-8951.950195,Apoints
551126.8105,7820814.371,-8876.94043,Apoints
552301.8105,7817304.379,-8752.639648,Apoints
549126.8105,7819068.758,-8917.820313,Apoints
551064.3105,7820983.297,-8890.679688,Apoints
549689.3105,7816684.969,-8833,Apoints
549276.8105,7818167.797,-8881.370117,Apoints
549014.3105,7819294,-8941.469727,Apoints
550326.8105,7819819.559,-8795,Apoints
551289.3105,7819575.551,-8821.089844,Apoints
552039.3105,7818824.75,-8811.799805,Apoints
550976.8105,7818543.199,-8817.389648,Apoints
552001.8105,7818092.719,-8784.299805,Apoints
552439.3105,7821415.008,-8861.370117,Apoints
548901.8105,7820044.801,-8941.980469,Apoints
550414.3105,7820551.59,-8801.360352,Apoints
550476.8105,7818055.18,-8837.169922,Apoints
551251.8105,7818637.047,-8804.530273,Apoints
549864.3105,7819706.938,-8861.839844,Apoints
551776.8105,7816684.969,-8771.910156,Apoints
552289.3105,7817642.238,-8775.69043,Apoints
549889.3105,7818055.18,-8867.129883,Apoints
551164.3105,7818055.18,-8795.950195,Apoints
551489.3105,7818130.258,-8785.040039,Apoints
549389.3105,7818637.047,-8872.040039,Apoints
549426.8105,7817266.84,-8792.830078,Apoints
550651.8105,7817754.859,-8825.389648,Apoints
550289.3105,7818524.43,-8843.530273,Apoints
550526.8105,7818486.891,-8825.19043,Apoints
549951.8105,7818055.18,-8866.719727,Apoints
551164.3105,7821020.84,-8888.820313,Apoints
548889.3105,7816684.969,-8874.269531,Apoints
552326.8105,7820945.758,-8842.610352,Apoints
552314.3105,7816778.816,-8744.5,Apoints
552151.8105,7819125.07,-8811.219727,Apoints
552039.3105,7820851.91,-8850.009766,Apoints
550089.3105,7819500.469,-8819.410156,Apoints
549114.3105,7821433.781,-8954.410156,Apoints
551976.8105,7818956.141,-8813.040039,Apoints
551526.8105,7821227.309,-8900.94043,Apoints
550964.3105,7819275.23,-8806.349609,Apoints
552014.3105,7817661.008,-8789.830078,Apoints
549751.8105,7821809.18,-8968.230469,Apoints
550976.8105,7818186.57,-8807.730469,Apoints
551464.3105,7821152.23,-8895.769531,Apoints
549464.3105,7820194.961,-8927.660156,Apoints
551526.8105,7819425.391,-8820.830078,Apoints
551364.3105,7820908.219,-8886.349609,Apoints
551289.3105,7821471.32,-8904.669922,Apoints
551801.8105,7821752.867,-8853.799805,Apoints
551989.3105,7819500.469,-8808.730469,Apoints
550626.8105,7820082.34,-8775.349609,Apoints
549601.8105,7821471.32,-8963.980469,Apoints
552039.3105,7818561.969,-8808.179688,Apoints
551501.8105,7821809.18,-8880.339844,Apoints
550126.8105,7820007.258,-8812.509766,Apoints
551414.3105,7820833.141,-8879.469727,Apoints
548876.8105,7821133.457,-8967.650391,Apoints
552226.8105,7817379.461,-8762.620117,Apoints
552039.3105,7821039.609,-8859.179688,Apoints
549864.3105,7819049.988,-8849.620117,Apoints
549014.3105,7816666.199,-8873.290039,Apoints
552039.3105,7821827.949,-8841.919922,Apoints
551864.3105,7817567.16,-8791.19043,Apoints
549476.8105,7818543.199,-8864.049805,Apoints
550114.3105,7817154.219,-8821.719727,Apoints
550289.3105,7817754.859,-8843.040039,Apoints
551314.3105,7818561.969,-8791.709961,Apoints
549951.8105,7818130.258,-8868.280273,Apoints
551751.8105,7819200.148,-8814.780273,Apoints
551776.8105,7820532.82,-8829.129883,Apoints
551664.3105,7817923.789,-8796.480469,Apoints
549989.3105,7821264.848,-8940.540039,Apoints
549114.3105,7818749.668,-8913.709961,Apoints
552439.3105,7821321.16,-8860.669922,Apoints
550701.8105,7819275.23,-8776.019531,Apoints
550589.3105,7819763.25,-8802.730469,Apoints
551039.3105,7820645.438,-8847.509766,Apoints
552064.3105,7821114.691,-8859.950195,Apoints
550489.3105,7817698.547,-8830.540039,Apoints
549401.8105,7818899.828,-8880.830078,Apoints
550939.3105,7820551.59,-8817.929688,Apoints
549501.8105,7821020.84,-8954.589844,Apoints
549726.8105,7819500.469,-8878.55957,Apoints
551014.3105,7820908.219,-8879.870117,Apoints
549001.8105,7821152.23,-8970.549805,Apoints
551664.3105,7819932.18,-8825.889648,Apoints
549289.3105,7818561.969,-8891.139648,Apoints
550601.8105,7818299.188,-8818.980469,Apoints
552401.8105,7818017.637,-8798.700195,Apoints
550001.8105,7821433.781,-8961.639648,Apoints
549226.8105,7818561.969,-8899.490234,Apoints
551751.8105,7820589.129,-8834.570313,Apoints
549639.3105,7819688.168,-8896.299805,Apoints
550139.3105,7818730.898,-8819.5,Apoints
549576.8105,7817905.02,-8864.790039,Apoints
549064.3105,7819125.07,-8927.280273,Apoints
550826.8105,7821546.398,-8912.099609,Apoints
551864.3105,7817266.84,-8780.049805,Apoints
550551.8105,7821490.09,-8923.629883,Apoints
550364.3105,7819012.449,-8785.080078,Apoints
549464.3105,7819294,-8906.129883,Apoints
552226.8105,7816684.969,-8756.900391,Apoints
552214.3105,7819969.719,-8789.929688,Apoints
552126.8105,7818017.637,-8795.349609,Apoints
552214.3105,7820626.668,-8817.290039,Apoints
552214.3105,7821734.102,-8841.55957,Apoints
550526.8105,7817754.859,-8830.5,Apoints
551989.3105,7820626.668,-8835.160156,Apoints
551751.8105,7820307.578,-8805.879883,Apoints
550464.3105,7817754.859,-8832.94043,Apoints
549364.3105,7817811.168,-8858.280273,Apoints
552376.8105,7818805.98,-8818.769531,Apoints
549351.8105,7820626.668,-8954.030273,Apoints
549789.3105,7821752.867,-8967.650391,Apoints
551914.3105,7819106.301,-8817.459961,Apoints
548914.3105,7820138.648,-8948.950195,Apoints
549751.8105,7816684.969,-8836.69043,Apoints
551701.8105,7818073.949,-8778.019531,Apoints
549939.3105,7817548.387,-8848.80957,Apoints
548889.3105,7821227.309,-8963.900391,Apoints
548939.3105,7821133.457,-8968.570313,Apoints
552301.8105,7820232.5,-8802.400391,Apoints
552014.3105,7817998.871,-8786.230469,Apoints
550039.3105,7819143.84,-8838.240234,Apoints
551789.3105,7819932.18,-8818.839844,Apoints
549076.8105,7821133.457,-8966.889648,Apoints
551164.3105,7820983.297,-8886.570313,Apoints
549164.3105,7818167.797,-8896.69043,Apoints
551939.3105,7820082.34,-8773.769531,Apoints
552201.8105,7817060.367,-8726.889648,Apoints
552039.3105,7821752.867,-8847.639648,Apoints
551401.8105,7821171,-8894.30957,Apoints
552214.3105,7820720.52,-8831.269531,Apoints
551914.3105,7817567.16,-8789.259766,Apoints
551189.3105,7817980.098,-8791.530273,Apoints
549651.8105,7820138.648,-8907.269531,Apoints
551076.8105,7818693.359,-8820.589844,Apoints
552326.8105,7820532.82,-8817.519531,Apoints
550351.8105,7818393.039,-8845.980469,Apoints
552101.8105,7818486.891,-8812.25,Apoints
548889.3105,7818186.57,-8913.30957,Apoints
549539.3105,7821471.32,-8964.799805,Apoints
551001.8105,7821490.09,-8912.839844,Apoints
550089.3105,7819575.551,-8824.360352,Apoints
550264.3105,7818956.141,-8803.240234,Apoints
551839.3105,7819763.25,-8821.290039,Apoints
549564.3105,7820401.43,-8926.610352,Apoints
549601.8105,7820063.57,-8916.55957,Apoints
550576.8086,7817567.16,-8828.150391,Apoints
549751.8105,7818956.141,-8858.030273,Apoints
551939.3105,7821602.711,-8868.660156,Apoints
551639.3105,7820476.508,-8841.200195,Apoints
550239.3105,7818130.258,-8858.230469,Apoints
549276.8105,7817998.871,-8871.379883,Apoints
552076.8105,7820044.801,-8776.169922,Apoints
549951.8105,7820101.109,-8855.030273,Apoints
550701.8105,7821715.328,-8930.530273,Apoints
552264.3105,7821339.93,-8859.610352,Apoints
549151.8105,7817623.469,-8825.55957,Apoints
551839.3105,7819688.168,-8821.259766,Apoints
551939.3105,7821565.168,-8873.330078,Apoints
550151.8105,7821246.078,-8933.120117,Apoints
550189.3105,7819049.988,-8812.759766,Apoints
550851.8105,7820026.027,-8810.370117,Apoints
550601.8105,7818336.73,-8817.990234,Apoints
549964.3105,7818956.141,-8844.490234,Apoints
550864.3105,7818299.188,-8821.080078,Apoints
549176.8105,7817022.828,-8836.349609,Apoints
551514.3105,7821321.16,-8902.660156,Apoints
551951.8105,7818017.637,-8785.129883,Apoints
551489.3105,7818055.18,-8788.099609,Apoints
549814.3105,7817980.098,-8867.179688,Apoints
549564.3105,7817773.629,-8847.280273,Apoints
549801.8105,7820739.289,-8924.870117,Apoints
552214.3105,7818956.141,-8813.419922,Apoints
550389.3105,7817041.598,-8822.209961,Apoints
551726.8105,7819932.18,-8821.950195,Apoints
549476.8105,7818092.719,-8874.370117,Apoints
549201.8105,7816947.75,-8843.919922,Apoints
551614.3105,7820026.027,-8815.349609,Apoints
549339.3105,7821339.93,-8955.490234,Apoints
549739.3105,7816835.129,-8837.360352,Apoints
552276.8105,7821508.859,-8855.55957,Apoints
552439.3105,7819162.609,-8817.519531,Apoints
549676.8105,7817867.48,-8863.150391,Apoints
550814.3105,7821809.18,-8927.049805,Apoints
551676.8105,7816947.75,-8790.580078,Apoints
552414.3105,7819725.711,-8806.400391,Apoints
549339.3105,7821734.102,-8972.839844,Apoints
549726.8105,7820082.34,-8896.370117,Apoints
550589.3105,7818486.891,-8821.919922,Apoints
550701.8105,7818524.43,-8833.969727,Apoints
548926.8105,7817379.461,-8860.209961,Apoints
551664.3105,7817323.148,-8786.919922,Apoints
549389.3105,7821809.18,-8976.709961,Apoints
551526.8105,7821002.07,-8887.540039,Apoints
549526.8105,7820213.73,-8919.629883,Apoints
550601.8105,7820026.027,-8780.169922,Apoints
550176.8105,7818224.109,-8860.150391,Apoints
551051.8105,7819932.18,-8822.360352,Apoints
551851.8105,7818055.18,-8778.879883,Apoints
550639.3105,7817998.871,-8823.070313,Apoints
551026.8105,7819012.449,-8811.030273,Apoints
548976.8105,7817360.688,-8852.419922,Apoints
549926.8105,7821321.16,-8947.490234,Apoints
552276.8105,7819181.379,-8818.080078,Apoints
551764.3105,7818224.109,-8782.700195,Apoints
550126.8105,7818486.891,-8849.679688,Apoints
551301.8105,7820739.289,-8875.209961,Apoints
552339.3105,7817116.68,-8720.759766,Apoints
550176.8105,7817154.219,-8818.389648,Apoints
550626.8105,7819425.391,-8779.910156,Apoints
550401.8105,7817923.789,-8839.679688,Apoints
552401.8105,7821264.848,-8858.269531,Apoints
551214.3105,7818055.18,-8795.299805,Apoints
550826.8105,7820851.91,-8879.269531,Apoints
550014.3105,7818317.957,-8860.419922,Apoints
550026.8105,7819650.629,-8827.790039,Apoints
550851.8105,7820908.219,-8885.75,Apoints
551964.3105,7819369.078,-8814.679688,Apoints
549989.3105,7817905.02,-8864.509766,Apoints
549114.3105,7818993.68,-8913.459961,Apoints
549776.8105,7818167.797,-8868.759766,Apoints
552264.3105,7818730.898,-8817.889648,Apoints
550689.3105,7821583.941,-8922.929688,Apoints
551176.8105,7819369.078,-8814.620117,Apoints
549126.8105,7819294,-8934.419922,Apoints
551351.8105,7821546.398,-8902.120117,Apoints
549251.8105,7821264.848,-8956.639648,Apoints
550751.8105,7818186.57,-8808.290039,Apoints
550651.8105,7816684.969,-8840.009766,Apoints
551901.8105,7819763.25,-8816.839844,Apoints
550226.8105,7817661.008,-8844.849609,Apoints
550114.3105,7817717.32,-8853.570313,Apoints
551676.8105,7819782.02,-8826.490234,Apoints
550801.8105,7819500.469,-8801.700195,Apoints
551739.3105,7821734.102,-8858.05957,Apoints
549339.3105,7821640.25,-8961.730469,Apoints
552451.8105,7817379.461,-8725.280273,Apoints
551376.8105,7817754.859,-8797.290039,Apoints
550276.8105,7818918.598,-8807.889648,Apoints
549651.8105,7821396.238,-8960.049805,Apoints
551726.8105,7816853.898,-8786.139648,Apoints
551626.8105,7818130.258,-8779.530273,Apoints
551739.3105,7817717.32,-8799.94043,Apoints
551789.3105,7819857.098,-8825.75,Apoints
551764.3105,7818073.949,-8774.759766,Apoints
550989.3105,7819631.859,-8810.230469,Apoints
549964.3105,7818824.75,-8836.360352,Apoints
549926.8105,7817886.25,-8865.429688,Apoints
549676.8105,7817998.871,-8867.519531,Apoints
551351.8105,7821246.078,-8892.410156,Apoints
551414.3105,7819200.148,-8817.860352,Apoints
550039.3105,7821734.102,-8959.339844,Apoints
548889.3105,7818355.5,-8921.879883,Apoints
551776.8105,7819669.398,-8824.410156,Apoints
550626.8105,7819669.398,-8804.230469,Apoints
551314.3105,7818637.047,-8797.389648,Apoints
550726.8105,7817417,-8813.150391,Apoints
552064.3105,7817210.527,-8768.570313,Apoints
552076.8105,7820082.34,-8771.530273,Apoints
549951.8105,7818224.109,-8864.330078,Apoints
550614.3105,7820532.82,-8813.799805,Apoints
550401.8105,7817980.098,-8842.389648,Apoints
551626.8105,7819688.168,-8828.230469,Apoints
551776.8105,7816778.816,-8778.780273,Apoints
550376.8105,7819275.23,-8803.290039,Apoints
551289.3105,7819425.391,-8812.629883,Apoints
549864.3105,7819106.301,-8845.169922,Apoints
549576.8105,7819143.84,-8884.280273,Apoints
549839.3105,7819369.078,-8848.580078,Apoints
550326.8105,7821339.93,-8921.209961,Apoints
552064.3105,7817642.238,-8787.120117,Apoints
552214.3105,7819331.539,-8816.009766,Apoints
552389.3105,7817567.16,-8750.950195,Apoints
551689.3105,7819181.379,-8816.910156,Apoints
552214.3105,7818092.719,-8807.410156,Apoints
550789.3105,7821039.609,-8903.860352,Apoints
551589.3105,7818881.059,-8797.299805,Apoints
552276.8105,7820720.52,-8829.980469,Apoints
552326.8105,7821640.25,-8845.089844,Apoints
551751.8105,7818805.98,-8798.55957,Apoints
550326.8105,7821715.328,-8943.230469,Apoints
550551.8105,7820551.59,-8811.679688,Apoints
550864.3105,7819444.16,-8802.379883,Apoints
550064.3105,7819932.18,-8821.25,Apoints
551201.8105,7820570.359,-8855.969727,Apoints
549001.8105,7817191.758,-8852.969727,Apoints
550414.3105,7818393.039,-8841.540039,Apoints
549726.8105,7818486.891,-8843.040039,Apoints
550289.3105,7817154.219,-8817.089844,Apoints
550639.3105,7818242.879,-8817.919922,Apoints
552414.3105,7819650.629,-8812.570313,Apoints
550901.8105,7821377.469,-8919.410156,Apoints
552051.8105,7819350.309,-8813.290039,Apoints
550789.3105,7821377.469,-8919.679688,Apoints
551051.8105,7818956.141,-8816.389648,Apoints
549651.8105,7821809.18,-8969.629883,Apoints
552301.8105,7820889.449,-8840.179688,Apoints
552389.3105,7816947.75,-8705.070313,Apoints
551351.8105,7819594.32,-8817.980469,Apoints
551039.3105,7820682.98,-8853.219727,Apoints
551139.3105,7818693.359,-8820.049805,Apoints
549551.8105,7821640.25,-8966.179688,Apoints
552064.3105,7816853.898,-8768.240234,Apoints
551589.3105,7818730.898,-8790.459961,Apoints
551676.8105,7817210.527,-8787.230469,Apoints
551351.8105,7819425.391,-8808.410156,Apoints
551576.8105,7817886.25,-8796.980469,Apoints
551639.3105,7819275.23,-8823.070313,Apoints
549514.3105,7819162.609,-8893.080078,Apoints
552264.3105,7819031.219,-8812.269531,Apoints
551814.3105,7820007.258,-8798.950195,Apoints
550264.3105,7821565.168,-8935.269531,Apoints
549189.3105,7817923.789,-8865.099609,Apoints
550464.3105,7817829.938,-8834.099609,Apoints
550076.8105,7820138.648,-8815.360352,Apoints
551426.8105,7820664.211,-8871.700195,Apoints
550114.3105,7818224.109,-8863.209961,Apoints
550339.3105,7817980.098,-8849.080078,Apoints
549814.3105,7819800.789,-8871.830078,Apoints
549751.8105,7817811.168,-8860.099609,Apoints
551976.8105,7821095.918,-8862.639648,Apoints
550789.3105,7820889.449,-8887.429688,Apoints
549051.8105,7818524.43,-8914,Apoints
550176.8105,7817398.227,-8831.969727,Apoints
550589.3105,7818805.98,-8815.070313,Apoints
549101.8105,7817473.309,-8827.900391,Apoints
551801.8105,7819031.219,-8811.160156,Apoints
552114.3105,7820307.578,-8773.030273,Apoints
550639.3105,7818956.141,-8804.950195,Apoints
552339.3105,7817811.168,-8785.120117,Apoints
549289.3105,7819162.609,-8911.30957,Apoints
551989.3105,7818411.809,-8802.469727,Apoints
551814.3105,7818956.141,-8808.110352,Apoints
551676.8105,7817717.32,-8801.230469,Apoints
551514.3105,7820776.828,-8867.610352,Apoints
551176.8105,7817454.539,-8784.25,Apoints
550901.8105,7820908.219,-8884.990234,Apoints
552039.3105,7818956.141,-8812.650391,Apoints
550364.3105,7819481.699,-8807.849609,Apoints
548889.3105,7818430.578,-8923,Apoints
550501.8105,7819350.309,-8771.150391,Apoints
549776.8105,7820044.801,-8890.30957,Apoints
551601.8105,7818393.039,-8797,Apoints
550289.3105,7817661.008,-8838.780273,Apoints
550439.3105,7819631.859,-8784.419922,Apoints
552189.3105,7817022.828,-8728.030273,Apoints
549664.3105,7818167.797,-8869.339844,Apoints
549801.8105,7816797.59,-8835.879883,Apoints
551576.8105,7821339.93,-8902.769531,Apoints
549689.3105,7819143.84,-8865.419922,Apoints
551976.8105,7817736.09,-8793.740234,Apoints
550464.3105,7817398.227,-8829.290039,Apoints
551076.8105,7820570.359,-8844.889648,Apoints
551551.8105,7819913.41,-8837.610352,Apoints
551601.8105,7820363.887,-8835.780273,Apoints
550851.8105,7821227.309,-8915.120117,Apoints
551239.3105,7821546.398,-8906.379883,Apoints
549989.3105,7817736.09,-8857.959961,Apoints
551976.8105,7821734.102,-8852.759766,Apoints
549651.8105,7819932.18,-8901.349609,Apoints
549351.8105,7819913.41,-8925.469727,Apoints
551001.8105,7819519.238,-8807.919922,Apoints
549701.8105,7818730.898,-8848.589844,Apoints
549926.8105,7821677.789,-8970.580078,Apoints
549439.3105,7821396.238,-8963.709961,Apoints
550839.3105,7819913.41,-8809.349609,Apoints
552301.8105,7816872.668,-8735.599609,Apoints
551064.3105,7821490.09,-8911.280273,Apoints
552089.3105,7819988.488,-8779.769531,Apoints
550114.3105,7817492.078,-8838.240234,Apoints
551151.8105,7819875.867,-8829.780273,Apoints
549701.8105,7818693.359,-8843.490234,Apoints
550901.8105,7821302.391,-8919.490234,Apoints
550414.3105,7818937.367,-8787.870117,Apoints
551589.3105,7818974.91,-8804.870117,Apoints
549351.8105,7817773.629,-8855.030273,Apoints
552264.3105,7821640.25,-8845.610352,Apoints
550414.3105,7818055.18,-8843.150391,Apoints
550951.8105,7821827.949,-8919.209961,Apoints
550051.8105,7820326.348,-8832.099609,Apoints
550914.3105,7819275.23,-8801.769531,Apoints
552376.8105,7819031.219,-8814.450195,Apoints
551139.3105,7819181.379,-8813.230469,Apoints
549526.8105,7819294,-8900.379883,Apoints
551839.3105,7816966.52,-8782.610352,Apoints
551751.8105,7821415.008,-8893.780273,Apoints
549489.3105,7821471.32,-8964.730469,Apoints
549014.3105,7821114.691,-8970.679688,Apoints
552214.3105,7820851.91,-8845.519531,Apoints
551826.8105,7820438.969,-8818.05957,Apoints
550201.8105,7820213.73,-8801.360352,Apoints
550026.8105,7820176.188,-8820.040039,Apoints
549139.3105,7817341.918,-8822.469727,Apoints
550864.3105,7819706.938,-8809.44043,Apoints
550014.3105,7818167.797,-8868.280273,Apoints
552064.3105,7818899.828,-8813.080078,Apoints
550639.3105,7817417,-8821.360352,Apoints
550814.3105,7819350.309,-8800.480469,Apoints
551639.3105,7817661.008,-8802.80957,Apoints
550639.3105,7817567.16,-8825.839844,Apoints
552164.3105,7819500.469,-8814.30957,Apoints
549376.8105,7821396.238,-8963.360352,Apoints
552201.8105,7821640.25,-8845.719727,Apoints
549814.3105,7818336.73,-8858.230469,Apoints
551976.8105,7819406.617,-8813.139648,Apoints
551676.8105,7819688.168,-8827.019531,Apoints
551214.3105,7819875.867,-8833.379883,Apoints
550476.8105,7821452.551,-8919.950195,Apoints
549714.3105,7818843.52,-8859.980469,Apoints
551814.3105,7819200.148,-8813.929688,Apoints
549001.8105,7819068.758,-8924.019531,Apoints
549064.3105,7819068.758,-8921.549805,Apoints
549564.3105,7821827.949,-8975.580078,Apoints
551189.3105,7818637.047,-8811.519531,Apoints
551589.3105,7819369.078,-8823.589844,Apoints
551639.3105,7819462.93,-8823.209961,Apoints
551039.3105,7819706.938,-8817.870117,Apoints
549926.8105,7817829.938,-8864.799805,Apoints
551864.3105,7817398.227,-8783.740234,Apoints
551489.3105,7818693.359,-8789.419922,Apoints
551701.8105,7820776.828,-8857.990234,Apoints
550001.8105,7817379.461,-8837,Apoints
551214.3105,7819800.789,-8832.280273,Apoints
549614.3105,7818993.68,-8861.769531,Apoints
550751.8105,7817341.918,-8808.639648,Apoints
551064.3105,7819782.02,-8822.839844,Apoints
551976.8105,7821640.25,-8862.450195,Apoints
550826.8105,7817623.469,-8813.519531,Apoints
551751.8105,7818956.141,-8806.120117,Apoints
549176.8105,7818655.82,-8907.320313,Apoints
550064.3105,7819988.488,-8828.769531,Apoints
549326.8105,7818261.648,-8877.139648,Apoints
552276.8105,7821734.102,-8840.049805,Apoints
551139.3105,7820589.129,-8853.799805,Apoints
552276.8105,7819594.32,-8820.780273,Apoints
550226.8105,7817886.25,-8857.209961,Apoints
550151.8105,7821321.16,-8938.219727,Apoints
549826.8105,7819932.18,-8878.259766,Apoints
552276.8105,7818393.039,-8817.5,Apoints
549289.3105,7819294,-8917.629883,Apoints
549226.8105,7821433.781,-8951.860352,Apoints
551814.3105,7821339.93,-8886.209961,Apoints
552189.3105,7817229.301,-8759.540039,Apoints
551014.3105,7817266.84,-8788.330078,Apoints
550789.3105,7821133.457,-8910.540039,Apoints
549214.3105,7821208.539,-8962.580078,Apoints
551864.3105,7821827.949,-8845.139648,Apoints
551526.8105,7821152.23,-8896,Apoints
551589.3105,7818561.969,-8790.69043,Apoints
549864.3105,7819275.23,-8840.459961,Apoints
552339.3105,7817736.09,-8783.459961,Apoints
550951.8105,7821546.398,-8901.730469,Apoints
552214.3105,7821095.918,-8856.040039,Apoints
551464.3105,7821809.18,-8884.879883,Apoints
552114.3105,7817285.609,-8770.740234,Apoints
549026.8105,7820795.598,-8962.05957,Apoints
549351.8105,7819237.688,-8906.94043,Apoints
551089.3105,7819200.148,-8809.990234,Apoints
551889.3105,7819425.391,-8814.849609,Apoints
550589.3105,7819725.711,-8802.589844,Apoints
552151.8105,7818655.82,-8814.509766,Apoints
552101.8105,7821039.609,-8857.080078,Apoints
549939.3105,7820251.27,-8845.959961,Apoints
549964.3105,7819425.391,-8833.490234,Apoints
549614.3105,7818149.027,-8870.419922,Apoints
552326.8105,7818712.129,-8818.910156,Apoints
548889.3105,7819218.918,-8944.070313,Apoints
551651.8105,7817285.609,-8786.629883,Apoints
549414.3105,7819237.688,-8904.099609,Apoints
552439.3105,7817473.309,-8727.410156,Apoints
550576.8086,7817492.078,-8827.660156,Apoints
549326.8105,7818186.57,-8878.650391,Apoints
552051.8105,7820607.898,-8828.490234,Apoints
549476.8105,7821246.078,-8957.950195,Apoints
549789.3105,7819519.238,-8868.070313,Apoints
549401.8105,7817998.871,-8873.94043,Apoints
550951.8105,7821152.23,-8906.089844,Apoints
552201.8105,7817191.758,-8751.5,Apoints
550614.3105,7821490.09,-8919.570313,Apoints
549664.3105,7817961.328,-8867.75,Apoints
549714.3105,7818899.828,-8861.030273,Apoints
551914.3105,7821734.102,-8854.769531,Apoints
550176.8105,7817473.309,-8835.860352,Apoints
550401.8105,7817567.16,-8831,Apoints
549389.3105,7818242.879,-8875.679688,Apoints
549564.3105,7817867.48,-8861.080078,Apoints
550676.8105,7820007.258,-8793.879883,Apoints
551814.3105,7817642.238,-8796.669922,Apoints
550364.3105,7819988.488,-8783.639648,Apoints
548951.8105,7819294,-8944.259766,Apoints
551239.3105,7819369.078,-8816.759766,Apoints
549739.3105,7819031.219,-8853.620117,Apoints
549489.3105,7817886.25,-8863,Apoints
551401.8105,7819669.398,-8820.889648,Apoints
552114.3105,7816778.816,-8767.290039,Apoints
551626.8105,7816947.75,-8792.69043,Apoints
549989.3105,7817473.309,-8841.280273,Apoints
551551.8105,7818073.949,-8785.370117,Apoints
550176.8105,7818299.188,-8856.570313,Apoints
550576.8086,7817998.871,-8828.730469,Apoints
549226.8105,7818730.898,-8898.44043,Apoints
549789.3105,7821339.93,-8950.339844,Apoints
549401.8105,7821039.609,-8958.009766,Apoints
549876.8105,7817548.387,-8849.669922,Apoints
550301.8105,7818468.117,-8844.94043,Apoints
551976.8105,7821246.078,-8870.459961,Apoints
551876.8105,7820870.68,-8854.009766,Apoints
550926.8105,7819650.629,-8807.650391,Apoints
550426.8105,7819275.23,-8788.549805,Apoints
551476.8105,7818843.52,-8797.700195,Apoints
549014.3105,7820213.73,-8948.639648,Apoints
549664.3105,7820082.34,-8907.730469,Apoints
550351.8105,7818055.18,-8848.099609,Apoints
551101.8105,7819706.938,-8822.150391,Apoints
551126.8105,7821471.32,-8909.410156,Apoints
550801.8105,7821846.719,-8927.650391,Apoints
551301.8105,7818787.207,-8813.570313,Apoints
551726.8105,7819838.328,-8828.620117,Apoints
551526.8105,7819369.078,-8820.889648,Apoints
549901.8105,7819369.078,-8839.389648,Apoints
551176.8105,7821471.32,-8906.25,Apoints
552176.8105,7817379.461,-8768.139648,Apoints
551626.8105,7819988.488,-8820.980469,Apoints
548901.8105,7817341.918,-8866.099609,Apoints
551689.3105,7819125.07,-8811.740234,Apoints
551789.3105,7819763.25,-8823.849609,Apoints
551601.8105,7821677.789,-8872.160156,Apoints
550451.8105,7817492.078,-8828.780273,Apoints
549701.8105,7821321.16,-8956.290039,Apoints
550351.8105,7817736.09,-8836.459961,Apoints
552064.3105,7817548.387,-8782.150391,Apoints
549664.3105,7817698.547,-8844.030273,Apoints
550614.3105,7819988.488,-8784.570313,Apoints
549226.8105,7816797.59,-8847.959961,Apoints
551714.3105,7821527.629,-8888.879883,Apoints
550639.3105,7817492.078,-8823.339844,Apoints
550226.8105,7817736.09,-8848.280273,Apoints
551101.8105,7819425.391,-8810.330078,Apoints
550201.8105,7819425.391,-8816.910156,Apoints
552401.8105,7820288.809,-8812.589844,Apoints
549064.3105,7817248.07,-8840.200195,Apoints
550001.8105,7819913.41,-8839.969727,Apoints
550614.3105,7818167.797,-8827.230469,Apoints
551564.3105,7820532.82,-8851.469727,Apoints
551826.8105,7818637.047,-8790.280273,Apoints
551864.3105,7819031.219,-8813.459961,Apoints
550026.8105,7819425.391,-8824.200195,Apoints
549476.8105,7821752.867,-8979.120117,Apoints
551964.3105,7817398.227,-8781.570313,Apoints
552101.8105,7821809.18,-8837.80957,Apoints
552439.3105,7816947.75,-8697.25,Apoints
552289.3105,7820532.82,-8811.700195,Apoints
549889.3105,7820007.258,-8873.94043,Apoints
550439.3105,7821659.02,-8942.089844,Apoints
551076.8105,7818055.18,-8802.040039,Apoints
549151.8105,7821846.719,-8963.450195,Apoints
549389.3105,7821640.25,-8964.219727,Apoints
551989.3105,7818167.797,-8790.139648,Apoints
550126.8105,7818299.188,-8858.75,Apoints
550476.8105,7818862.289,-8800.740234,Apoints
551389.3105,7819800.789,-8831.530273,Apoints
552414.3105,7821227.309,-8856.839844,Apoints
551501.8105,7819294,-8819.969727,Apoints
549651.8105,7821640.25,-8961.429688,Apoints
549689.3105,7816760.051,-8832.969727,Apoints
550676.8105,7820101.109,-8780.900391,Apoints
550101.8105,7819838.328,-8816.509766,Apoints
550976.8105,7816647.43,-8810.299805,Apoints
551764.3105,7818505.66,-8786.280273,Apoints
548951.8105,7816666.199,-8875.320313,Apoints
550389.3105,7819763.25,-8784.280273,Apoints
551514.3105,7820739.289,-8865.69043,Apoints
552289.3105,7819894.641,-8788.070313,Apoints
549551.8105,7818149.027,-8873.629883,Apoints
551814.3105,7818730.898,-8790.339844,Apoints
550389.3105,7820176.188,-8787.070313,Apoints
550451.8105,7820101.109,-8773.799805,Apoints
552189.3105,7817923.789,-8794.179688,Apoints
551039.3105,7818130.258,-8804.099609,Apoints
552314.3105,7816835.129,-8740.259766,Apoints
549439.3105,7817886.25,-8862.94043,Apoints
550039.3105,7821809.18,-8956.870117,Apoints
549926.8105,7821809.18,-8967.519531,Apoints
551139.3105,7821752.867,-8903.480469,Apoints
550326.8105,7821396.238,-8925.280273,Apoints
551814.3105,7817398.227,-8785.75,Apoints
552451.8105,7818017.637,-8795.80957,Apoints
551814.3105,7821508.859,-8884.05957,Apoints
549114.3105,7818655.82,-8914.709961,Apoints
552439.3105,7819031.219,-8812.230469,Apoints
550639.3105,7817923.789,-8824.80957,Apoints
552214.3105,7818655.82,-8818.849609,Apoints
551026.8105,7818449.348,-8812.360352,Apoints
549664.3105,7817905.02,-8865.099609,Apoints
552401.8105,7817379.461,-8735.55957,Apoints
550151.8105,7819556.777,-8823.30957,Apoints
551464.3105,7817905.02,-8796.740234,Apoints
550189.3105,7819988.488,-8805.94043,Apoints
549926.8105,7821508.859,-8966.839844,Apoints
550864.3105,7819838.328,-8811.94043,Apoints
551714.3105,7821490.09,-8893.209961,Apoints
551989.3105,7816778.816,-8774.280273,Apoints
549564.3105,7818393.039,-8858.05957,Apoints
550514.3105,7819538.008,-8785.330078,Apoints
552439.3105,7821565.168,-8850.490234,Apoints
552389.3105,7817022.828,-8692.549805,Apoints
552376.8105,7821565.168,-8850.120117,Apoints
551014.3105,7821058.379,-8902.580078,Apoints
552051.8105,7820288.809,-8776.80957,Apoints
552164.3105,7820945.758,-8853.889648,Apoints
551989.3105,7821490.09,-8876.839844,Apoints
548889.3105,7819294,-8947.019531,Apoints
550951.8105,7821415.008,-8917.740234,Apoints
549139.3105,7821809.18,-8962.69043,Apoints
549051.8105,7818411.809,-8912.469727,Apoints
549339.3105,7818899.828,-8885.030273,Apoints
551776.8105,7819631.859,-8825.19043,Apoints
552201.8105,7818712.129,-8815.75,Apoints
552164.3105,7816684.969,-8760.540039,Apoints
550751.8105,7818862.289,-8812.240234,Apoints
550139.3105,7820138.648,-8803.549805,Apoints
552001.8105,7816684.969,-8770.530273,Apoints
550939.3105,7820589.129,-8823.330078,Apoints
549714.3105,7817698.547,-8848.269531,Apoints
551526.8105,7821077.148,-8892.290039,Apoints
551526.8105,7819594.32,-8823.360352,Apoints
549876.8105,7821565.168,-8966.44043,Apoints
551051.8105,7817473.309,-8780.570313,Apoints
550814.3105,7818130.258,-8804.230469,Apoints
549264.3105,7821846.719,-8973.269531,Apoints
549676.8105,7816853.898,-8837.30957,Apoints
552314.3105,7819012.449,-8813.269531,Apoints
551789.3105,7819444.16,-8820.610352,Apoints
550139.3105,7817529.617,-8841.910156,Apoints
550351.8105,7817510.848,-8827.209961,Apoints
550076.8105,7820082.34,-8826.179688,Apoints
550876.8105,7817022.828,-8810.349609,Apoints
551939.3105,7817304.379,-8776.969727,Apoints
551701.8105,7818899.828,-8800.049805,Apoints
552126.8105,7817642.238,-8786.919922,Apoints
550301.8105,7818130.258,-8853.900391,Apoints
551139.3105,7818524.43,-8806.839844,Apoints
552389.3105,7817473.309,-8737.580078,Apoints
550476.8105,7821415.008,-8914.339844,Apoints
551814.3105,7820870.68,-8858.129883,Apoints
548889.3105,7818843.52,-8934.549805,Apoints
552076.8105,7817923.789,-8788.980469,Apoints
549451.8105,7818242.879,-8873.639648,Apoints
551789.3105,7817905.02,-8794.759766,Apoints
551464.3105,7821227.309,-8899.389648,Apoints
551789.3105,7816853.898,-8783.69043,Apoints
551626.8105,7821508.859,-8893.839844,Apoints
550139.3105,7819049.988,-8823.339844,Apoints
550414.3105,7818805.98,-8808.169922,Apoints
552026.8105,7817736.09,-8792.429688,Apoints
549264.3105,7818036.41,-8873.099609,Apoints
549226.8105,7818355.5,-8895.629883,Apoints
549614.3105,7819181.379,-8883.530273,Apoints
550551.8105,7821715.328,-8940.200195,Apoints
552126.8105,7821415.008,-8864.44043,Apoints
550926.8105,7818524.43,-8826.379883,Apoints
550489.3105,7817661.008,-8830.240234,Apoints
551076.8105,7817679.777,-8790.780273,Apoints
550039.3105,7817829.938,-8862.459961,Apoints
550551.8105,7818543.199,-8822.410156,Apoints
550276.8105,7819575.551,-8818.269531,Apoints
552014.3105,7817379.461,-8778.959961,Apoints
550726.8105,7821208.539,-8919.790039,Apoints
549126.8105,7821264.848,-8967.910156,Apoints
552126.8105,7821152.23,-8858.5,Apoints
550364.3105,7819181.379,-8800.679688,Apoints
550014.3105,7818374.27,-8857.040039,Apoints
550551.8105,7818618.281,-8820.400391,Apoints
549751.8105,7819782.02,-8884.990234,Apoints
551314.3105,7818374.27,-8791.509766,Apoints
549401.8105,7819049.988,-8897.650391,Apoints
548989.3105,7820983.297,-8966.339844,Apoints
551089.3105,7816647.43,-8797.509766,Apoints
550701.8105,7821546.398,-8919.709961,Apoints
552226.8105,7817567.16,-8772.669922,Apoints
552014.3105,7817473.309,-8782.709961,Apoints
550551.8105,7818599.508,-8820.94043,Apoints
552014.3105,7819819.559,-8801.490234,Apoints
550814.3105,7818974.91,-8805.379883,Apoints
549801.8105,7818862.289,-8854.089844,Apoints
550964.3105,7820720.52,-8853.129883,Apoints
549464.3105,7819049.988,-8891.469727,Apoints
550364.3105,7821095.918,-8901.370117,Apoints
551876.8105,7818224.109,-8784.509766,Apoints
550101.8105,7821583.941,-8950.330078,Apoints
552051.8105,7818393.039,-8806.589844,Apoints
551414.3105,7819125.07,-8814.570313,Apoints
550714.3105,7817454.539,-8816.009766,Apoints
551151.8105,7818149.027,-8796.990234,Apoints
551064.3105,7817717.32,-8793.110352,Apoints
549814.3105,7821396.238,-8956.389648,Apoints
550926.8105,7818355.5,-8824.339844,Apoints
551651.8105,7820758.059,-8857.860352,Apoints
549001.8105,7816760.051,-8878.240234,Apoints
551176.8105,7821546.398,-8903.450195,Apoints
552439.3105,7817135.449,-8702.839844,Apoints
550351.8105,7817679.777,-8835.400391,Apoints
551939.3105,7818393.039,-8797.929688,Apoints
549726.8105,7819369.078,-8869.790039,Apoints
548939.3105,7818242.879,-8916.660156,Apoints
551751.8105,7821246.078,-8888.509766,Apoints
551751.8105,7819444.16,-8821.80957,Apoints
550276.8105,7821133.457,-8909.75,Apoints
551389.3105,7818805.98,-8803.230469,Apoints
549951.8105,7820026.027,-8861.419922,Apoints
551489.3105,7818317.957,-8793.200195,Apoints
551839.3105,7818862.289,-8803.75,Apoints
550051.8105,7817661.008,-8855.030273,Apoints
551251.8105,7821002.07,-8887.870117,Apoints
550926.8105,7818618.281,-8821.080078,Apoints
549251.8105,7820570.359,-8960.849609,Apoints
551014.3105,7821715.328,-8909.070313,Apoints
549864.3105,7821339.93,-8950.219727,Apoints
551826.8105,7820701.75,-8844.700195,Apoints
551464.3105,7821546.398,-8889.129883,Apoints
551639.3105,7818862.289,-8795.570313,Apoints
549951.8105,7818543.199,-8837.19043,Apoints
550864.3105,7819181.379,-8780.110352,Apoints
551651.8105,7821827.949,-8858.040039,Apoints
550551.8105,7818655.82,-8818.620117,Apoints
551701.8105,7820382.66,-8824.009766,Apoints
551064.3105,7819800.789,-8823.129883,Apoints
552126.8105,7821490.09,-8861.860352,Apoints
549876.8105,7821752.867,-8969.759766,Apoints
550126.8105,7819932.18,-8809.900391,Apoints
549114.3105,7817623.469,-8828.830078,Apoints
550776.8105,7821659.02,-8919.639648,Apoints
549151.8105,7816778.816,-8855.919922,Apoints
549151.8105,7819200.148,-8929.080078,Apoints
550601.8105,7821827.949,-8938.969727,Apoints
552214.3105,7819575.551,-8818.799805,Apoints
551239.3105,7821058.379,-8891.169922,Apoints
550314.3105,7819369.078,-8817.070313,Apoints
549539.3105,7820082.34,-8922.639648,Apoints
552039.3105,7818655.82,-8808.150391,Apoints
552164.3105,7821827.949,-8834.679688,Apoints
550564.3105,7821246.078,-8910.790039,Apoints
549964.3105,7820157.418,-8839.799805,Apoints
549789.3105,7821715.328,-8964.339844,Apoints
551826.8105,7818336.73,-8787.370117,Apoints
551889.3105,7819669.398,-8819.009766,Apoints
549114.3105,7818355.5,-8905.929688,Apoints
552314.3105,7817266.84,-8749.330078,Apoints
550014.3105,7818543.199,-8839.25,Apoints
550914.3105,7818805.98,-8813.019531,Apoints
551376.8105,7818205.34,-8789.879883,Apoints
550026.8105,7818974.91,-8838.509766,Apoints
551976.8105,7821396.238,-8876.019531,Apoints
550064.3105,7818655.82,-8829.049805,Apoints
551164.3105,7817923.789,-8792.05957,Apoints
551851.8105,7817022.828,-8776.679688,Apoints
551189.3105,7819294,-8818.950195,Apoints
549726.8105,7818336.73,-8859.19043,Apoints
551151.8105,7818205.34,-8797.879883,Apoints
549601.8105,7818543.199,-8855.69043,Apoints
551701.8105,7821358.699,-8896.990234,Apoints
551239.3105,7817661.008,-8790.219727,Apoints
550701.8105,7818974.91,-8805.269531,Apoints
551139.3105,7819012.449,-8818.019531,Apoints
549439.3105,7821809.18,-8979.070313,Apoints
549839.3105,7819425.391,-8853.25,Apoints
550114.3105,7817998.871,-8860.290039,Apoints
550701.8105,7819143.84,-8772.049805,Apoints
548939.3105,7817004.059,-8857.620117,Apoints
550176.8105,7818374.27,-8854.209961,Apoints
551151.8105,7817754.859,-8791.799805,Apoints
549889.3105,7819950.949,-8869.259766,Apoints
549939.3105,7817492.078,-8845.139648,Apoints
552389.3105,7818411.809,-8821,Apoints
549114.3105,7821302.391,-8967.19043,Apoints
550776.8105,7821471.32,-8914.049805,Apoints
551264.3105,7820570.359,-8860.799805,Apoints
550239.3105,7818637.047,-8838.700195,Apoints
551726.8105,7820101.109,-8790.55957,Apoints
549539.3105,7821246.078,-8959.610352,Apoints
552214.3105,7819763.25,-8803.419922,Apoints
549014.3105,7818449.348,-8915.799805,Apoints
551889.3105,7819331.539,-8813.660156,Apoints
551126.8105,7821171,-8901.769531,Apoints
549201.8105,7821715.328,-8958.25,Apoints
552389.3105,7819275.23,-8818.450195,Apoints
551464.3105,7819181.379,-8818.530273,Apoints
550901.8105,7817191.758,-8803.599609,Apoints
549876.8105,7821396.238,-8958.69043,Apoints
552326.8105,7821339.93,-8856.80957,Apoints
550564.3105,7819369.078,-8772.80957,Apoints
550939.3105,7821490.09,-8910.320313,Apoints
551264.3105,7818205.34,-8795.860352,Apoints
549526.8105,7820157.418,-8922.719727,Apoints
549564.3105,7818224.109,-8872.259766,Apoints
552226.8105,7819650.629,-8816.910156,Apoints
550564.3105,7819838.328,-8794.700195,Apoints
551876.8105,7820926.988,-8857.290039,Apoints
551289.3105,7819519.238,-8817.269531,Apoints
551289.3105,7819725.711,-8831.379883,Apoints
552276.8105,7817210.527,-8747.759766,Apoints
550264.3105,7819425.391,-8819.69043,Apoints
551089.3105,7818449.348,-8803.509766,Apoints
551851.8105,7819594.32,-8822.349609,Apoints
551164.3105,7819519.238,-8815.299805,Apoints
552376.8105,7819331.539,-8820.830078,Apoints
552089.3105,7821358.699,-8866.94043,Apoints
551014.3105,7821227.309,-8907.330078,Apoints
549114.3105,7818186.57,-8901.419922,Apoints
550401.8105,7821189.77,-8905.740234,Apoints
550964.3105,7821002.07,-8896.990234,Apoints
551526.8105,7818956.141,-8803.419922,Apoints
552114.3105,7816966.52,-8748.580078,Apoints
550726.8105,7821377.469,-8919.25,Apoints
550264.3105,7821508.859,-8936.139648,Apoints
552214.3105,7819481.699,-8817.959961,Apoints
549901.8105,7818655.82,-8823.080078,Apoints
550676.8105,7821659.02,-8928.849609,Apoints
551739.3105,7819350.309,-8820.129883,Apoints
549114.3105,7820044.801,-8937.25,Apoints
551801.8105,7817548.387,-8792.540039,Apoints
550289.3105,7818205.34,-8854.709961,Apoints
550551.8105,7818637.047,-8819.620117,Apoints
550814.3105,7818186.57,-8809.790039,Apoints
549701.8105,7819312.77,-8872.94043,Apoints
550476.8105,7820551.59,-8807.019531,Apoints
549476.8105,7820101.109,-8928.620117,Apoints
549901.8105,7818299.188,-8858.200195,Apoints
551926.8105,7818899.828,-8811.19043,Apoints
551651.8105,7818468.117,-8793.540039,Apoints
551089.3105,7818299.188,-8804.490234,Apoints
550351.8105,7818317.957,-8850.370117,Apoints
551964.3105,7819538.008,-8808.120117,Apoints
550039.3105,7819706.938,-8827.370117,Apoints
551176.8105,7821058.379,-8891.549805,Apoints
550701.8105,7818805.98,-8819.019531,Apoints
552126.8105,7821433.781,-8863.950195,Apoints
551039.3105,7818186.57,-8804.19043,Apoints
551651.8105,7820664.211,-8852.030273,Apoints
552126.8105,7821189.77,-8858.610352,Apoints
551526.8105,7819012.449,-8806.790039,Apoints
551764.3105,7820758.059,-8853.44043,Apoints
549264.3105,7818073.949,-8874.75,Apoints
551314.3105,7818317.957,-8792.410156,Apoints
550301.8105,7819012.449,-8794.709961,Apoints
551826.8105,7821677.789,-8861.030273,Apoints
549101.8105,7817529.617,-8829.459961,Apoints
549614.3105,7818712.129,-8853.490234,Apoints
552101.8105,7817022.828,-8741.55957,Apoints
552226.8105,7817661.008,-8782.049805,Apoints
549701.8105,7821659.02,-8959.320313,Apoints
549414.3105,7820701.75,-8957.75,Apoints
551301.8105,7820814.371,-8879.219727,Apoints
549789.3105,7818655.82,-8829.870117,Apoints
551376.8105,7819894.641,-8834.870117,Apoints
549426.8105,7821321.16,-8956.889648,Apoints
549839.3105,7818543.199,-8832.30957,Apoints
550714.3105,7818693.359,-8831.839844,Apoints
549001.8105,7820307.578,-8947.530273,Apoints
551701.8105,7820476.508,-8833.410156,Apoints
549001.8105,7818355.5,-8916.830078,Apoints
551864.3105,7821433.781,-8882.30957,Apoints
549926.8105,7819294,-8832.990234,Apoints
552151.8105,7818092.719,-8803.05957,Apoints
551489.3105,7818449.348,-8796.419922,Apoints
551414.3105,7818712.129,-8791.679688,Apoints
550551.8105,7818561.969,-8822.110352,Apoints
552339.3105,7819425.391,-8821.070313,Apoints
552126.8105,7821171,-8858.620117,Apoints
551401.8105,7821377.469,-8892.459961,Apoints
549814.3105,7821246.078,-8947.480469,Apoints
549039.3105,7818993.68,-8918.730469,Apoints
551226.8105,7819556.777,-8819.240234,Apoints
549726.8105,7820213.73,-8889.919922,Apoints
549939.3105,7821583.941,-8970.040039,Apoints
551064.3105,7821827.949,-8914.769531,Apoints
550364.3105,7818693.359,-8825.19043,Apoints
549876.8105,7817998.871,-8866.419922,Apoints
550176.8105,7818618.281,-8839.959961,Apoints
551926.8105,7821490.09,-8879.55957,Apoints
549164.3105,7818242.879,-8899.179688,Apoints
551414.3105,7817980.098,-8791.790039,Apoints
551876.8105,7819819.559,-8818.599609,Apoints
551064.3105,7821546.398,-8907.879883,Apoints
551401.8105,7821659.02,-8894.120117,Apoints
550964.3105,7819012.449,-8805.990234,Apoints
550914.3105,7820833.141,-8874.509766,Apoints
550251.8105,7817792.398,-8850.240234,Apoints
552051.8105,7820758.059,-8842.870117,Apoints
551626.8105,7818674.59,-8792.719727,Apoints
549364.3105,7819444.16,-8913.740234,Apoints
550751.8105,7819706.938,-8810.990234,Apoints
550926.8105,7818299.188,-8819.660156,Apoints
550814.3105,7817360.688,-8801.05957,Apoints
548914.3105,7819162.609,-8937.820313,Apoints
549139.3105,7820514.051,-8965.790039,Apoints
551964.3105,7819932.18,-8797.330078,Apoints
551639.3105,7820851.91,-8868.219727,Apoints
550039.3105,7821640.25,-8964.080078,Apoints
550551.8105,7818524.43,-8822.650391,Apoints
549264.3105,7820532.82,-8959.69043,Apoints
549201.8105,7821734.102,-8959.910156,Apoints
549226.8105,7818974.91,-8902.330078,Apoints
552126.8105,7821508.859,-8860.700195,Apoints
550926.8105,7818017.637,-8802.429688,Apoints
551651.8105,7821809.18,-8859.110352,Apoints
550214.3105,7821227.309,-8923.80957,Apoints
549351.8105,7819162.609,-8903.820313,Apoints
551251.8105,7819181.379,-8819.040039,Apoints
552089.3105,7817060.367,-8741.480469,Apoints
551801.8105,7819106.301,-8812.379883,Apoints
551076.8105,7819294,-8816.629883,Apoints
551639.3105,7820908.219,-8875.160156,Apoints
550726.8105,7818730.898,-8828.490234,Apoints
549414.3105,7819481.699,-8910.589844,Apoints
552126.8105,7821471.32,-8862.780273,Apoints
551701.8105,7817661.008,-8801.339844,Apoints
550814.3105,7818524.43,-8836.259766,Apoints
551139.3105,7820720.52,-8870.549805,Apoints
549176.8105,7819125.07,-8919.889648,Apoints
552439.3105,7817717.32,-8769.360352,Apoints
551426.8105,7818073.949,-8789.009766,Apoints
549939.3105,7819932.18,-8856.410156,Apoints
551476.8105,7819125.07,-8814.900391,Apoints
550239.3105,7818317.957,-8853.19043,Apoints
551351.8105,7821490.09,-8900.700195,Apoints
549989.3105,7821715.328,-8966.30957,Apoints
551264.3105,7818486.891,-8792,Apoints
551651.8105,7821790.41,-8860.280273,Apoints
550401.8105,7818205.34,-8848.490234,Apoints
551189.3105,7820814.371,-8877.719727,Apoints
549876.8105,7817717.32,-8855.44043,Apoints
551176.8105,7821827.949,-8907.240234,Apoints
552126.8105,7821452.551,-8863.400391,Apoints
550851.8105,7818787.207,-8815.709961,Apoints
551189.3105,7818843.52,-8818.719727,Apoints
551376.8105,7818486.891,-8788.089844,Apoints
550676.8105,7821490.09,-8916.139648,Apoints
550864.3105,7819556.777,-8803.410156,Apoints
550639.3105,7818693.359,-8827.900391,Apoints
550151.8105,7821396.238,-8939.05957,Apoints
549114.3105,7821039.609,-8961.830078,Apoints
551639.3105,7817473.309,-8794.839844,Apoints
551889.3105,7816872.668,-8776.700195,Apoints
549464.3105,7818055.18,-8873.900391,Apoints
548939.3105,7818730.898,-8928.790039,Apoints
548939.3105,7818073.949,-8900.780273,Apoints
552164.3105,7818393.039,-8813.040039,Apoints
549651.8105,7817248.07,-8809.19043,Apoints
549251.8105,7819819.559,-8932.860352,Apoints
552126.8105,7821527.629,-8859.379883,Apoints
551426.8105,7818374.27,-8792.799805,Apoints
551989.3105,7818261.648,-8797.929688,Apoints
550126.8105,7819669.398,-8828.290039,Apoints
549289.3105,7818637.047,-8890.089844,Apoints
550901.8105,7821715.328,-8917.839844,Apoints
552101.8105,7820851.91,-8847.820313,Apoints
549676.8105,7818224.109,-8870.05957,Apoints
550851.8105,7818693.359,-8824.790039,Apoints
552089.3105,7818712.129,-8809.990234,Apoints
549001.8105,7820945.758,-8965.160156,Apoints
548939.3105,7819988.488,-8942.349609,Apoints
551276.8105,7819875.867,-8835.639648,Apoints
552414.3105,7818505.66,-8821.370117,Apoints
549351.8105,7820044.801,-8931.269531,Apoints
552064.3105,7820457.738,-8802.490234,Apoints
551926.8105,7818730.898,-8802.929688,Apoints
549701.8105,7821734.102,-8964.849609,Apoints
549176.8105,7820138.648,-8934.839844,Apoints
550289.3105,7817510.848,-8827.400391,Apoints
549739.3105,7819650.629,-8882.919922,Apoints
551239.3105,7821715.328,-8901.040039,Apoints
549701.8105,7821565.168,-8956.259766,Apoints
549039.3105,7820063.57,-8939.679688,Apoints
549814.3105,7817548.387,-8847.799805,Apoints
550439.3105,7821358.699,-8914.780273,Apoints
550751.8105,7818130.258,-8805.219727,Apoints
550964.3105,7818712.129,-8817.009766,Apoints
551651.8105,7818336.73,-8792.580078,Apoints
551726.8105,7820626.668,-8840.820313,Apoints
552389.3105,7817191.758,-8723.629883,Apoints
551539.3105,7820607.898,-8856.830078,Apoints
551001.8105,7817529.617,-8787.089844,Apoints
552176.8105,7820551.59,-8808.759766,Apoints
549339.3105,7818468.117,-8886.490234,Apoints
549951.8105,7818712.129,-8822.379883,Apoints
550076.8105,7819369.078,-8818.700195,Apoints
550039.3105,7821508.859,-8961.320313,Apoints
552126.8105,7821396.238,-8864.780273,Apoints
551651.8105,7817379.461,-8788.730469,Apoints
549614.3105,7818336.73,-8862.519531,Apoints
551239.3105,7821227.309,-8900.379883,Apoints
549301.8105,7820870.68,-8968.019531,Apoints
551864.3105,7817492.078,-8787,Apoints
551651.8105,7818073.949,-8781.769531,Apoints
550701.8105,7818355.5,-8815.75,Apoints
550214.3105,7821396.238,-8935,Apoints
550376.8105,7821827.949,-8943.80957,Apoints
551364.3105,7819012.449,-8814.139648,Apoints
550351.8105,7818524.43,-8839.75,Apoints
550976.8105,7818130.258,-8805.269531,Apoints
551714.3105,7818167.797,-8780.269531,Apoints
549339.3105,7821246.078,-8956.480469,Apoints
551001.8105,7817229.301,-8791.769531,Apoints
552151.8105,7818824.75,-8812.580078,Apoints
551026.8105,7818768.438,-8819.69043,Apoints
550701.8105,7819200.148,-8765.839844,Apoints
551976.8105,7820401.43,-8794.950195,Apoints
550864.3105,7818355.5,-8826.719727,Apoints
549626.8105,7819031.219,-8865.610352,Apoints
551139.3105,7818956.141,-8819.139648,Apoints
551014.3105,7821659.02,-8901.009766,Apoints
551964.3105,7818468.117,-8803.240234,Apoints
550089.3105,7819031.219,-8832.19043,Apoints
551564.3105,7819744.48,-8832.110352,Apoints
552089.3105,7821677.789,-8848.290039,Apoints
549926.8105,7821264.848,-8941.099609,Apoints
551789.3105,7819350.309,-8817.05957,Apoints
552214.3105,7820044.801,-8793.299805,Apoints
550701.8105,7816684.969,-8838.160156,Apoints
551589.3105,7821020.84,-8887.25,Apoints
549839.3105,7818242.879,-8861.610352,Apoints
550251.8105,7821677.789,-8937.860352,Apoints
552164.3105,7820795.598,-8844.410156,Apoints
549551.8105,7820007.258,-8917.620117,Apoints
551039.3105,7819406.617,-8809.290039,Apoints
550726.8105,7821152.23,-8913.80957,Apoints
550864.3105,7818862.289,-8811.259766,Apoints
550076.8105,7818862.289,-8825.379883,Apoints
550751.8105,7816666.199,-8834.089844,Apoints
549514.3105,7818317.957,-8866.610352,Apoints
550814.3105,7818468.117,-8835.780273,Apoints
549076.8105,7821039.609,-8963.980469,Apoints
549051.8105,7818881.059,-8917.040039,Apoints
549826.8105,7817492.078,-8845.780273,Apoints
549239.3105,7817417,-8793.089844,Apoints
552051.8105,7820232.5,-8770.320313,Apoints
550639.3105,7818374.27,-8816.25,Apoints
549276.8105,7818881.059,-8887.240234,Apoints
552326.8105,7817191.758,-8737.55957,Apoints
549039.3105,7818186.57,-8905.530273,Apoints
549651.8105,7821208.539,-8960.879883,Apoints
552076.8105,7817360.688,-8775.379883,Apoints
548914.3105,7820701.75,-8963.120117,Apoints
550376.8105,7821508.859,-8936.089844,Apoints
552114.3105,7819650.629,-8810.080078,Apoints
551451.8105,7821715.328,-8890.429688,Apoints
549439.3105,7821546.398,-8964.580078,Apoints
551714.3105,7818336.73,-8787.099609,Apoints
549814.3105,7820345.121,-8885.969727,Apoints
551289.3105,7821339.93,-8902.209961,Apoints
549976.8105,7819181.379,-8837.799805,Apoints
551251.8105,7819012.449,-8818.009766,Apoints
552326.8105,7817022.828,-8705.469727,Apoints
551289.3105,7821659.02,-8901.490234,Apoints
551126.8105,7821377.469,-8908.509766,Apoints
549051.8105,7818242.879,-8908.280273,Apoints
551014.3105,7819575.551,-8809.879883,Apoints
551076.8105,7819125.07,-8807.049805,Apoints
550701.8105,7818299.188,-8808.900391,Apoints
550851.8105,7816891.438,-8820.75,Apoints
550676.8105,7821321.16,-8924.259766,Apoints
551876.8105,7820589.129,-8831.969727,Apoints
550201.8105,7820607.898,-8853.959961,Apoints
549614.3105,7818655.82,-8850.580078,Apoints
549926.8105,7816853.898,-8837.889648,Apoints
551289.3105,7821171,-8895.44043,Apoints
552389.3105,7820382.66,-8812.669922,Apoints
550064.3105,7818242.879,-8864.990234,Apoints
550126.8105,7821677.789,-8947.969727,Apoints
551064.3105,7821171,-8905.639648,Apoints
551289.3105,7821827.949,-8897.599609,Apoints
549489.3105,7821659.02,-8967.080078,Apoints
551951.8105,7818824.75,-8809.610352,Apoints
552101.8105,7818186.57,-8805.169922,Apoints
551601.8105,7818224.109,-8787.280273,Apoints
552439.3105,7817811.168,-8775.269531,Apoints
551126.8105,7821659.02,-8903.139648,Apoints
551476.8105,7818768.438,-8793.280273,Apoints
551264.3105,7819294,-8820.259766,Apoints
551651.8105,7821846.719,-8856.660156,Apoints
549976.8105,7819500.469,-8835.179688,Apoints
551514.3105,7821659.02,-8881.370117,Apoints
549626.8105,7816760.051,-8833.320313,Apoints
551326.8105,7819650.629,-8824.269531,Apoints
549089.3105,7817004.059,-8848.009766,Apoints
548889.3105,7818561.969,-8924.219727,Apoints
549251.8105,7820626.668,-8960.099609,Apoints
551539.3105,7818637.047,-8790.540039,Apoints
550751.8105,7819782.02,-8811.490234,Apoints
552201.8105,7817754.859,-8785.290039,Apoints
549076.8105,7819988.488,-8939.19043,Apoints
550839.3105,7821152.23,-8908.519531,Apoints
549139.3105,7820232.5,-8939.669922,Apoints
550751.8105,7818637.047,-8835.599609,Apoints
551414.3105,7820983.297,-8888.509766,Apoints
550789.3105,7816985.289,-8818.110352,Apoints
550751.8105,7818468.117,-8834.080078,Apoints
550489.3105,7818205.34,-8839.080078,Apoints
550864.3105,7818017.637,-8804.009766,Apoints
550551.8105,7818580.738,-8821.570313,Apoints
550501.8105,7819669.398,-8791.740234,Apoints
549089.3105,7816872.668,-8863.080078,Apoints
552126.8105,7821208.539,-8858.620117,Apoints
551639.3105,7820326.348,-8826.480469,Apoints
549239.3105,7819237.688,-8920.080078,Apoints
549601.8105,7818055.18,-8869.669922,Apoints
550139.3105,7818974.91,-8818.540039,Apoints
551426.8105,7818317.957,-8792.299805,Apoints
551064.3105,7821339.93,-8908.969727,Apoints
550251.8105,7818843.52,-8813.990234,Apoints
549976.8105,7819706.938,-8837.330078,Apoints
551189.3105,7819125.07,-8816.709961,Apoints
551676.8105,7817135.449,-8789.330078,Apoints
549389.3105,7818824.75,-8875.480469,Apoints
549776.8105,7819444.16,-8865.69043,Apoints
550401.8105,7817398.227,-8826.150391,Apoints
549626.8105,7818899.828,-8859.620117,Apoints
551039.3105,7818355.5,-8811.889648,Apoints
549251.8105,7818524.43,-8896.080078,Apoints
550801.8105,7817041.598,-8811.730469,Apoints
551626.8105,7817811.168,-8800.110352,Apoints
551201.8105,7818317.957,-8796.139648,Apoints
549251.8105,7821696.559,-8961.230469,Apoints
550201.8105,7819143.84,-8822.259766,Apoints
549201.8105,7820213.73,-8934.730469,Apoints
549764.3105,7821508.859,-8958.379883,Apoints
550689.3105,7819369.078,-8785.780273,Apoints
549701.8105,7821827.949,-8967.139648,Apoints
551989.3105,7820926.988,-8857.219727,Apoints
550826.8105,7821471.32,-8912.160156,Apoints
550626.8105,7818055.18,-8823.209961,Apoints
551301.8105,7819125.07,-8818.790039,Apoints
550751.8105,7819406.617,-8798.150391,Apoints
551076.8105,7820833.141,-8874.389648,Apoints
552414.3105,7820119.879,-8809.129883,Apoints
551501.8105,7819838.328,-8836.339844,Apoints
551864.3105,7818787.207,-8799.900391,Apoints
549889.3105,7817379.461,-8839.980469,Apoints
552326.8105,7820607.898,-8823.660156,Apoints
550751.8105,7820495.281,-8803.450195,Apoints
550064.3105,7818486.891,-8849.209961,Apoints
549976.8105,7816684.969,-8828.540039,Apoints
549201.8105,7821771.641,-8963.469727,Apoints
551539.3105,7818205.34,-8786.44043,Apoints
552326.8105,7820795.598,-8836.150391,Apoints
550001.8105,7817548.387,-8845.790039,Apoints
549201.8105,7821752.867,-8961.80957,Apoints
551851.8105,7821077.148,-8865.580078,Apoints
552414.3105,7820758.059,-8836.44043,Apoints
551964.3105,7820363.887,-8788.120117,Apoints
551489.3105,7818524.43,-8793.700195,Apoints
550751.8105,7818787.207,-8821.570313,Apoints
551126.8105,7821246.078,-8904.469727,Apoints
550089.3105,7821321.16,-8941.330078,Apoints
548939.3105,7818674.59,-8927.740234,Apoints
551964.3105,7820345.121,-8785.549805,Apoints
549601.8105,7821377.469,-8959.44043,Apoints
549139.3105,7818843.52,-8906.009766,Apoints
552439.3105,7817304.379,-8721.580078,Apoints
551676.8105,7821752.867,-8861.700195,Apoints
549801.8105,7820270.039,-8872.790039,Apoints
551951.8105,7818505.66,-8802.990234,Apoints
552039.3105,7821246.078,-8865.290039,Apoints
551214.3105,7818149.027,-8797.44043,Apoints
552214.3105,7818505.66,-8818.679688,Apoints
550476.8105,7819106.301,-8767.709961,Apoints
552439.3105,7819988.488,-8808.620117,Apoints
550489.3105,7821490.09,-8927.870117,Apoints
551376.8105,7818637.047,-8789.929688,Apoints
552414.3105,7819875.867,-8805.320313,Apoints
552051.8105,7818336.73,-8804.44043,Apoints
550926.8105,7819444.16,-8803.200195,Apoints
552439.3105,7821640.25,-8844.709961,Apoints
552314.3105,7821583.941,-8849.919922,Apoints
552176.8105,7817285.609,-8766.519531,Apoints
552326.8105,7818956.141,-8815.759766,Apoints
552389.3105,7819106.301,-8816.370117,Apoints
548889.3105,7820551.59,-8955.120117,Apoints
550751.8105,7817792.398,-8820.429688,Apoints
548914.3105,7817736.09,-8876.5,Apoints
550726.8105,7817754.859,-8821.55957,Apoints
549689.3105,7819688.168,-8890.910156,Apoints
551951.8105,7819049.988,-8815.519531,Apoints
552164.3105,7821039.609,-8856.280273,Apoints
551239.3105,7817116.68,-8791.400391,Apoints
548889.3105,7821677.789,-8970.410156,Apoints
552176.8105,7816872.668,-8751.80957,Apoints
548989.3105,7821302.391,-8964.169922,Apoints
551514.3105,7820701.75,-8864.469727,Apoints
551701.8105,7820007.258,-8807.030273,Apoints
551076.8105,7819631.859,-8815.120117,Apoints
548964.3105,7821508.859,-8958.290039,Apoints
550451.8105,7819500.469,-8781.990234,Apoints
552439.3105,7820607.898,-8832.620117,Apoints
550039.3105,7819800.789,-8824.889648,Apoints
551139.3105,7820645.438,-8862.959961,Apoints
551826.8105,7818468.117,-8789.660156,Apoints
550289.3105,7818374.27,-8849.610352,Apoints
549814.3105,7821565.168,-8959.009766,Apoints
549151.8105,7821358.699,-8961.629883,Apoints
552151.8105,7821095.918,-8857.589844,Apoints
551664.3105,7819857.098,-8830.290039,Apoints
551376.8105,7821846.719,-8891.379883,Apoints
550264.3105,7819275.23,-8822.69043,Apoints
550614.3105,7819162.609,-8764.900391,Apoints
550739.3105,7819500.469,-8800.139648,Apoints
551614.3105,7819782.02,-8829.94043,Apoints
551926.8105,7819181.379,-8816.740234,Apoints
550689.3105,7819556.777,-8801.200195,Apoints
550201.8105,7819350.309,-8819.299805,Apoints
550451.8105,7817041.598,-8822.580078,Apoints
552214.3105,7818242.879,-8815.240234,Apoints
550701.8105,7820589.129,-8823.980469,Apoints
552101.8105,7818261.648,-8806.860352,Apoints
550326.8105,7821640.25,-8939.25,Apoints
550151.8105,7821827.949,-8950.089844,Apoints
549714.3105,7819988.488,-8897.650391,Apoints
550176.8105,7819294,-8820.219727,Apoints
550814.3105,7820682.98,-8845.280273,Apoints
551851.8105,7818411.809,-8792.339844,Apoints
549251.8105,7818468.117,-8896.040039,Apoints
549676.8105,7819875.867,-8894.509766,Apoints
550614.3105,7819200.148,-8762.089844,Apoints
549551.8105,7821715.328,-8973.55957,Apoints
550614.3105,7819049.988,-8784.349609,Apoints
548989.3105,7819688.168,-8938.69043,Apoints
551714.3105,7818637.047,-8791.929688,Apoints
552439.3105,7818242.879,-8813.540039,Apoints
548889.3105,7816741.277,-8877.070313,Apoints
549051.8105,7821809.18,-8966.55957,Apoints
549114.3105,7821677.789,-8960.849609,Apoints
548939.3105,7818899.828,-8928.769531,Apoints
552326.8105,7819988.488,-8803.629883,Apoints
552389.3105,7819969.719,-8805.379883,Apoints
549314.3105,7821396.238,-8956.889648,Apoints
551826.8105,7818167.797,-8775.990234,Apoints
552326.8105,7818242.879,-8815.299805,Apoints
550301.8105,7816778.816,-8829.129883,Apoints
552389.3105,7821734.102,-8834.740234,Apoints
548939.3105,7821659.02,-8967.490234,Apoints
549176.8105,7820701.75,-8964.839844,Apoints
549876.8105,7819538.008,-8853.5,Apoints
549976.8105,7817323.148,-8836.040039,Apoints
551751.8105,7821002.07,-8870.820313,Apoints
549851.8105,7818805.98,-8844.55957,Apoints
549101.8105,7820851.91,-8962.490234,Apoints
549364.3105,7819763.25,-8926.849609,Apoints
550139.3105,7818805.98,-8815.089844,Apoints
549326.8105,7821264.848,-8955.540039,Apoints
549426.8105,7819913.41,-8922.099609,Apoints
550001.8105,7819988.488,-8846.919922,Apoints
552164.3105,7818561.969,-8816.44043,Apoints
550189.3105,7820776.828,-8882.009766,Apoints
549539.3105,7819838.328,-8912.730469,Apoints
550951.8105,7819218.918,-8796.929688,Apoints
549276.8105,7821039.609,-8960.639648,Apoints
549389.3105,7818336.73,-8871.650391,Apoints
549876.8105,7819782.02,-8860.349609,Apoints
550714.3105,7817266.84,-8807.139648,Apoints
548901.8105,7820983.297,-8972.129883,Apoints
550839.3105,7821321.16,-8924.379883,Apoints
549626.8105,7820307.578,-8902.69043,Apoints
552226.8105,7816853.898,-8747.269531,Apoints
552439.3105,7818881.059,-8813.040039,Apoints
550214.3105,7821752.867,-8943.900391,Apoints
550639.3105,7816947.75,-8828.599609,Apoints
552439.3105,7818111.488,-8800.530273,Apoints
551714.3105,7818561.969,-8790.469727,Apoints
550489.3105,7821752.867,-8945.30957,Apoints
549801.8105,7819706.938,-8873.639648,Apoints
549976.8105,7819125.07,-8842.719727,Apoints
551926.8105,7821189.77,-8868.620117,Apoints
549989.3105,7817116.68,-8822.580078,Apoints
552389.3105,7818655.82,-8821.30957,Apoints
549439.3105,7818149.027,-8876.349609,Apoints
549339.3105,7819631.859,-8925.160156,Apoints
551589.3105,7821171,-8895.290039,Apoints
552214.3105,7818167.797,-8813.5,Apoints
550139.3105,7817567.16,-8845.769531,Apoints
549114.3105,7821583.941,-8955.679688,Apoints
549501.8105,7819200.148,-8898.240234,Apoints
551376.8105,7821809.18,-8893.580078,Apoints
552326.8105,7818167.797,-8813.209961,Apoints
551314.3105,7818055.18,-8791.549805,Apoints
552276.8105,7821415.008,-8859.019531,Apoints
549589.3105,7819782.02,-8906.490234,Apoints
550151.8105,7820232.5,-8804.879883,Apoints
552301.8105,7821039.609,-8850.830078,Apoints
549451.8105,7818411.809,-8868.339844,Apoints
551639.3105,7821189.77,-8894.839844,Apoints
550476.8105,7818768.438,-8804.169922,Apoints
549114.3105,7818486.891,-8907.230469,Apoints
552089.3105,7819106.301,-8811.719727,Apoints
550476.8105,7819275.23,-8773.839844,Apoints
549664.3105,7820007.258,-8906.379883,Apoints
551651.8105,7818712.129,-8792.389648,Apoints
550014.3105,7819350.309,-8823.44043,Apoints
551976.8105,7817492.078,-8784.280273,Apoints
549851.8105,7819594.32,-8860.139648,Apoints
548914.3105,7817698.547,-8870.019531,Apoints
552214.3105,7818580.738,-8819.580078,Apoints
552439.3105,7820926.988,-8835.870117,Apoints
550264.3105,7819763.25,-8814.650391,Apoints
549214.3105,7816760.051,-8847.900391,Apoints
548964.3105,7821527.629,-8958.69043,Apoints
548889.3105,7818993.68,-8925.730469,Apoints
551976.8105,7821171,-8865.589844,Apoints
552326.8105,7818336.73,-8815.69043,Apoints
552389.3105,7820626.668,-8829.759766,Apoints
549926.8105,7818505.66,-8840.870117,Apoints
549964.3105,7819369.078,-8830.599609,Apoints
550026.8105,7818805.98,-8827.209961,Apoints
551926.8105,7818655.82,-8801.860352,Apoints
551689.3105,7821583.941,-8883.55957,Apoints
551839.3105,7820514.051,-8825.879883,Apoints
552439.3105,7819688.168,-8809.290039,Apoints
550439.3105,7821734.102,-8946.25,Apoints
550639.3105,7818862.289,-8812.290039,Apoints
550176.8105,7818561.969,-8844.519531,Apoints
549026.8105,7821677.789,-8965.790039,Apoints
552339.3105,7817567.16,-8755.330078,Apoints
549989.3105,7821339.93,-8949.400391,Apoints
551814.3105,7820082.34,-8783.709961,Apoints
551939.3105,7818092.719,-8779.790039,Apoints
549101.8105,7821377.469,-8960.540039,Apoints
552301.8105,7816666.199,-8749.040039,Apoints
550376.8105,7821659.02,-8942.179688,Apoints
552414.3105,7819913.41,-8806.169922,Apoints
550239.3105,7818393.039,-8849.320313,Apoints
550814.3105,7817191.758,-8806.469727,Apoints
549114.3105,7818411.809,-8905.94043,Apoints
551426.8105,7818618.281,-8787.580078,Apoints
551301.8105,7818881.059,-8812.110352,Apoints
552064.3105,7819594.32,-8806.700195,Apoints
551764.3105,7819594.32,-8825.290039,Apoints
550251.8105,7819125.07,-8815.459961,Apoints
550689.3105,7819650.629,-8806.589844,Apoints
549364.3105,7819688.168,-8924.480469,Apoints
552439.3105,7819087.527,-8814.55957,Apoints
551951.8105,7819613.09,-8808.519531,Apoints
550739.3105,7819575.551,-8805.419922,Apoints
549464.3105,7818974.91,-8882.980469,Apoints
551226.8105,7821490.09,-8906.179688,Apoints
549164.3105,7821602.711,-8954.900391,Apoints
550064.3105,7820213.73,-8813.980469,Apoints
548976.8105,7820457.738,-8953.19043,Apoints
550214.3105,7821827.949,-8946.75,Apoints
549139.3105,7820551.59,-8968.230469,Apoints
549276.8105,7818824.75,-8886.469727,Apoints
548889.3105,7819594.32,-8933.299805,Apoints
552414.3105,7816797.59,-8731.009766,Apoints
550451.8105,7821039.609,-8877.450195,Apoints
552039.3105,7819125.07,-8815.349609,Apoints
551339.3105,7817923.789,-8789.860352,Apoints
549351.8105,7818543.199,-8881.849609,Apoints
550839.3105,7819800.789,-8811.769531,Apoints
549126.8105,7819688.168,-8936.580078,Apoints
549539.3105,7821077.148,-8954.629883,Apoints
549539.3105,7821152.23,-8960.620117,Apoints
551639.3105,7819369.078,-8823.780273,Apoints
552014.3105,7817567.16,-8784.860352,Apoints
550501.8105,7818130.258,-8836.580078,Apoints
551876.8105,7818712.129,-8797.469727,Apoints
549039.3105,7821283.617,-8967.719727,Apoints
548914.3105,7819725.711,-8941.219727,Apoints
550476.8105,7819763.25,-8789.75,Apoints
551464.3105,7819425.391,-8815.070313,Apoints
549151.8105,7819462.93,-8925.290039,Apoints
550101.8105,7821752.867,-8953.049805,Apoints
552264.3105,7818787.207,-8815.780273,Apoints
552389.3105,7821077.148,-8847.55957,Apoints
549614.3105,7819462.93,-8891.280273,Apoints
552201.8105,7821565.168,-8850.120117,Apoints
549201.8105,7820889.449,-8967.009766,Apoints
549664.3105,7819444.16,-8884.400391,Apoints
550139.3105,7819406.617,-8815.629883,Apoints
549814.3105,7819857.098,-8872.610352,Apoints
551851.8105,7818524.43,-8793.280273,Apoints
552289.3105,7819819.559,-8792.139648,Apoints
549426.8105,7819688.168,-8921.110352,Apoints
550989.3105,7817135.449,-8799.200195,Apoints
552439.3105,7820701.75,-8836.849609,Apoints
551339.3105,7817867.48,-8793.410156,Apoints
549476.8105,7819763.25,-8919.679688,Apoints
551064.3105,7817980.098,-8797.849609,Apoints
548989.3105,7821208.539,-8969.660156,Apoints
550176.8105,7819256.457,-8822.209961,Apoints
549676.8105,7819594.32,-8890.660156,Apoints
551689.3105,7819538.008,-8823.740234,Apoints
551064.3105,7821415.008,-8913.950195,Apoints
552001.8105,7819594.32,-8803.910156,Apoints
552151.8105,7819988.488,-8783.730469,Apoints
550389.3105,7818881.059,-8803.089844,Apoints
551851.8105,7819913.41,-8814.830078,Apoints
552189.3105,7817548.387,-8775.660156,Apoints
549051.8105,7818580.738,-8916.610352,Apoints
550789.3105,7820964.531,-8896.530273,Apoints
549914.3105,7818881.059,-8845.879883,Apoints
551914.3105,7817642.238,-8792.209961,Apoints
549001.8105,7820645.438,-8964.730469,Apoints
549539.3105,7819763.25,-8912.240234,Apoints
549839.3105,7820119.879,-8874.700195,Apoints
550151.8105,7821734.102,-8948.629883,Apoints
548964.3105,7821433.781,-8959.900391,Apoints
552439.3105,7818730.898,-8820.80957,Apoints
550251.8105,7821171,-8915.459961,Apoints
551926.8105,7819275.23,-8816,Apoints
551501.8105,7818712.129,-8790.179688,Apoints
552164.3105,7819406.617,-8813.730469,Apoints
549276.8105,7821602.711,-8958.55957,Apoints
550314.3105,7819294,-8817.30957,Apoints
551251.8105,7818862.289,-8815.209961,Apoints
550176.8105,7818149.027,-8862.290039,Apoints
552389.3105,7821659.02,-8842.75,Apoints
552289.3105,7820457.738,-8806.320313,Apoints
549489.3105,7821095.918,-8955.259766,Apoints
551076.8105,7820889.449,-8879.19043,Apoints
549051.8105,7818824.75,-8919.55957,Apoints
549414.3105,7820176.188,-8929.919922,Apoints
549914.3105,7819631.859,-8849.509766,Apoints
548914.3105,7820307.578,-8954.459961,Apoints
551364.3105,7820082.34,-8834.910156,Apoints
552226.8105,7820363.887,-8790.110352,Apoints
549114.3105,7818918.598,-8907.469727,Apoints
550539.3105,7818055.18,-8831.620117,Apoints
550076.8105,7817154.219,-8822.349609,Apoints
552439.3105,7820063.57,-8809.980469,Apoints
551076.8105,7818862.289,-8820.450195,Apoints
549014.3105,7819538.008,-8932.05957,Apoints
551939.3105,7818242.879,-8793.599609,Apoints
551751.8105,7817642.238,-8799.030273,Apoints
552276.8105,7819500.469,-8821.230469,Apoints
552389.3105,7817661.008,-8770.25,Apoints
551076.8105,7818637.047,-8816.94043,Apoints
549926.8105,7819031.219,-8848.129883,Apoints
552339.3105,7820288.809,-8806.780273,Apoints
550051.8105,7821565.168,-8960.519531,Apoints
548889.3105,7821734.102,-8971.490234,Apoints
552326.8105,7821827.949,-8827.349609,Apoints
549601.8105,7821565.168,-8962.69043,Apoints
549251.8105,7820495.281,-8957.459961,Apoints
551689.3105,7817492.078,-8794.660156,Apoints
551614.3105,7818055.18,-8785.169922,Apoints
548939.3105,7816760.051,-8878.929688,Apoints
551626.8105,7818618.281,-8792.879883,Apoints
549264.3105,7819519.238,-8921.849609,Apoints
551439.3105,7819875.867,-8833.400391,Apoints
551639.3105,7819049.988,-8808.219727,Apoints
551251.8105,7818956.141,-8816.599609,Apoints
550251.8105,7817829.938,-8852.879883,Apoints
550814.3105,7818805.98,-8815.580078,Apoints
551626.8105,7820082.34,-8804.780273,Apoints
550126.8105,7819725.711,-8827.230469,Apoints
550714.3105,7816928.98,-8825.730469,Apoints
551239.3105,7820833.141,-8879.75,Apoints
552414.3105,7820776.828,-8836.480469,Apoints
552214.3105,7821020.84,-8854.620117,Apoints
550851.8105,7817886.25,-8809.110352,Apoints
550439.3105,7819406.617,-8786.669922,Apoints
549326.8105,7819481.699,-8916.530273,Apoints
551014.3105,7820570.359,-8835.509766,Apoints
550701.8105,7820908.219,-8891.040039,Apoints
549039.3105,7821227.309,-8969.990234,Apoints
549614.3105,7819218.918,-8886.959961,Apoints
551289.3105,7821396.238,-8902.049805,Apoints
549476.8105,7821302.391,-8956.820313,Apoints
551664.3105,7818393.039,-8793.019531,Apoints
549539.3105,7821321.16,-8957.379883,Apoints
552276.8105,7819444.16,-8820.669922,Apoints
549426.8105,7819857.098,-8923.200195,Apoints
550801.8105,7819049.988,-8793.349609,Apoints
551014.3105,7821396.238,-8916.179688,Apoints
552439.3105,7820401.43,-8819.919922,Apoints
549764.3105,7821583.941,-8955.44043,Apoints
551276.8105,7819782.02,-8834.290039,Apoints
551101.8105,7818111.488,-8799.730469,Apoints
552439.3105,7818317.957,-8816.55957,Apoints
549964.3105,7818899.828,-8843.169922,Apoints
552151.8105,7818881.059,-8812.830078,Apoints
551914.3105,7818974.91,-8811.19043,Apoints
549901.8105,7818974.91,-8850.540039,Apoints
549101.8105,7819369.078,-8933.969727,Apoints
551376.8105,7818130.258,-8789.080078,Apoints
549389.3105,7820438.969,-8946.610352,Apoints
549739.3105,7818805.98,-8855.780273,Apoints
548901.8105,7820176.188,-8954.110352,Apoints
549151.8105,7819519.238,-8926.519531,Apoints
550076.8105,7818730.898,-8818.660156,Apoints
550814.3105,7817323.148,-8801.240234,Apoints
549001.8105,7818749.668,-8925.450195,Apoints
552276.8105,7818111.488,-8810.019531,Apoints
551051.8105,7820138.648,-8827.179688,Apoints
551964.3105,7820701.75,-8841.870117,Apoints
552051.8105,7818242.879,-8801.530273,Apoints
550114.3105,7817398.227,-8832.580078,Apoints
550051.8105,7820814.371,-8898.129883,Apoints
549251.8105,7818393.039,-8894.589844,Apoints
552101.8105,7819350.309,-8812.980469,Apoints
549051.8105,7818730.898,-8920.19043,Apoints
550501.8105,7818674.59,-8812.089844,Apoints
548914.3105,7821377.469,-8968.230469,Apoints
551639.3105,7819519.238,-8823.709961,Apoints
551914.3105,7821246.078,-8872.530273,Apoints
552314.3105,7819688.168,-8812.570313,Apoints
552276.8105,7819275.23,-8819,Apoints
552301.8105,7821002.07,-8848.879883,Apoints
549764.3105,7819594.32,-8876.75,Apoints
551151.8105,7818374.27,-8797.980469,Apoints
550726.8105,7817698.547,-8819.280273,Apoints
550526.8105,7818787.207,-8809.070313,Apoints
548976.8105,7820420.199,-8948.379883,Apoints
549051.8105,7821734.102,-8966.030273,Apoints
549026.8105,7818637.047,-8920.820313,Apoints
551851.8105,7818561.969,-8793.150391,Apoints
551876.8105,7818149.027,-8776.400391,Apoints
549351.8105,7821508.859,-8964.889648,Apoints
550251.8105,7819369.078,-8821.30957,Apoints
549226.8105,7820138.648,-8932.490234,Apoints
551389.3105,7819294,-8817.219727,Apoints
551426.8105,7820119.879,-8828.240234,Apoints
550026.8105,7818712.129,-8820.040039,Apoints
550264.3105,7821809.18,-8946.900391,Apoints
549026.8105,7821640.25,-8964.509766,Apoints
550964.3105,7818637.047,-8816.44043,Apoints
550176.8105,7819200.148,-8823.759766,Apoints
549689.3105,7818787.207,-8857.209961,Apoints
551576.8105,7821583.941,-8882.589844,Apoints
552201.8105,7821246.078,-8858.730469,Apoints
549651.8105,7821490.09,-8961.370117,Apoints
550614.3105,7819012.449,-8793.070313,Apoints
552114.3105,7819575.551,-8809.120117,Apoints
549864.3105,7816872.668,-8840.860352,Apoints
549114.3105,7820457.738,-8960.459961,Apoints
549664.3105,7821546.398,-8958.799805,Apoints
551701.8105,7821095.918,-8882.120117,Apoints
549001.8105,7821827.949,-8970.19043,Apoints
552414.3105,7818205.34,-8812.070313,Apoints
551526.8105,7819181.379,-8821,Apoints
551976.8105,7820063.57,-8775.709961,Apoints
551464.3105,7821020.84,-8889.070313,Apoints
549764.3105,7819875.867,-8882.200195,Apoints
551614.3105,7819838.328,-8833,Apoints
550676.8105,7820964.531,-8895.230469,Apoints
552439.3105,7818937.367,-8811.719727,Apoints
551626.8105,7818186.57,-8782.830078,Apoints
551414.3105,7819350.309,-8812.179688,Apoints
551426.8105,7818149.027,-8787.540039,Apoints
552201.8105,7819819.559,-8792.849609,Apoints
549426.8105,7819782.02,-8924.209961,Apoints
549814.3105,7818374.27,-8855.719727,Apoints
552189.3105,7818355.5,-8812.339844,Apoints
550851.8105,7819031.219,-8798.870117,Apoints
549264.3105,7819462.93,-8918.599609,Apoints
552026.8105,7819988.488,-8784.049805,Apoints
552114.3105,7820607.898,-8823.5,Apoints
550176.8105,7816703.738,-8831.530273,Apoints
551014.3105,7818693.359,-8817.75,Apoints
548964.3105,7820363.887,-8946.839844,Apoints
551376.8105,7821339.93,-8892.490234,Apoints
552339.3105,7818393.039,-8819.80957,Apoints
549176.8105,7820382.66,-8944.089844,Apoints
551526.8105,7819519.238,-8821.459961,Apoints
551976.8105,7818637.047,-8804.549805,Apoints
551789.3105,7817022.828,-8781.230469,Apoints
551964.3105,7820833.141,-8851.25,Apoints
550976.8105,7818937.367,-8810.799805,Apoints
552326.8105,7818092.719,-8806.589844,Apoints
548914.3105,7821602.711,-8967.799805,Apoints
551751.8105,7819988.488,-8808.120117,Apoints
549401.8105,7819294,-8908.769531,Apoints
549264.3105,7821433.781,-8953.469727,Apoints
549189.3105,7820795.598,-8966.55957,Apoints
549301.8105,7820232.5,-8930.700195,Apoints
549626.8105,7819613.09,-8897.129883,Apoints
551601.8105,7821621.48,-8878.320313,Apoints
552039.3105,7819049.988,-8812.570313,Apoints
549539.3105,7821377.469,-8959.280273,Apoints
552339.3105,7821508.859,-8856.330078,Apoints
549101.8105,7819538.008,-8929.709961,Apoints
552339.3105,7819594.32,-8818.379883,Apoints
549801.8105,7818787.207,-8846.990234,Apoints
549164.3105,7820476.508,-8960.799805,Apoints
550964.3105,7817905.02,-8806.360352,Apoints
550701.8105,7817811.168,-8821.980469,Apoints
551414.3105,7819575.551,-8815.30957,Apoints
548889.3105,7818918.598,-8930.070313,Apoints
551514.3105,7821715.328,-8882.200195,Apoints
549101.8105,7816778.816,-8864.049805,Apoints
549589.3105,7819857.098,-8906.200195,Apoints
550189.3105,7818787.207,-8815.94043,Apoints
549589.3105,7821302.391,-8957.650391,Apoints
552414.3105,7820138.648,-8808.889648,Apoints
549201.8105,7820851.91,-8967.69043,Apoints
552176.8105,7820382.66,-8783.849609,Apoints
550801.8105,7817867.48,-8814.080078,Apoints
549976.8105,7816797.59,-8832.790039,Apoints
549251.8105,7818430.578,-8895.709961,Apoints
549164.3105,7818899.828,-8900.139648,Apoints
548889.3105,7820739.289,-8964.769531,Apoints
551839.3105,7818899.828,-8805.910156,Apoints
552414.3105,7821039.609,-8844.679688,Apoints
552176.8105,7819594.32,-8815.150391,Apoints
549126.8105,7817266.84,-8826.830078,Apoints
550926.8105,7819706.938,-8810.519531,Apoints
549051.8105,7821602.711,-8961.660156,Apoints
551639.3105,7816778.816,-8788.799805,Apoints
549551.8105,7821546.398,-8964.009766,Apoints
548914.3105,7820345.121,-8952.25,Apoints
552114.3105,7819500.469,-8810.580078,Apoints
551551.8105,7818130.258,-8782.290039,Apoints
549764.3105,7819556.777,-8875.230469,Apoints
551751.8105,7817492.078,-8792.509766,Apoints
551301.8105,7818937.367,-8813.700195,Apoints
550851.8105,7821396.238,-8919.179688,Apoints
549776.8105,7820119.879,-8885.879883,Apoints
550526.8105,7819125.07,-8764.629883,Apoints
549251.8105,7821640.25,-8957.290039,Apoints
551851.8105,7818374.27,-8791.410156,Apoints
551351.8105,7819350.309,-8814.19043,Apoints
548914.3105,7821339.93,-8966.740234,Apoints
551701.8105,7821020.84,-8878.519531,Apoints
551451.8105,7819725.711,-8825.570313,Apoints
549401.8105,7820964.531,-8961.629883,Apoints
549676.8105,7816910.207,-8838.019531,Apoints
551314.3105,7820157.418,-8834.959961,Apoints
550414.3105,7818149.027,-8845.570313,Apoints
550064.3105,7819200.148,-8831.69043,Apoints
550151.8105,7818092.719,-8861.509766,Apoints
551639.3105,7818787.207,-8793.299805,Apoints
550476.8105,7819800.789,-8789.009766,Apoints
551739.3105,7819782.02,-8826.089844,Apoints
550126.8105,7818543.199,-8845.049805,Apoints
551426.8105,7820908.219,-8884.519531,Apoints
551389.3105,7818899.828,-8805.959961,Apoints
549001.8105,7821752.867,-8968.740234,Apoints
552051.8105,7818092.719,-8790.419922,Apoints
550539.3105,7821565.168,-8933.94043,Apoints
552064.3105,7821077.148,-8858.980469,Apoints
550239.3105,7817398.227,-8826.669922,Apoints
551876.8105,7821508.859,-8880.05957,Apoints
551901.8105,7819932.18,-8803.94043,Apoints
551739.3105,7817041.598,-8784,Apoints
552164.3105,7820157.418,-8776.709961,Apoints
550264.3105,7821734.102,-8942.910156,Apoints
552289.3105,7817548.387,-8760.44043,Apoints
551201.8105,7818693.359,-8814.650391,Apoints
549401.8105,7820926.988,-8963.540039,Apoints
549864.3105,7821827.949,-8971.269531,Apoints
551176.8105,7821302.391,-8905.120117,Apoints
549401.8105,7820307.578,-8933.219727,Apoints
550301.8105,7819988.488,-8797.549805,Apoints
552389.3105,7819481.699,-8818.280273,Apoints
548914.3105,7820213.73,-8955.400391,Apoints
550864.3105,7818637.047,-8827.400391,Apoints
552064.3105,7818862.289,-8812.780273,Apoints
552101.8105,7819200.148,-8814.080078,Apoints
551701.8105,7820532.82,-8834.910156,Apoints
552176.8105,7820307.578,-8777.80957,Apoints
550439.3105,7821508.859,-8933.240234,Apoints
550526.8105,7818956.141,-8790.769531,Apoints
552151.8105,7819256.457,-8814.110352,Apoints
550101.8105,7821508.859,-8948.719727,Apoints
550601.8105,7819575.551,-8795.799805,Apoints
548976.8105,7817097.91,-8858.669922,Apoints
552176.8105,7821358.699,-8863.589844,Apoints
551326.8105,7819800.789,-8834.480469,Apoints
552301.8105,7818674.59,-8820.599609,Apoints
552151.8105,7820870.68,-8848.660156,Apoints
549601.8105,7821077.148,-8957.080078,Apoints
550401.8105,7818637.047,-8827.410156,Apoints
551626.8105,7821565.168,-8887.200195,Apoints
549851.8105,7820194.961,-8861.480469,Apoints
551876.8105,7819481.699,-8817.30957,Apoints
548989.3105,7820607.898,-8963.69043,Apoints
549001.8105,7818599.508,-8920,Apoints
551276.8105,7817792.398,-8790.379883,Apoints
548914.3105,7817585.93,-8862.269531,Apoints
550839.3105,7820983.297,-8895.969727,Apoints
550589.3105,7819631.859,-8799.379883,Apoints
550926.8105,7821039.609,-8900.450195,Apoints
552389.3105,7818712.129,-8820.610352,Apoints
549876.8105,7819875.867,-8862.769531,Apoints
549751.8105,7819200.148,-8857.769531,Apoints
549776.8105,7817379.461,-8830.269531,Apoints
552376.8105,7821396.238,-8858.25,Apoints
550301.8105,7818787.207,-8817.209961,Apoints
550389.3105,7819125.07,-8791.900391,Apoints
552151.8105,7819331.539,-8813.360352,Apoints
548901.8105,7817492.078,-8862.929688,Apoints
550576.8086,7821640.25,-8933.620117,Apoints
551176.8105,7819444.16,-8812.780273,Apoints
551851.8105,7818111.488,-8776.549805,Apoints
551589.3105,7819031.219,-8808.849609,Apoints
550939.3105,7817248.07,-8797.919922,Apoints
549214.3105,7819369.078,-8924.969727,Apoints
550814.3105,7819294,-8794.200195,Apoints
550914.3105,7819106.301,-8787.830078,Apoints
551389.3105,7817604.699,-8799.900391,Apoints
549026.8105,7817829.938,-8875.379883,Apoints
550626.8105,7820176.188,-8765.179688,Apoints
551139.3105,7818468.117,-8801.160156,Apoints
550976.8105,7818468.117,-8821.099609,Apoints
549926.8105,7819800.789,-8850.790039,Apoints
550464.3105,7818486.891,-8828.459961,Apoints
552426.8105,7819425.391,-8822.669922,Apoints
549439.3105,7819369.078,-8908.900391,Apoints
549851.8105,7818974.91,-8854.509766,Apoints
552226.8105,7820438.969,-8793.610352,Apoints
549789.3105,7821640.25,-8958.620117,Apoints
552201.8105,7819838.328,-8789.330078,Apoints
550289.3105,7818055.18,-8853.540039,Apoints
549626.8105,7818393.039,-8855.519531,Apoints
552339.3105,7820438.969,-8811.620117,Apoints
548964.3105,7820401.43,-8947.120117,Apoints
549151.8105,7819218.918,-8929.830078,Apoints
552414.3105,7818167.797,-8807.839844,Apoints
549664.3105,7821715.328,-8965.330078,Apoints
548964.3105,7821490.09,-8958.400391,Apoints
549001.8105,7818805.98,-8925.870117,Apoints
550589.3105,7821396.238,-8910.969727,Apoints
549489.3105,7821171,-8959.620117,Apoints
551614.3105,7820119.879,-8803.799805,Apoints
551251.8105,7820082.34,-8839.629883,Apoints
550389.3105,7819706.938,-8787.259766,Apoints
549789.3105,7821677.789,-8961.179688,Apoints
548901.8105,7817285.609,-8868.830078,Apoints
550176.8105,7819237.688,-8822.759766,Apoints
548964.3105,7821415.008,-8960.730469,Apoints
552226.8105,7817304.379,-8762.259766,Apoints
549114.3105,7820795.598,-8962.660156,Apoints
551626.8105,7820532.82,-8843.610352,Apoints
551751.8105,7821077.148,-8874.599609,Apoints
548901.8105,7820645.438,-8961.849609,Apoints
551676.8105,7817585.93,-8799.839844,Apoints
550789.3105,7821302.391,-8924.549805,Apoints
551876.8105,7819857.098,-8816.339844,Apoints
550914.3105,7817323.148,-8794.490234,Apoints
551864.3105,7819256.457,-8813.389648,Apoints
551814.3105,7821002.07,-8864.089844,Apoints
552276.8105,7819969.719,-8796.530273,Apoints
548914.3105,7818468.117,-8923.280273,Apoints
550251.8105,7818768.438,-8819.349609,Apoints
551389.3105,7819256.457,-8818.780273,Apoints
549501.8105,7818468.117,-8861.070313,Apoints
550364.3105,7818468.117,-8841.660156,Apoints
552101.8105,7818974.91,-8811.160156,Apoints
550189.3105,7820082.34,-8802.040039,Apoints
551889.3105,7820532.82,-8826.049805,Apoints
552326.8105,7820157.418,-8805.429688,Apoints
552276.8105,7818486.891,-8820.679688,Apoints
550976.8105,7819725.711,-8813.980469,Apoints
551976.8105,7819200.148,-8816.110352,Apoints
551201.8105,7818393.039,-8793.769531,Apoints
552414.3105,7820514.051,-8826.94043,Apoints
548914.3105,7821827.949,-8974.669922,Apoints
551764.3105,7818580.738,-8788.370117,Apoints
548951.8105,7818411.809,-8919.570313,Apoints
548964.3105,7817266.84,-8858.049805,Apoints
549064.3105,7820945.758,-8963.040039,Apoints
551039.3105,7820401.43,-8822.349609,Apoints
548901.8105,7817191.758,-8868.589844,Apoints
549476.8105,7819932.18,-8920.330078,Apoints
549076.8105,7817097.91,-8838.75,Apoints
551114.3105,7819481.699,-8812.509766,Apoints
552151.8105,7819049.988,-8809.150391,Apoints
552264.3105,7821565.168,-8850.360352,Apoints
550214.3105,7819857.098,-8814.650391,Apoints
550476.8105,7819725.711,-8789.759766,Apoints
552314.3105,7818805.98,-8816.120117,Apoints
548964.3105,7821546.398,-8959.509766,Apoints
551876.8105,7817848.711,-8793.769531,Apoints
551964.3105,7820870.68,-8853.889648,Apoints
550989.3105,7817623.469,-8798.129883,Apoints
550726.8105,7820983.297,-8899.820313,Apoints
549176.8105,7818993.68,-8908.030273,Apoints
548914.3105,7819763.25,-8940.94043,Apoints
550239.3105,7818073.949,-8857.519531,Apoints
551951.8105,7819012.449,-8813.410156,Apoints
551189.3105,7818768.438,-8818.650391,Apoints
551876.8105,7817229.301,-8780.490234,Apoints
549164.3105,7821508.859,-8952.709961,Apoints
550689.3105,7819481.699,-8793.589844,Apoints
552414.3105,7816760.051,-8729.349609,Apoints
550139.3105,7820063.57,-8810.709961,Apoints
550964.3105,7821321.16,-8916.780273,Apoints
551914.3105,7821095.918,-8865.19043,Apoints
549901.8105,7817191.758,-8828.019531,Apoints
549814.3105,7818411.809,-8852.120117,Apoints
548889.3105,7816835.129,-8875.290039,Apoints
552314.3105,7819650.629,-8816.160156,Apoints
549451.8105,7818655.82,-8862.719727,Apoints
552389.3105,7820945.758,-8838.969727,Apoints
549326.8105,7820945.758,-8965.030273,Apoints
550914.3105,7819369.078,-8805.530273,Apoints
550814.3105,7820645.438,-8836.44043,Apoints
549876.8105,7819500.469,-8851.839844,Apoints
549214.3105,7819444.16,-8921.209961,Apoints
549001.8105,7820551.59,-8963.519531,Apoints
549151.8105,7819594.32,-8930.419922,Apoints
549501.8105,7818393.039,-8863.110352,Apoints
549026.8105,7818693.359,-8922.450195,Apoints
551764.3105,7818655.82,-8788.700195,Apoints
551264.3105,7818036.41,-8792.780273,Apoints
549564.3105,7818486.891,-8855.129883,Apoints
549226.8105,7821583.941,-8956.889648,Apoints
550876.8105,7817492.078,-8800.589844,Apoints
549001.8105,7821583.941,-8961.410156,Apoints
549339.3105,7819594.32,-8924.69043,Apoints
552126.8105,7820457.738,-8798.950195,Apoints
551501.8105,7819763.25,-8831.070313,Apoints
550026.8105,7820739.289,-8889.910156,Apoints
551464.3105,7819650.629,-8821.990234,Apoints
552101.8105,7818317.957,-8807.929688,Apoints
549589.3105,7819913.41,-8908.009766,Apoints
551414.3105,7819519.238,-8811.730469,Apoints
550039.3105,7819294,-8824.519531,Apoints
551576.8105,7819500.469,-8822.849609,Apoints
549726.8105,7818655.82,-8838.139648,Apoints
549451.8105,7818486.891,-8867.450195,Apoints
549676.8105,7818561.969,-8847.009766,Apoints
551039.3105,7819857.098,-8820.950195,Apoints
550439.3105,7821827.949,-8945.129883,Apoints
551089.3105,7819875.867,-8824.849609,Apoints
549801.8105,7818712.129,-8832.669922,Apoints
548976.8105,7820476.508,-8955.599609,Apoints
548939.3105,7819613.09,-8934.570313,Apoints
552326.8105,7821171,-8854.450195,Apoints
550064.3105,7819237.688,-8828.879883,Apoints
550101.8105,7821809.18,-8952.980469,Apoints
552401.8105,7817829.938,-8780.280273,Apoints
551976.8105,7819256.457,-8815.660156,Apoints
552201.8105,7817116.68,-8735.830078,Apoints
550689.3105,7819819.559,-8807.469727,Apoints
548914.3105,7821790.41,-8973.75,Apoints
549326.8105,7821020.84,-8962.389648,Apoints
551939.3105,7818336.73,-8796.660156,Apoints
551876.8105,7819988.488,-8795.549805,Apoints
549801.8105,7819106.301,-8845.429688,Apoints
552439.3105,7821715.328,-8837.009766,Apoints
552276.8105,7818186.57,-8816.620117,Apoints
549264.3105,7821790.41,-8973.150391,Apoints
551814.3105,7819275.23,-8812.639648,Apoints
551376.8105,7821302.391,-8891.969727,Apoints
551626.8105,7820607.898,-8849.900391,Apoints
551026.8105,7818843.52,-8818.650391,Apoints
552276.8105,7818261.648,-8815.299805,Apoints
548939.3105,7820532.82,-8956.530273,Apoints
549026.8105,7817097.91,-8849.410156,Apoints
550951.8105,7819181.379,-8791.139648,Apoints
549164.3105,7818430.578,-8902.040039,Apoints
549389.3105,7818393.039,-8875.219727,Apoints
551864.3105,7821020.84,-8863.540039,Apoints
549514.3105,7818993.68,-8878.44043,Apoints
549026.8105,7817792.398,-8872.139648,Apoints
549476.8105,7819706.938,-8917.540039,Apoints
550276.8105,7818693.359,-8830.269531,Apoints
551701.8105,7818505.66,-8789.379883,Apoints
550364.3105,7818130.258,-8848.589844,Apoints
550514.3105,7820964.531,-8875.540039,Apoints
550189.3105,7821171,-8924.629883,Apoints
551864.3105,7817661.008,-8794.740234,Apoints
549039.3105,7816853.898,-8869.980469,Apoints
551976.8105,7821339.93,-8874.530273,Apoints
549501.8105,7818637.047,-8858.290039,Apoints
552339.3105,7819800.789,-8796.459961,Apoints
550201.8105,7819500.469,-8817.139648,Apoints
551126.8105,7821321.16,-8905.110352,Apoints
549126.8105,7817097.91,-8830.94043,Apoints
550839.3105,7819763.25,-8811.480469,Apoints
551464.3105,7819369.078,-8814.969727,Apoints
552201.8105,7819031.219,-8810.25,Apoints
549151.8105,7819387.852,-8928.379883,Apoints
550489.3105,7821809.18,-8944.820313,Apoints
551864.3105,7820063.57,-8781.150391,Apoints
549264.3105,7820720.52,-8964.790039,Apoints
552276.8105,7821189.77,-8856.400391,Apoints
552214.3105,7819425.391,-8817.25,Apoints
549726.8105,7818580.738,-8840.150391,Apoints
551739.3105,7821565.168,-8881.679688,Apoints
552389.3105,7818336.73,-8817.099609,Apoints
551464.3105,7819500.469,-8815.839844,Apoints
549539.3105,7819932.18,-8914.69043,Apoints
550214.3105,7819782.02,-8820.950195,Apoints
549251.8105,7820457.738,-8952.419922,Apoints
550089.3105,7819275.23,-8824.019531,Apoints
550701.8105,7820551.59,-8815.639648,Apoints
549926.8105,7818449.348,-8846.820313,Apoints
549476.8105,7819838.328,-8920.040039,Apoints
549676.8105,7818637.047,-8844.530273,Apoints
549101.8105,7819613.09,-8932.280273,Apoints
552151.8105,7821583.941,-8852.259766,Apoints
550039.3105,7821321.16,-8944.540039,Apoints
549351.8105,7821452.551,-8965.799805,Apoints
550589.3105,7821452.551,-8914.049805,Apoints
549414.3105,7819988.488,-8925.580078,Apoints
549676.8105,7819838.328,-8894.320313,Apoints
550601.8105,7819538.008,-8791.150391,Apoints
552414.3105,7821002.07,-8841.709961,Apoints
549026.8105,7817360.688,-8843.519531,Apoints
552389.3105,7818261.648,-8814.530273,Apoints
549514.3105,7820438.969,-8942.19043,Apoints
551601.8105,7820739.289,-8858.740234,Apoints
548939.3105,7821752.867,-8972.009766,Apoints
551976.8105,7817154.219,-8771.929688,Apoints
551764.3105,7817998.871,-8782.19043,Apoints
552301.8105,7816703.738,-8747.900391,Apoints
548964.3105,7820382.66,-8946.69043,Apoints
552151.8105,7821264.848,-8859.80957,Apoints
550164.3105,7820833.141,-8893.129883,Apoints
552051.8105,7820701.75,-8839.540039,Apoints
552439.3105,7817642.238,-8760.969727,Apoints
551364.3105,7818937.367,-8809.849609,Apoints
552276.8105,7818937.367,-8814.830078,Apoints
549339.3105,7818317.957,-8876.150391,Apoints
551689.3105,7819369.078,-8822.820313,Apoints
552389.3105,7818092.719,-8802.089844,Apoints
552051.8105,7819444.16,-8810.580078,Apoints
552039.3105,7821565.168,-8865.549805,Apoints
550389.3105,7819556.777,-8797.5,Apoints
550714.3105,7816985.289,-8822.94043,Apoints
550039.3105,7820626.668,-8875.740234,Apoints
551464.3105,7819594.32,-8819.5,Apoints
549339.3105,7818712.129,-8877.990234,Apoints
548964.3105,7821452.551,-8959.200195,Apoints
549339.3105,7821302.391,-8955,Apoints
549976.8105,7819049.988,-8845.599609,Apoints
549226.8105,7819312.77,-8924.879883,Apoints
549701.8105,7821471.32,-8959.660156,Apoints
550076.8105,7818787.207,-8818.599609,Apoints
551801.8105,7817473.309,-8789.019531,Apoints
551389.3105,7818862.289,-8804.860352,Apoints
551414.3105,7819444.16,-8809.339844,Apoints
549214.3105,7819538.008,-8925.230469,Apoints
549014.3105,7819519.238,-8932.919922,Apoints
552326.8105,7819519.238,-8820.070313,Apoints
552389.3105,7820682.98,-8832.929688,Apoints
552439.3105,7821095.918,-8848.150391,Apoints
549351.8105,7819312.77,-8913.040039,Apoints
552326.8105,7819256.457,-8819.459961,Apoints
552189.3105,7818299.188,-8812.549805,Apoints
552164.3105,7818261.648,-8812.55957,Apoints
550326.8105,7821583.941,-8937.969727,Apoints
551489.3105,7818393.039,-8795.679688,Apoints
550914.3105,7817829.938,-8808.969727,Apoints
548964.3105,7821471.32,-8958.709961,Apoints
549601.8105,7818956.141,-8859.299805,Apoints
552414.3105,7818561.969,-8820.530273,Apoints
549339.3105,7818411.809,-8884.490234,Apoints
551426.8105,7818561.969,-8788.400391,Apoints
552089.3105,7819031.219,-8809.849609,Apoints
552301.8105,7820194.961,-8802.049805,Apoints
552439.3105,7820326.348,-8816.719727,Apoints
548964.3105,7820495.281,-8956.339844,Apoints
550976.8105,7819800.789,-8814.580078,Apoints
551226.8105,7819425.391,-8813.799805,Apoints
550276.8105,7818730.898,-8823.959961,Apoints
550389.3105,7818862.289,-8806.320313,Apoints
551301.8105,7819369.078,-8816.25,Apoints
549176.8105,7820758.059,-8965.480469,Apoints
551264.3105,7817980.098,-8788.080078,Apoints
549314.3105,7819782.02,-8929.209961,Apoints
552389.3105,7818956.141,-8815.849609,Apoints
549064.3105,7820607.898,-8969.969727,Apoints
549851.8105,7818730.898,-8829.919922,Apoints
550076.8105,7818317.957,-8860.509766,Apoints
550701.8105,7820870.68,-8886.219727,Apoints
549814.3105,7818280.418,-8860.530273,Apoints
552389.3105,7820044.801,-8809.55957,Apoints
551451.8105,7819800.789,-8831.5,Apoints
551189.3105,7820664.211,-8868.089844,Apoints
552389.3105,7818862.289,-8817.320313,Apoints
549164.3105,7821659.02,-8955.339844,Apoints
551351.8105,7820851.91,-8882.240234,Apoints
549401.8105,7818561.969,-8873.05957,Apoints
551964.3105,7820664.211,-8839.25,Apoints
552289.3105,7817736.09,-8786.070313,Apoints
552226.8105,7820288.809,-8788.30957,Apoints
552201.8105,7817154.219,-8743.950195,Apoints
551376.8105,7818543.199,-8787.469727,Apoints
548976.8105,7820438.969,-8950.610352,Apoints
549314.3105,7819706.938,-8927.360352,Apoints
550764.3105,7819294,-8788.490234,Apoints
549176.8105,7821114.691,-8963.69043,Apoints
550114.3105,7816722.508,-8829.429688,Apoints
552176.8105,7821321.16,-8862.19043,Apoints
550389.3105,7821321.16,-8916,Apoints
549264.3105,7819387.852,-8920.320313,Apoints
549601.8105,7821734.102,-8972.330078,Apoints
552414.3105,7820551.59,-8828.910156,Apoints
551051.8105,7819481.699,-8810.070313,Apoints
549189.3105,7819049.988,-8911.629883,Apoints
549926.8105,7819106.301,-8844.570313,Apoints
550376.8105,7821565.168,-8938.980469,Apoints
552151.8105,7818956.141,-8812.230469,Apoints
550114.3105,7820833.141,-8897.30957,Apoints
549051.8105,7820532.82,-8966.719727,Apoints
550526.8105,7816666.199,-8839.360352,Apoints
552439.3105,7819500.469,-8816.769531,Apoints
550501.8105,7818712.129,-8808.120117,Apoints
550526.8105,7819294,-8767.910156,Apoints
551414.3105,7818956.141,-8806.900391,Apoints
550576.8086,7818956.141,-8798.269531,Apoints
551076.8105,7819669.398,-8817.719727,Apoints
551539.3105,7818374.27,-8796.540039,Apoints
551989.3105,7818317.957,-8799.450195,Apoints
549101.8105,7819444.16,-8929.959961,Apoints
550251.8105,7820007.258,-8805.629883,Apoints
549314.3105,7820701.75,-8961.480469,Apoints
549164.3105,7818505.66,-8903.25,Apoints
551964.3105,7817548.387,-8786.740234,Apoints
551876.8105,7818486.891,-8796.879883,Apoints
552301.8105,7820851.91,-8838.25,Apoints
551514.3105,7820664.211,-8862.990234,Apoints
552264.3105,7820926.988,-8846.160156,Apoints
548939.3105,7818974.91,-8923.900391,Apoints
552439.3105,7818637.047,-8822.570313,Apoints
549039.3105,7819669.398,-8936.910156,Apoints
552414.3105,7818599.508,-8821.05957,Apoints
552276.8105,7818317.957,-8814.089844,Apoints
552164.3105,7818186.57,-8811.360352,Apoints
551926.8105,7818561.969,-8800.509766,Apoints
551026.8105,7818618.281,-8814.400391,Apoints
549501.8105,7819237.688,-8901.700195,Apoints
550926.8105,7818956.141,-8807.400391,Apoints
552289.3105,7820307.578,-8801.009766,Apoints
552276.8105,7821809.18,-8833.370117,Apoints
549476.8105,7820044.801,-8926.230469,Apoints
550264.3105,7819631.859,-8820.019531,Apoints
551414.3105,7820514.051,-8863.19043,Apoints
549551.8105,7816703.738,-8832.679688,Apoints
551076.8105,7820176.188,-8824.790039,Apoints
552214.3105,7819125.07,-8812.990234,Apoints
550526.8105,7817811.168,-8831.30957,Apoints
549714.3105,7819932.18,-8892.860352,Apoints
549389.3105,7818486.891,-8877.910156,Apoints
550576.8086,7817435.77,-8827.30957,Apoints
550864.3105,7817792.398,-8812.519531,Apoints
549014.3105,7817266.84,-8849.849609,Apoints
548964.3105,7819894.641,-8942.769531,Apoints
548939.3105,7816816.359,-8878.099609,Apoints
550589.3105,7819594.32,-8796.519531,Apoints
549201.8105,7820288.809,-8935.530273,Apoints
549201.8105,7821339.93,-8958.160156,Apoints
549001.8105,7820720.52,-8963.150391,Apoints
551764.3105,7820457.738,-8825.959961,Apoints
551251.8105,7818561.969,-8799.19043,Apoints
552101.8105,7821752.867,-8842.290039,Apoints
551876.8105,7821358.699,-8878.69043,Apoints
548989.3105,7816853.898,-8873.639648,Apoints
551239.3105,7821415.008,-8903.870117,Apoints
549089.3105,7820645.438,-8970.25,Apoints
549339.3105,7820532.82,-8955.009766,Apoints
550076.8105,7818167.797,-8866.780273,Apoints
549176.8105,7819763.25,-8937.860352,Apoints
550064.3105,7821020.84,-8924.540039,Apoints
551889.3105,7819613.09,-8819.209961,Apoints
551576.8105,7820457.738,-8848.879883,Apoints
551589.3105,7819425.391,-8823.030273,Apoints
552264.3105,7818862.289,-8813.780273,Apoints
549489.3105,7821827.949,-8978.839844,Apoints
551151.8105,7819800.789,-8829.259766,Apoints
552339.3105,7820363.887,-8807.009766,Apoints
550176.8105,7819913.41,-8811.480469,Apoints
549226.8105,7819162.609,-8918.5,Apoints
551926.8105,7820945.758,-8858.299805,Apoints
551676.8105,7817548.387,-8797.919922,Apoints
550214.3105,7819706.938,-8823.879883,Apoints
551689.3105,7818824.75,-8797.19043,Apoints
551576.8105,7821264.848,-8901.879883,Apoints
550901.8105,7821246.078,-8913.580078,Apoints
552114.3105,7820232.5,-8767.900391,Apoints
552051.8105,7819500.469,-8808.709961,Apoints
548889.3105,7819444.16,-8944.110352,Apoints
548914.3105,7818505.66,-8923.599609,Apoints
552051.8105,7817304.379,-8773.660156,Apoints
548901.8105,7817154.219,-8869.490234,Apoints
549614.3105,7818468.117,-8851.679688,Apoints
552101.8105,7820682.98,-8835,Apoints
551539.3105,7818468.117,-8797.839844,Apoints
548889.3105,7819369.078,-8946.259766,Apoints
550576.8086,7821659.02,-8934.709961,Apoints
549214.3105,7821152.23,-8963.80957,Apoints
548914.3105,7821565.168,-8965.490234,Apoints
551451.8105,7821396.238,-8895.019531,Apoints
550126.8105,7817266.84,-8829.490234,Apoints
549964.3105,7820682.98,-8890.219727,Apoints
549289.3105,7820119.879,-8931.769531,Apoints
549801.8105,7816741.277,-8833.469727,Apoints
550089.3105,7820664.211,-8878.820313,Apoints
551976.8105,7820007.258,-8784.25,Apoints
551464.3105,7820401.43,-8852.179688,Apoints
550389.3105,7819425.391,-8802.780273,Apoints
551051.8105,7817341.918,-8783.44043,Apoints
550114.3105,7817341.918,-8831.589844,Apoints
550014.3105,7817210.527,-8827.360352,Apoints
548976.8105,7816910.207,-8865.44043,Apoints
550851.8105,7817942.559,-8806.450195,Apoints
552176.8105,7819894.641,-8782.230469,Apoints
549164.3105,7819988.488,-8938.330078,Apoints
551101.8105,7817604.699,-8787.459961,Apoints
549176.8105,7819782.02,-8938.120117,Apoints
551626.8105,7819613.09,-8826.349609,Apoints
548964.3105,7819819.559,-8940.480469,Apoints
549251.8105,7819688.168,-8930.339844,Apoints
549039.3105,7819462.93,-8934.389648,Apoints
548989.3105,7819369.078,-8940.860352,Apoints
548964.3105,7819857.098,-8941.419922,Apoints
549176.8105,7819744.48,-8937.419922,Apoints
548964.3105,7819932.18,-8943.509766,Apoints
551251.8105,7820138.648,-8837.120117,Apoints
550714.3105,7817229.301,-8805.94043,Apoints
549076.8105,7820795.598,-8961.919922,Apoints
550151.8105,7819500.469,-8817.160156,Apoints
550889.3105,7817266.84,-8799.730469,Apoints
550914.3105,7817341.918,-8793.339844,Apoints
549501.8105,7818167.797,-8874.969727,Apoints
550476.8105,7819838.328,-8787.599609,Apoints
548901.8105,7817248.07,-8869.19043,Apoints
550814.3105,7817154.219,-8806.889648,Apoints
549439.3105,7819406.617,-8908.549805,Apoints
551689.3105,7821433.781,-8897.709961,Apoints
549326.8105,7821546.398,-8962.110352,Apoints
548901.8105,7821020.84,-8973.759766,Apoints
550501.8105,7818149.027,-8836.980469,Apoints
552276.8105,7820138.648,-8798.629883,Apoints
550414.3105,7818449.348,-8837.330078,Apoints
550939.3105,7817604.699,-8803.509766,Apoints
548939.3105,7819462.93,-8940.110352,Apoints
549101.8105,7820682.98,-8968.219727,Apoints
551139.3105,7818787.207,-8820.910156,Apoints
550114.3105,7816778.816,-8829.790039,Apoints
551651.8105,7816722.508,-8783.120117,Apoints
550501.8105,7821677.789,-8939.679688,Apoints
548901.8105,7820607.898,-8959.719727,Apoints
551239.3105,7818805.98,-8816.549805,Apoints
549201.8105,7820607.898,-8963.570313,Apoints
551914.3105,7821640.25,-8864.580078,Apoints
551889.3105,7817811.168,-8793.980469,Apoints
550276.8105,7821077.148,-8904.959961,Apoints
550501.8105,7816985.289,-8828.660156,Apoints
550801.8105,7819444.16,-8801.509766,Apoints
550939.3105,7817548.387,-8797.980469,Apoints
551626.8105,7817116.68,-8790.240234,Apoints
551039.3105,7819200.148,-8804.870117,Apoints
549989.3105,7816853.898,-8834.860352,Apoints
550339.3105,7821171,-8910.280273,Apoints
549989.3105,7819838.328,-8837.950195,Apoints
548889.3105,7819969.719,-8941.660156,Apoints
549239.3105,7820194.961,-8932.290039,Apoints
549189.3105,7821264.848,-8963.070313,Apoints
549826.8105,7820814.371,-8927.25,Apoints
551764.3105,7820851.91,-8861.69043,Apoints
552339.3105,7819181.379,-8817.070313,Apoints
551601.8105,7819932.18,-8832.570313,Apoints
549826.8105,7820945.758,-8942.650391,Apoints
549514.3105,7818824.75,-8862.269531,Apoints
549014.3105,7819969.719,-8942.80957,Apoints
549726.8105,7818167.797,-8868.919922,Apoints
549339.3105,7820345.121,-8937.589844,Apoints
552289.3105,7817116.68,-8727.889648,Apoints
549639.3105,7819538.008,-8891.780273,Apoints
552151.8105,7820720.52,-8837.280273,Apoints
552414.3105,7819763.25,-8804.080078,Apoints
552339.3105,7819725.711,-8807.94043,Apoints
550889.3105,7817623.469,-8809.509766,Apoints
550576.8086,7817923.789,-8829.080078,Apoints
549414.3105,7821246.078,-8955.709961,Apoints
549926.8105,7819857.098,-8852.459961,Apoints
551701.8105,7819462.93,-8822.919922,Apoints
549664.3105,7818505.66,-8847.730469,Apoints
549276.8105,7821527.629,-8958.629883,Apoints
548901.8105,7817060.367,-8868.980469,Apoints
551751.8105,7819125.07,-8810.620117,Apoints
551139.3105,7820101.109,-8834.330078,Apoints
551026.8105,7820495.281,-8829.94043,Apoints
550801.8105,7819688.168,-8810.269531,Apoints
551164.3105,7819932.18,-8830.780273,Apoints
548989.3105,7817154.219,-8856.469727,Apoints
550801.8105,7820457.738,-8793.139648,Apoints
548939.3105,7819387.852,-8943.219727,Apoints
552014.3105,7819744.48,-8803.570313,Apoints
549214.3105,7819969.719,-8936.530273,Apoints
550989.3105,7817473.309,-8785.139648,Apoints
550939.3105,7817492.078,-8791.80957,Apoints
550351.8105,7818956.141,-8793.129883,Apoints
552089.3105,7818637.047,-8810.80957,Apoints
551051.8105,7817623.469,-8790.070313,Apoints
552289.3105,7817905.02,-8796.040039,Apoints
551676.8105,7819594.32,-8825.719727,Apoints
549989.3105,7820326.348,-8849.650391,Apoints
549251.8105,7820270.039,-8933.19043,Apoints
552064.3105,7819763.25,-8801.049805,Apoints
548964.3105,7819800.789,-8940.429688,Apoints
548964.3105,7819875.867,-8942.110352,Apoints
548989.3105,7819444.16,-8938.19043,Apoints
549001.8105,7821077.148,-8970.379883,Apoints
549039.3105,7819387.852,-8937.290039,Apoints
549576.8105,7817961.328,-8869.099609,Apoints
548926.8105,7821208.539,-8965.570313,Apoints
550864.3105,7819125.07,-8780.69043,Apoints
549176.8105,7819725.711,-8936.780273,Apoints
550126.8105,7820758.059,-8887.110352,Apoints
551264.3105,7817923.789,-8787.230469,Apoints
549801.8105,7819294,-8849.44043,Apoints
551864.3105,7821752.867,-8853.30957,Apoints
550926.8105,7819838.328,-8813.080078,Apoints
549564.3105,7817229.301,-8801.339844,Apoints
549364.3105,7820176.188,-8929.570313,Apoints
551176.8105,7821227.309,-8903.540039,Apoints
549301.8105,7820607.898,-8957.469727,Apoints
550589.3105,7818881.059,-8808.820313,Apoints
551589.3105,7818805.98,-8793.05957,Apoints
550326.8105,7819556.777,-8811.639648,Apoints
549314.3105,7820288.809,-8932.580078,Apoints
549114.3105,7821527.629,-8953.139648,Apoints
549226.8105,7821095.918,-8961.259766,Apoints
549176.8105,7821433.781,-8953.870117,Apoints
549789.3105,7820607.898,-8916.30957,Apoints
551464.3105,7821095.918,-8893.099609,Apoints
549201.8105,7819669.398,-8932.709961,Apoints
550364.3105,7816760.051,-8832.610352,Apoints
551339.3105,7817980.098,-8787.25,Apoints
550464.3105,7820945.758,-8864.919922,Apoints
552139.3105,7821659.02,-8846.820313,Apoints
552326.8105,7821433.781,-8858.719727,Apoints
549889.3105,7818130.258,-8867.469727,Apoints
552426.8105,7820457.738,-8823.679688,Apoints
549951.8105,7817210.527,-8829.160156,Apoints
549114.3105,7819988.488,-8938.280273,Apoints
551851.8105,7819425.391,-8817.120117,Apoints
549001.8105,7819125.07,-8929.879883,Apoints
550751.8105,7819218.918,-8770.959961,Apoints
552326.8105,7818468.117,-8822.070313,Apoints
548951.8105,7819237.688,-8942.040039,Apoints
551276.8105,7817848.711,-8790.049805,Apoints
550126.8105,7818130.258,-8863.679688,Apoints
550989.3105,7819444.16,-8805.849609,Apoints
551926.8105,7821321.16,-8875.730469,Apoints
551726.8105,7817905.02,-8798.410156,Apoints
551239.3105,7820739.289,-8874.719727,Apoints
550576.8086,7818242.879,-8828.759766,Apoints
549114.3105,7820889.449,-8963.370117,Apoints
549276.8105,7820964.531,-8964.040039,Apoints
548964.3105,7819913.41,-8943.280273,Apoints
549926.8105,7819725.711,-8849.629883,Apoints
552376.8105,7821321.16,-8857.790039,Apoints
549864.3105,7816816.359,-8837.290039,Apoints
549226.8105,7818167.797,-8888.339844,Apoints
548901.8105,7817097.91,-8870.860352,Apoints
549001.8105,7820251.27,-8950.290039,Apoints
550239.3105,7817060.367,-8815.780273,Apoints
549726.8105,7820814.371,-8940.30957,Apoints
549364.3105,7820720.52,-8960.94043,Apoints
550951.8105,7821227.309,-8909.099609,Apoints
550939.3105,7816966.52,-8812.160156,Apoints
550339.3105,7817923.789,-8847.05957,Apoints
549264.3105,7819594.32,-8927.669922,Apoints
551026.8105,7817829.938,-8804.700195,Apoints
549814.3105,7816666.199,-8836.5,Apoints
548964.3105,7819838.328,-8940.820313,Apoints
550501.8105,7819425.391,-8772.030273,Apoints
550151.8105,7819125.07,-8826.700195,Apoints
551814.3105,7821433.781,-8888.099609,Apoints
550401.8105,7821020.84,-8885.030273,Apoints
549601.8105,7821133.457,-8961.950195,Apoints
551989.3105,7818561.969,-8805.19043,Apoints
549389.3105,7821565.168,-8964.820313,Apoints
550989.3105,7820476.508,-8821.339844,Apoints
549401.8105,7820870.68,-8965.030273,Apoints
548889.3105,7819669.398,-8939.669922,Apoints
549101.8105,7819838.328,-8939.959961,Apoints
549051.8105,7819613.09,-8932.929688,Apoints
549364.3105,7820795.598,-8966.900391,Apoints
549176.8105,7821039.609,-8960.19043,Apoints
549476.8105,7819613.09,-8917.5,Apoints
551101.8105,7817548.387,-8783.849609,Apoints
550726.8105,7817961.328,-8813.070313,Apoints
549664.3105,7819387.852,-8882.480469,Apoints
549289.3105,7821095.918,-8961.69043,Apoints
549426.8105,7821095.918,-8955.709961,Apoints
551639.3105,7817980.098,-8789.669922,Apoints
552064.3105,7819838.328,-8793.929688,Apoints
549414.3105,7819538.008,-8916.820313,Apoints
550164.3105,7820664.211,-8871.230469,Apoints
549076.8105,7820138.648,-8938.519531,Apoints
549889.3105,7817135.449,-8825.360352,Apoints
550451.8105,7817154.219,-8816.330078,Apoints
549476.8105,7820288.809,-8924.700195,Apoints
549651.8105,7820213.73,-8904.69043,Apoints
550626.8105,7819350.309,-8775.209961,Apoints
550426.8105,7819200.148,-8782.639648,Apoints
550089.3105,7819782.02,-8823.200195,Apoints
549964.3105,7819631.859,-8838.950195,Apoints
549289.3105,7816703.738,-8835.330078,Apoints
549376.8105,7821171,-8956.860352,Apoints
551751.8105,7819031.219,-8808.19043,Apoints
551214.3105,7817792.398,-8789.730469,Apoints
550589.3105,7817360.688,-8823.259766,Apoints
551164.3105,7817154.219,-8793.860352,Apoints
549876.8105,7821020.84,-8942.209961,Apoints
550539.3105,7820870.68,-8867.070313,Apoints
552276.8105,7820382.66,-8801.349609,Apoints
550626.8105,7821020.84,-8896.719727,Apoints
550814.3105,7817754.859,-8816.179688,Apoints
550951.8105,7817961.328,-8803.259766,Apoints
549189.3105,7819894.641,-8937.040039,Apoints
549526.8105,7819538.008,-8905.110352,Apoints
550389.3105,7819838.328,-8780.849609,Apoints
550689.3105,7817886.25,-8819.660156,Apoints
548889.3105,7820814.371,-8966.5,Apoints
551026.8105,7817773.629,-8801.80957,Apoints
549026.8105,7820870.68,-8964.019531,Apoints
551576.8105,7819106.301,-8814.929688,Apoints
550801.8105,7817285.609,-8802.629883,Apoints
550751.8105,7817172.988,-8806.80957,Apoints
549776.8105,7820964.531,-8948.94043,Apoints
548989.3105,7820007.258,-8942.5,Apoints
550489.3105,7821208.539,-8900.490234,Apoints
551001.8105,7817698.547,-8800.370117,Apoints
550901.8105,7817135.449,-8803.019531,Apoints
550826.8105,7817679.777,-8812.509766,Apoints
550326.8105,7819631.859,-8809.05957,Apoints
549451.8105,7820607.898,-8950.790039,Apoints
550576.8086,7821171,-8905.870117,Apoints
548889.3105,7819519.238,-8934.820313,Apoints
550114.3105,7820983.297,-8919.44043,Apoints
550814.3105,7817398.227,-8801.389648,Apoints
550901.8105,7820514.051,-8810.589844,Apoints
549339.3105,7820401.43,-8943.200195,Apoints
549651.8105,7819519.238,-8889.209961,Apoints
549839.3105,7817154.219,-8827.620117,Apoints
549151.8105,7819894.641,-8938.849609,Apoints
549564.3105,7819462.93,-8896.709961,Apoints
551026.8105,7820194.961,-8818.740234,Apoints
550189.3105,7820307.578,-8804.269531,Apoints
549214.3105,7820945.758,-8964.089844,Apoints
550814.3105,7820420.199,-8784.75,Apoints
550914.3105,7818862.289,-8811.519531,Apoints
551314.3105,7820101.109,-8838.089844,Apoints
549039.3105,7821358.699,-8961.990234,Apoints
552126.8105,7820551.59,-8811.30957,Apoints
550889.3105,7817417,-8792.919922,Apoints
550139.3105,7819350.309,-8816.200195,Apoints
550751.8105,7819350.309,-8794.269531,Apoints
549101.8105,7820101.109,-8936.620117,Apoints
550139.3105,7820607.898,-8865.049805,Apoints
551151.8105,7817698.547,-8789.94043,Apoints
551851.8105,7819106.301,-8815.150391,Apoints
549339.3105,7819406.617,-8915.599609,Apoints
551326.8105,7817623.469,-8796.69043,Apoints
548889.3105,7820870.68,-8969.05957,Apoints
549914.3105,7816684.969,-8833.230469,Apoints
551976.8105,7818899.828,-8813.080078,Apoints
552276.8105,7820795.598,-8836.740234,Apoints
550201.8105,7817304.379,-8827.570313,Apoints
550939.3105,7817417,-8788.429688,Apoints
550201.8105,7820138.648,-8799.820313,Apoints
549001.8105,7820157.418,-8946.379883,Apoints
550964.3105,7818862.289,-8813.44043,Apoints
549001.8105,7819763.25,-8940.209961,Apoints
549376.8105,7821114.691,-8957.570313,Apoints
551626.8105,7819106.301,-8813.169922,Apoints
549101.8105,7819894.641,-8939.839844,Apoints
549339.3105,7821171,-8959.150391,Apoints
550901.8105,7820476.508,-8804.820313,Apoints
550464.3105,7816666.199,-8834.860352,Apoints
550889.3105,7817679.777,-8808.790039,Apoints
549151.8105,7819838.328,-8939.230469,Apoints
549401.8105,7820607.898,-8951.620117,Apoints
549301.8105,7820776.828,-8968.509766,Apoints
549364.3105,7819538.008,-8919.700195,Apoints
549401.8105,7821715.328,-8972.950195,Apoints
550326.8105,7819425.391,-8814.94043,Apoints
549864.3105,7816684.969,-8835.370117,Apoints
548976.8105,7820063.57,-8941.919922,Apoints
549014.3105,7816928.98,-8862.129883,Apoints
552239.3105,7819913.41,-8785.94043,Apoints
550864.3105,7819369.078,-8804.469727,Apoints
550976.8105,7820420.199,-8814.160156,Apoints
549801.8105,7821020.84,-8948.910156,Apoints
550051.8105,7817079.141,-8820.230469,Apoints
550101.8105,7816666.199,-8828.94043,Apoints
549089.3105,7820232.5,-8943.480469,Apoints
550376.8105,7819350.309,-8806.360352,Apoints
549464.3105,7819462.93,-8905.429688,Apoints
549151.8105,7816853.898,-8855.830078,Apoints
551701.8105,7818956.141,-8802.360352,Apoints
550789.3105,7817961.328,-8808.679688,Apoints
550064.3105,7817229.301,-8827.700195,Apoints
551001.8105,7817323.148,-8787.349609,Apoints
551576.8105,7819669.398,-8828.129883,Apoints
549564.3105,7819594.32,-8904.650391,Apoints
549951.8105,7819556.777,-8840.759766,Apoints
550726.8105,7817923.789,-8815.570313,Apoints
550801.8105,7817248.07,-8803.740234,Apoints
548989.3105,7821377.469,-8960.540039,Apoints
551089.3105,7818787.207,-8821.530273,Apoints
549576.8105,7819538.008,-8898.980469,Apoints
551801.8105,7818805.98,-8797.919922,Apoints
550014.3105,7818242.879,-8865.110352,Apoints
550976.8105,7817754.859,-8805.459961,Apoints
552076.8105,7817998.871,-8790.570313,Apoints
551751.8105,7818899.828,-8803.879883,Apoints
551739.3105,7819538.008,-8824.080078,Apoints
548914.3105,7820101.109,-8945.169922,Apoints
552076.8105,7820551.59,-8815.240234,Apoints
551064.3105,7817548.387,-8783.610352,Apoints
549339.3105,7821095.918,-8960.549805,Apoints
548976.8105,7820870.68,-8966.290039,Apoints
549426.8105,7819631.859,-8921.55957,Apoints
549514.3105,7819387.852,-8901.269531,Apoints
551539.3105,7818787.207,-8793.009766,Apoints
550951.8105,7817698.547,-8805.679688,Apoints
548939.3105,7819519.238,-8934.160156,Apoints
550426.8105,7820476.508,-8804.469727,Apoints
549464.3105,7821696.559,-8972.099609,Apoints
552226.8105,7819200.148,-8816.5,Apoints
552026.8105,7819256.457,-8814.230469,Apoints
552214.3105,7820213.73,-8786.799805,Apoints
548914.3105,7820270.039,-8955.660156,Apoints
551401.8105,7821227.309,-8894.950195,Apoints
551801.8105,7819538.008,-8823.799805,Apoints
550376.8105,7819631.859,-8796.030273,Apoints
549114.3105,7820401.43,-8949.55957,Apoints
550264.3105,7819500.469,-8817.830078,Apoints
550614.3105,7821114.691,-8905.040039,Apoints
551214.3105,7819950.949,-8834.929688,Apoints
549226.8105,7821508.859,-8954.660156,Apoints
550689.3105,7819425.391,-8789.450195,Apoints
551364.3105,7820983.297,-8888.80957,Apoints
551489.3105,7819894.641,-8835.679688,Apoints
552276.8105,7819744.48,-8804.530273,Apoints
550689.3105,7819763.25,-8808.5,Apoints
549276.8105,7821189.77,-8961.400391,Apoints
549551.8105,7819369.078,-8896.459961,Apoints
549651.8105,7819782.02,-8897.900391,Apoints
549201.8105,7819838.328,-8936.450195,Apoints
550414.3105,7821133.457,-8896.009766,Apoints
549314.3105,7819538.008,-8921.660156,Apoints
551339.3105,7817154.219,-8788.129883,Apoints
551876.8105,7819200.148,-8815.120117,Apoints
549264.3105,7820776.828,-8968.950195,Apoints
551164.3105,7819575.551,-8817.830078,Apoints
549001.8105,7820119.879,-8943.599609,Apoints
549426.8105,7820363.887,-8936.820313,Apoints
549114.3105,7819650.629,-8934.44043,Apoints
551251.8105,7817079.141,-8791.589844,Apoints
550976.8105,7817172.988,-8797.299805,Apoints
550264.3105,7819838.328,-8810.860352,Apoints
550101.8105,7820251.27,-8813.009766,Apoints
549239.3105,7818224.109,-8888.830078,Apoints
550576.8086,7821095.918,-8899.360352,Apoints
549226.8105,7818805.98,-8895.549805,Apoints
551889.3105,7817191.758,-8780.730469,Apoints
549114.3105,7820945.758,-8962.099609,Apoints
549489.3105,7819988.488,-8921.780273,Apoints
549201.8105,7819594.32,-8929.410156,Apoints
551226.8105,7819631.859,-8823.769531,Apoints
549251.8105,7821339.93,-8951.730469,Apoints
550501.8105,7821039.609,-8882.269531,Apoints
551089.3105,7817848.711,-8798.19043,Apoints
550114.3105,7817304.379,-8831,Apoints
551551.8105,7819819.559,-8837.030273,Apoints
550801.8105,7819106.301,-8781.290039,Apoints
548901.8105,7816872.668,-8869.150391,Apoints
549001.8105,7821039.609,-8968.849609,Apoints
552101.8105,7817492.078,-8779.280273,Apoints
549351.8105,7820870.68,-8966.69043,Apoints
548926.8105,7819669.398,-8939.379883,Apoints
550326.8105,7819706.938,-8801.820313,Apoints
550726.8105,7819031.219,-8794.740234,Apoints
550826.8105,7817454.539,-8802.879883,Apoints
551439.3105,7820345.121,-8839.179688,Apoints
549414.3105,7820795.598,-8965.019531,Apoints
549214.3105,7821039.609,-8959.259766,Apoints
550039.3105,7816666.199,-8826.919922,Apoints
551226.8105,7819500.469,-8815.959961,Apoints
549001.8105,7819613.09,-8933.280273,Apoints
548989.3105,7820701.75,-8963.05957,Apoints
550501.8105,7821171,-8895.950195,Apoints
548926.8105,7820870.68,-8968.599609,Apoints
549701.8105,7819763.25,-8892.570313,Apoints
550064.3105,7820945.758,-8914.450195,Apoints
550501.8105,7821133.457,-8891.370117,Apoints
549126.8105,7818055.18,-8889.070313,Apoints
549789.3105,7819369.078,-8856.769531,Apoints
552401.8105,7819819.559,-8800.900391,Apoints
551901.8105,7817379.461,-8782.339844,Apoints
549339.3105,7819369.078,-8915.769531,Apoints
550189.3105,7820288.809,-8805.139648,Apoints
548989.3105,7820814.371,-8963.400391,Apoints
550476.8105,7820270.039,-8784.19043,Apoints
549176.8105,7820964.531,-8962.25,Apoints
548926.8105,7820795.598,-8965.200195,Apoints
549601.8105,7819369.078,-8890.959961,Apoints
550626.8105,7821171,-8912,Apoints
549114.3105,7819125.07,-8924.339844,Apoints
551689.3105,7817998.871,-8787.230469,Apoints
550739.3105,7817886.25,-8816.44043,Apoints
550551.8105,7820983.297,-8883.389648,Apoints
551689.3105,7819049.988,-8806.379883,Apoints
552114.3105,7819838.328,-8790.339844,Apoints
551589.3105,7820664.211,-8856.969727,Apoints
552439.3105,7819838.328,-8807.900391,Apoints
551976.8105,7819331.539,-8815.790039,Apoints
549439.3105,7821471.32,-8967.19043,Apoints
549239.3105,7819894.641,-8933.099609,Apoints
549051.8105,7819763.25,-8939.700195,Apoints
550326.8105,7816666.199,-8830.719727,Apoints
551064.3105,7817154.219,-8796.69043,Apoints
551964.3105,7819462.93,-8811.820313,Apoints
549464.3105,7819538.008,-8912.589844,Apoints
549564.3105,7818899.828,-8860.44043,Apoints
551589.3105,7818486.891,-8795.349609,Apoints
549789.3105,7818224.109,-8864.910156,Apoints
552414.3105,7820495.281,-8825.599609,Apoints
549939.3105,7821734.102,-8968.730469,Apoints
552139.3105,7817923.789,-8792.5,Apoints
550626.8105,7819819.559,-8802.799805,Apoints
550514.3105,7817097.91,-8816.400391,Apoints
550801.8105,7819575.551,-8806.259766,Apoints
549301.8105,7819237.688,-8912.219727,Apoints
548889.3105,7817004.059,-8862.799805,Apoints
549614.3105,7820007.258,-8912.290039,Apoints
552214.3105,7820776.828,-8839.599609,Apoints
550214.3105,7819575.551,-8822.980469,Apoints
549989.3105,7821640.25,-8969.280273,Apoints
550539.3105,7820607.898,-8816.410156,Apoints
550764.3105,7817548.387,-8816.379883,Apoints
549064.3105,7817923.789,-8879.990234,Apoints
549001.8105,7817886.25,-8881.740234,Apoints
550814.3105,7816666.199,-8827.839844,Apoints
551351.8105,7817398.227,-8787.80957,Apoints
550264.3105,7820157.418,-8801,Apoints
551476.8105,7820063.57,-8822.639648,Apoints
551376.8105,7817548.387,-8797.740234,Apoints
550039.3105,7820682.98,-8882.389648,Apoints
550539.3105,7820776.828,-8850.80957,Apoints
549551.8105,7820720.52,-8948.870117,Apoints
550639.3105,7817041.598,-8820.469727,Apoints
550739.3105,7820213.73,-8774.469727,Apoints
551476.8105,7819950.949,-8832.950195,Apoints
550451.8105,7819556.777,-8781.860352,Apoints
550439.3105,7819688.168,-8786.009766,Apoints
551939.3105,7819688.168,-8812.650391,Apoints
550564.3105,7819425.391,-8778.379883,Apoints
549801.8105,7819650.629,-8870.94043,Apoints
550089.3105,7820607.898,-8869.480469,Apoints
549739.3105,7816910.207,-8838.75,Apoints
549276.8105,7817754.859,-8850.570313,Apoints
550926.8105,7817754.859,-8807.490234,Apoints
550614.3105,7820926.988,-8882.660156,Apoints
549864.3105,7816741.277,-8833.429688,Apoints
549864.3105,7820889.449,-8932.660156,Apoints
549289.3105,7819894.641,-8929.429688,Apoints
549839.3105,7817323.148,-8833.139648,Apoints
550101.8105,7820908.219,-8908.530273,Apoints
550864.3105,7819631.859,-8806.269531,Apoints
549214.3105,7816703.738,-8844.610352,Apoints
550764.3105,7817661.008,-8816.730469,Apoints
550814.3105,7820495.281,-8805.469727,Apoints
552439.3105,7819331.539,-8822.910156,Apoints
549876.8105,7820814.371,-8921.030273,Apoints
550414.3105,7816741.277,-8836.959961,Apoints
549901.8105,7817266.84,-8833.19043,Apoints
549926.8105,7816741.277,-8831.990234,Apoints
550576.8086,7817097.91,-8814.980469,Apoints
549839.3105,7817210.527,-8830.179688,Apoints
550039.3105,7819857.098,-8823.799805,Apoints
550326.8105,7816722.508,-8830.400391,Apoints
551076.8105,7817905.02,-8798.259766,Apoints
550264.3105,7817229.301,-8818.870117,Apoints
550139.3105,7820908.219,-8906.259766,Apoints
550264.3105,7817341.918,-8823.910156,Apoints
549976.8105,7820607.898,-8881.719727,Apoints
549826.8105,7817623.469,-8850.769531,Apoints
551051.8105,7817398.227,-8781.919922,Apoints
550151.8105,7819631.859,-8828.480469,Apoints
549764.3105,7820889.449,-8944.320313,Apoints
550051.8105,7816778.816,-8830.610352,Apoints
551101.8105,7817304.379,-8785.240234,Apoints
550239.3105,7816684.969,-8832.349609,Apoints
549351.8105,7817417,-8783.790039,Apoints
550851.8105,7820082.34,-8810.339844,Apoints
551301.8105,7819969.719,-8838.070313,Apoints
550639.3105,7817304.379,-8815.950195,Apoints
551026.8105,7816947.75,-8807.240234,Apoints
551151.8105,7817116.68,-8795.459961,Apoints
549151.8105,7816684.969,-8852.209961,Apoints
549964.3105,7817266.84,-8833.25,Apoints
550626.8105,7819481.699,-8785.509766,Apoints
551176.8105,7817604.699,-8784.959961,Apoints
549226.8105,7820063.57,-8934.790039,Apoints
549776.8105,7817323.148,-8825.179688,Apoints
551414.3105,7820007.258,-8832.820313,Apoints
551514.3105,7820326.348,-8835.389648,Apoints
550701.8105,7817661.008,-8821.049805,Apoints
549201.8105,7816666.199,-8844.509766,Apoints
550701.8105,7817604.699,-8822.519531,Apoints
550639.3105,7817135.449,-8810.959961,Apoints
551251.8105,7817360.688,-8783.849609,Apoints
549114.3105,7817792.398,-8858.389648,Apoints
551539.3105,7820063.57,-8816.070313,Apoints
549651.8105,7817304.379,-8809.610352,Apoints
551064.3105,7817116.68,-8800.129883,Apoints
550826.8105,7817548.387,-8811,Apoints
551176.8105,7817510.848,-8782.620117,Apoints
549139.3105,7821189.77,-8965.990234,Apoints
550451.8105,7820776.828,-8832.629883,Apoints
548989.3105,7816985.289,-8855.80957,Apoints
551189.3105,7820026.027,-8836.55957,Apoints
550801.8105,7819631.859,-8808.55957,Apoints
551314.3105,7817510.848,-8792.030273,Apoints
549876.8105,7820964.531,-8939.730469,Apoints
549839.3105,7817266.84,-8831.480469,Apoints
550201.8105,7819650.629,-8826.629883,Apoints
549914.3105,7816797.59,-8834.69043,Apoints
549901.8105,7817323.148,-8836.009766,Apoints
549339.3105,7820457.738,-8950.099609,Apoints
551301.8105,7820026.027,-8838.349609,Apoints
550089.3105,7819631.859,-8826.400391,Apoints
550564.3105,7819481.699,-8785.349609,Apoints
551151.8105,7817642.238,-8788.459961,Apoints
551414.3105,7819950.949,-8834.730469,Apoints
549189.3105,7820063.57,-8936.089844,Apoints
551576.8105,7820326.348,-8831.950195,Apoints
551014.3105,7817905.02,-8803.459961,Apoints
550276.8105,7817304.379,-8822.099609,Apoints
549714.3105,7819425.391,-8876.040039,Apoints
550614.3105,7820870.68,-8873.740234,Apoints
549926.8105,7820607.898,-8891.879883,Apoints
551351.8105,7819950.949,-8837.549805,Apoints
550439.3105,7819350.309,-8788.179688,Apoints
552001.8105,7817323.148,-8776.209961,Apoints
550764.3105,7817604.699,-8818.05957,Apoints
550564.3105,7821039.609,-8892.269531,Apoints
551264.3105,7817323.148,-8783.160156,Apoints
550114.3105,7820307.578,-8814.009766,Apoints
549126.8105,7820157.418,-8936.80957,Apoints
550326.8105,7819763.25,-8798.589844,Apoints
550864.3105,7819500.469,-8800.910156,Apoints
551326.8105,7817191.758,-8785.959961,Apoints
550864.3105,7817736.09,-8810.830078,Apoints
551276.8105,7819669.398,-8827.240234,Apoints
550176.8105,7820701.75,-8874.209961,Apoints
550901.8105,7817961.328,-8804.25,Apoints
549514.3105,7817248.07,-8796.639648,Apoints
551526.8105,7821471.32,-8892.459961,Apoints
550164.3105,7819838.328,-8818.540039,Apoints
551926.8105,7820007.258,-8786.629883,Apoints
550514.3105,7817041.598,-8820.910156,Apoints
550339.3105,7817266.84,-8818.599609,Apoints
551189.3105,7820101.109,-8837.219727,Apoints
549414.3105,7820044.801,-8929.570313,Apoints
549201.8105,7820664.211,-8963.290039,Apoints
549851.8105,7820570.359,-8904.540039,Apoints
549739.3105,7820682.98,-8929.799805,Apoints
549264.3105,7820851.91,-8969.150391,Apoints
550689.3105,7819706.938,-8807.509766,Apoints
551189.3105,7817323.148,-8783.019531,Apoints
550564.3105,7819688.168,-8799.280273,Apoints
549839.3105,7820682.98,-8913.610352,Apoints
550501.8105,7819613.09,-8789.209961,Apoints
550576.8086,7817004.059,-8825.099609,Apoints
550039.3105,7817285.609,-8831.889648,Apoints
549714.3105,7817341.918,-8819.450195,Apoints
549326.8105,7817679.777,-8839.179688,Apoints
549189.3105,7817266.84,-8811.360352,Apoints
550601.8105,7820776.828,-8853.790039,Apoints
549551.8105,7821002.07,-8953.469727,Apoints
551351.8105,7817454.539,-8792.530273,Apoints
551989.3105,7820288.809,-8781.290039,Apoints
550051.8105,7817754.859,-8858.980469,Apoints
551914.3105,7820251.27,-8779.009766,Apoints
551601.8105,7817980.098,-8789.55957,Apoints
552151.8105,7821752.867,-8840.740234,Apoints
549651.8105,7817492.078,-8824.580078,Apoints
550339.3105,7817604.699,-8834.150391,Apoints
550476.8105,7817285.609,-8823.650391,Apoints
549076.8105,7817360.688,-8834.080078,Apoints
551526.8105,7817867.48,-8797.639648,Apoints
550101.8105,7817886.25,-8860.129883,Apoints
550926.8105,7816872.668,-8810.950195,Apoints
550464.3105,7820889.449,-8856.599609,Apoints
552101.8105,7820964.531,-8856.019531,Apoints
551876.8105,7820795.598,-8849.910156,Apoints
551089.3105,7816872.668,-8800.980469,Apoints
551214.3105,7817717.32,-8789.30957,Apoints
550589.3105,7817248.07,-8814.080078,Apoints
551326.8105,7817248.07,-8783.080078,Apoints
550426.8105,7817341.918,-8826.290039,Apoints
551439.3105,7817642.238,-8802.259766,Apoints
549501.8105,7820326.348,-8922.370117,Apoints
550164.3105,7816778.816,-8830.05957,Apoints
549476.8105,7816703.738,-8835.620117,Apoints
550026.8105,7820908.219,-8912.209961,Apoints
549901.8105,7819575.551,-8850.30957,Apoints
550276.8105,7819688.168,-8814.780273,Apoints
549814.3105,7819218.918,-8847.759766,Apoints
549414.3105,7817529.617,-8811.889648,Apoints
550039.3105,7819519.238,-8824.80957,Apoints
549989.3105,7819782.02,-8836.120117,Apoints
550976.8105,7819857.098,-8814.839844,Apoints
551226.8105,7820476.508,-8848.230469,Apoints
551014.3105,7817961.328,-8799.910156,Apoints
549451.8105,7820401.43,-8939.459961,Apoints
549751.8105,7819725.711,-8883.969727,Apoints
551414.3105,7820063.57,-8830.299805,Apoints
550476.8105,7820607.898,-8810.469727,Apoints
550014.3105,7817154.219,-8823.519531,Apoints
550139.3105,7817210.527,-8824.480469,Apoints
551164.3105,7817210.527,-8788.669922,Apoints
549126.8105,7821133.457,-8964.769531,Apoints
550739.3105,7819631.859,-8807.980469,Apoints
549864.3105,7819650.629,-8859.719727,Apoints
550914.3105,7817886.25,-8807.459961,Apoints
551339.3105,7820420.199,-8852.280273,Apoints
550814.3105,7817811.168,-8816.540039,Apoints
549989.3105,7820964.531,-8922.179688,Apoints
552176.8105,7820213.73,-8779.05957,Apoints
550114.3105,7816835.129,-8830.860352,Apoints
549914.3105,7820889.449,-8927.219727,Apoints
549651.8105,7821152.23,-8963.169922,Apoints
550464.3105,7816722.508,-8838,Apoints
549776.8105,7817210.527,-8826.349609,Apoints
551876.8105,7820345.121,-8794.980469,Apoints
548939.3105,7821283.617,-8963.660156,Apoints
549776.8105,7817266.84,-8825.629883,Apoints
549926.8105,7820833.141,-8915.870117,Apoints
551151.8105,7820026.027,-8834.169922,Apoints
550414.3105,7820870.68,-8862.259766,Apoints
551226.8105,7817529.617,-8782.889648,Apoints
551514.3105,7820438.969,-8854.05957,Apoints
549939.3105,7820758.059,-8903.769531,Apoints
550614.3105,7820251.27,-8773.719727,Apoints
550401.8105,7817172.988,-8817.040039,Apoints
551064.3105,7817210.527,-8790.69043,Apoints
550214.3105,7817210.527,-8819.509766,Apoints
551464.3105,7820457.738,-8859.05957,Apoints
550076.8105,7820739.289,-8888.19043,Apoints
549089.3105,7817154.219,-8832.799805,Apoints
551951.8105,7820457.738,-8808.480469,Apoints
550101.8105,7817829.938,-8858.330078,Apoints
549864.3105,7821058.379,-8945.139648,Apoints
550364.3105,7820851.91,-8870.980469,Apoints
551326.8105,7817060.367,-8791.389648,Apoints
551251.8105,7817529.617,-8785.259766,Apoints
549701.8105,7817529.617,-8836.219727,Apoints
549014.3105,7817022.828,-8851.669922,Apoints
549951.8105,7820945.758,-8927.620117,Apoints
551301.8105,7817548.387,-8791.990234,Apoints
549914.3105,7820964.531,-8935.299805,Apoints
551326.8105,7817097.91,-8789.980469,Apoints
551239.3105,7820026.027,-8838.30957,Apoints
549989.3105,7816741.277,-8829.379883,Apoints
549726.8105,7820926.988,-8950.480469,Apoints
550401.8105,7821077.148,-8891.80957,Apoints
551289.3105,7817604.699,-8792.790039,Apoints
548901.8105,7821077.148,-8972.740234,Apoints
549389.3105,7820270.039,-8930.620117,Apoints
549089.3105,7820720.52,-8966.179688,Apoints
549151.8105,7820607.898,-8967.980469,Apoints
550964.3105,7819369.078,-8808.219727,Apoints
551339.3105,7820476.508,-8858.240234,Apoints
549101.8105,7821208.539,-8968.660156,Apoints
551376.8105,7820138.648,-8832.410156,Apoints
550176.8105,7816647.43,-8831.679688,Apoints
550926.8105,7819782.02,-8812.730469,Apoints
549814.3105,7820870.68,-8935.669922,Apoints
550414.3105,7820232.5,-8787.459961,Apoints
549939.3105,7817135.449,-8823.320313,Apoints
551264.3105,7817266.84,-8782.580078,Apoints
550539.3105,7820908.219,-8872.070313,Apoints
551089.3105,7817773.629,-8794.30957,Apoints
550039.3105,7816722.508,-8827.959961,Apoints
549789.3105,7820645.438,-8919.099609,Apoints
549914.3105,7820664.211,-8898.05957,Apoints
549351.8105,7820119.879,-8930.519531,Apoints
550739.3105,7819838.328,-8809.679688,Apoints
550214.3105,7820495.281,-8830.129883,Apoints
548901.8105,7820926.988,-8970.269531,Apoints
550089.3105,7819425.391,-8817.400391,Apoints
551151.8105,7819706.938,-8824.660156,Apoints
550501.8105,7819481.699,-8777.860352,Apoints
551239.3105,7817604.699,-8786.889648,Apoints
549351.8105,7821809.18,-8975.969727,Apoints
550501.8105,7816741.277,-8840.790039,Apoints
549876.8105,7820758.059,-8915.040039,Apoints
551226.8105,7817191.758,-8787.099609,Apoints
551201.8105,7820382.66,-8837.320313,Apoints
551114.3105,7817341.918,-8784.410156,Apoints
550401.8105,7820964.531,-8878.990234,Apoints
551289.3105,7820514.051,-8857.129883,Apoints
549226.8105,7817811.168,-8853.730469,Apoints
551651.8105,7818543.199,-8790.769531,Apoints
551089.3105,7819538.008,-8813.849609,Apoints
550251.8105,7820063.57,-8805.950195,Apoints
551114.3105,7819932.18,-8826.179688,Apoints
552226.8105,7816760.051,-8754.870117,Apoints
550589.3105,7819294,-8768.459961,Apoints
552351.8105,7817454.539,-8746.610352,Apoints
550814.3105,7817492.078,-8807.94043,Apoints
551751.8105,7821640.25,-8870.519531,Apoints
550064.3105,7817417,-8833.44043,Apoints
551639.3105,7821077.148,-8887.969727,Apoints
550451.8105,7817567.16,-8829.700195,Apoints
549426.8105,7816910.207,-8827.019531,Apoints
549001.8105,7819237.688,-8940.25,Apoints
550639.3105,7819087.527,-8778.870117,Apoints
550539.3105,7819218.918,-8761.910156,Apoints
550464.3105,7819181.379,-8770.129883,Apoints
549164.3105,7818599.508,-8908.150391,Apoints
552389.3105,7819594.32,-8815.950195,Apoints
552451.8105,7816872.668,-8719.379883,Apoints
550526.8105,7819049.988,-8773.139648,Apoints
552039.3105,7818468.117,-8808.330078,Apoints
549001.8105,7817661.008,-8849.19043,Apoints
550051.8105,7821396.238,-8954.160156,Apoints
551739.3105,7817323.148,-8785.530273,Apoints
549226.8105,7818280.418,-8891.700195,Apoints
552014.3105,7817079.141,-8756.650391,Apoints
550114.3105,7817623.469,-8851.389648,Apoints
551676.8105,7816835.129,-8787.650391,Apoints
550526.8105,7817435.77,-8829.080078,Apoints
551464.3105,7821339.93,-8898.969727,Apoints
551239.3105,7820889.449,-8883.400391,Apoints
550789.3105,7821246.078,-8921.230469,Apoints
549651.8105,7818055.18,-8867.589844,Apoints
549276.8105,7816985.289,-8833.049805,Apoints
551539.3105,7820945.758,-8882.379883,Apoints
552276.8105,7816741.277,-8749.910156,Apoints
549364.3105,7817529.617,-8811.370117,Apoints
550089.3105,7820514.051,-8852.719727,Apoints
551076.8105,7817041.598,-8802.19043,Apoints
549489.3105,7817492.078,-8805.05957,Apoints
549814.3105,7821790.41,-8970.450195,Apoints
549851.8105,7820645.438,-8908.19043,Apoints
549464.3105,7818881.059,-8870.780273,Apoints
551839.3105,7816760.051,-8773.009766,Apoints
550539.3105,7817248.07,-8816.629883,Apoints
550839.3105,7816966.52,-8818.570313,Apoints
551126.8105,7817379.461,-8784.280273,Apoints
549539.3105,7817435.77,-8802.519531,Apoints
551701.8105,7821152.23,-8886.200195,Apoints
549276.8105,7817698.547,-8840.389648,Apoints
548889.3105,7817529.617,-8865.320313,Apoints
552101.8105,7820138.648,-8767.719727,Apoints
551289.3105,7817454.539,-8787.820313,Apoints
552176.8105,7816928.98,-8743.370117,Apoints
550476.8105,7820851.91,-8850.599609,Apoints
552051.8105,7819162.609,-8815.160156,Apoints
549901.8105,7820720.52,-8906.669922,Apoints
551226.8105,7816872.668,-8791.839844,Apoints
550626.8105,7820701.75,-8840.169922,Apoints
551151.8105,7820401.43,-8834.969727,Apoints
550726.8105,7820251.27,-8772.299805,Apoints
550539.3105,7818843.52,-8808.360352,Apoints
551214.3105,7817848.711,-8790.450195,Apoints
550439.3105,7816985.289,-8831,Apoints
550989.3105,7817398.227,-8786.280273,Apoints
550514.3105,7817154.219,-8813.570313,Apoints
551139.3105,7817079.141,-8795.870117,Apoints
551476.8105,7820007.258,-8827.889648,Apoints
549614.3105,7816853.898,-8838.799805,Apoints
550576.8086,7817811.168,-8829.219727,Apoints
550239.3105,7816760.051,-8830.69043,Apoints
550451.8105,7817097.91,-8817.799805,Apoints
551201.8105,7818561.969,-8805.049805,Apoints
551951.8105,7816872.668,-8774.410156,Apoints
551926.8105,7821790.41,-8848.169922,Apoints
552276.8105,7817492.078,-8760.759766,Apoints
549114.3105,7816684.969,-8858.139648,Apoints
549551.8105,7816816.359,-8839.820313,Apoints
549489.3105,7817398.227,-8791.009766,Apoints
552114.3105,7820176.188,-8768.070313,Apoints
551864.3105,7821565.168,-8874.889648,Apoints
550051.8105,7817961.328,-8862.820313,Apoints
550501.8105,7821283.617,-8910.280273,Apoints
549339.3105,7818993.68,-8897.780273,Apoints
551026.8105,7820044.801,-8827.230469,Apoints
549064.3105,7818017.637,-8889.740234,Apoints
551214.3105,7820420.199,-8841.700195,Apoints
550289.3105,7818599.508,-8841.839844,Apoints
551389.3105,7817848.711,-8797.089844,Apoints
549489.3105,7816666.199,-8834.549805,Apoints
552114.3105,7817229.301,-8767.099609,Apoints
549414.3105,7816741.277,-8831.049805,Apoints
551489.3105,7817736.09,-8800.889648,Apoints
550226.8105,7817154.219,-8816.450195,Apoints
551739.3105,7817792.398,-8800.110352,Apoints
548876.8105,7819087.527,-8930.360352,Apoints
551951.8105,7817116.68,-8771.320313,Apoints
549751.8105,7817923.789,-8864.980469,Apoints
551526.8105,7817961.328,-8792.040039,Apoints
552376.8105,7816835.129,-8734.450195,Apoints
549976.8105,7821020.84,-8926.730469,Apoints
549601.8105,7817398.227,-8808.139648,Apoints
549001.8105,7817980.098,-8889.870117,Apoints
551539.3105,7819969.719,-8831.30957,Apoints
552176.8105,7817811.168,-8783.959961,Apoints
551726.8105,7816760.051,-8781.320313,Apoints
549976.8105,7820851.91,-8911.120117,Apoints
550301.8105,7820101.109,-8800.830078,Apoints
549414.3105,7817435.77,-8788.55957,Apoints
551139.3105,7817811.168,-8794.169922,Apoints
551389.3105,7817661.008,-8800.25,Apoints
550526.8105,7818411.809,-8826.860352,Apoints
552126.8105,7816703.738,-8763.169922,Apoints
548951.8105,7819049.988,-8924.549805,Apoints
549351.8105,7816703.738,-8824.599609,Apoints
549501.8105,7818749.668,-8860.389648,Apoints
550001.8105,7820270.039,-8836.629883,Apoints
550364.3105,7820082.34,-8786.099609,Apoints
549464.3105,7820682.98,-8954.549805,Apoints
550676.8105,7819913.41,-8798.870117,Apoints
550489.3105,7820776.828,-8836.870117,Apoints
550789.3105,7820119.879,-8801.179688,Apoints
552326.8105,7821246.078,-8855.780273,Apoints
549489.3105,7820363.887,-8929.530273,Apoints
551276.8105,7820382.66,-8842.900391,Apoints
551476.8105,7820908.219,-8881.120117,Apoints
551339.3105,7817323.148,-8782.5,Apoints
549751.8105,7817736.09,-8852.55957,Apoints
549276.8105,7818712.129,-8890.330078,Apoints
551276.8105,7817172.988,-8787.009766,Apoints
552326.8105,7821752.867,-8835.070313,Apoints
550639.3105,7817679.777,-8824.519531,Apoints
551189.3105,7821715.328,-8901.05957,Apoints
551676.8105,7821677.789,-8871.049805,Apoints
551939.3105,7820795.598,-8848.870117,Apoints
551314.3105,7817661.008,-8796.259766,Apoints
550614.3105,7820814.371,-8863,Apoints
550464.3105,7820176.188,-8771.660156,Apoints
552051.8105,7816666.199,-8767.599609,Apoints
550701.8105,7817510.848,-8819.370117,Apoints
551964.3105,7817623.469,-8789.049805,Apoints
552389.3105,7820232.5,-8810.080078,Apoints
551014.3105,7816910.207,-8807.230469,Apoints
551351.8105,7820007.258,-8836.610352,Apoints
551689.3105,7816760.051,-8784.070313,Apoints
549176.8105,7817792.398,-8850.980469,Apoints
551539.3105,7820119.879,-8812.919922,Apoints
551164.3105,7817548.387,-8783.139648,Apoints
550701.8105,7817172.988,-8807.419922,Apoints
549501.8105,7820626.668,-8948.150391,Apoints
549789.3105,7817154.219,-8826.860352,Apoints
549514.3105,7819444.16,-8901.490234,Apoints
552251.8105,7821283.617,-8858.849609,Apoints
551251.8105,7819950.949,-8836.339844,Apoints
551514.3105,7820382.66,-8846.780273,Apoints
550276.8105,7816684.969,-8831.740234,Apoints
549414.3105,7818956.141,-8886.370117,Apoints
550964.3105,7817829.938,-8808.5,Apoints
550639.3105,7817360.688,-8819.349609,Apoints
550051.8105,7816835.129,-8832.580078,Apoints
550889.3105,7821583.941,-8907.740234,Apoints
551089.3105,7817248.07,-8787.540039,Apoints
550576.8086,7817304.379,-8820.299805,Apoints
550614.3105,7820964.531,-8888.110352,Apoints
550551.8105,7816722.508,-8842.490234,Apoints
551339.3105,7819706.938,-8827.790039,Apoints
549376.8105,7819857.098,-8925.160156,Apoints
550001.8105,7820795.598,-8899.370117,Apoints
552001.8105,7816835.129,-8773.5,Apoints
550201.8105,7817248.07,-8823.480469,Apoints
551089.3105,7819575.551,-8814.299805,Apoints
548889.3105,7821302.391,-8965.919922,Apoints
549476.8105,7817341.918,-8785.330078,Apoints
549089.3105,7817210.527,-8832.629883,Apoints
551864.3105,7817097.91,-8778.139648,Apoints
551114.3105,7817210.527,-8790.230469,Apoints
551676.8105,7817060.367,-8787.169922,Apoints
552001.8105,7820457.738,-8805.780273,Apoints
552239.3105,7817492.078,-8767.660156,Apoints
551351.8105,7820514.051,-8861.629883,Apoints
551526.8105,7820007.258,-8826.120117,Apoints
550539.3105,7817191.758,-8812.230469,Apoints
550601.8105,7820701.75,-8837.459961,Apoints
549414.3105,7816778.816,-8831.660156,Apoints
550576.8086,7820157.418,-8763.259766,Apoints
549939.3105,7821039.609,-8932.589844,Apoints
550164.3105,7820551.59,-8850.030273,Apoints
550314.3105,7821039.609,-8900.44043,Apoints
552326.8105,7820044.801,-8809.910156,Apoints
551151.8105,7817285.609,-8784.580078,Apoints
550414.3105,7817304.379,-8824.339844,Apoints
550526.8105,7820213.73,-8769.580078,Apoints
550526.8105,7817604.699,-8828.969727,Apoints
550939.3105,7820420.199,-8806.129883,Apoints
552214.3105,7820926.988,-8850.179688,Apoints
550339.3105,7817848.711,-8842.650391,Apoints
549051.8105,7817623.469,-8837.089844,Apoints
551339.3105,7816910.207,-8791.44043,Apoints
551739.3105,7817191.758,-8786.80957,Apoints
551301.8105,7816853.898,-8786.679688,Apoints
549726.8105,7818092.719,-8868.349609,Apoints
552339.3105,7817398.227,-8748.660156,Apoints
551876.8105,7817154.219,-8781.709961,Apoints
550901.8105,7820007.258,-8814.730469,Apoints
549639.3105,7819312.77,-8885.780273,Apoints
548876.8105,7817623.469,-8866.450195,Apoints
549176.8105,7818017.637,-8878.950195,Apoints
550414.3105,7817229.301,-8819.849609,Apoints
549489.3105,7820870.68,-8959.179688,Apoints
548939.3105,7817980.098,-8894.55957,Apoints
550676.8105,7820213.73,-8768.30957,Apoints
549539.3105,7817623.469,-8825.759766,Apoints
550701.8105,7817041.598,-8818.080078,Apoints
552389.3105,7821152.23,-8852.509766,Apoints
550814.3105,7818599.508,-8834.160156,Apoints
551776.8105,7816966.52,-8785.820313,Apoints
549539.3105,7817492.078,-8809.240234,Apoints
549289.3105,7817323.148,-8790.629883,Apoints
550551.8105,7820720.52,-8840.730469,Apoints
549101.8105,7820345.121,-8941.129883,Apoints
552239.3105,7817848.711,-8789.120117,Apoints
548926.8105,7817435.77,-8858.679688,Apoints
551876.8105,7817998.871,-8783.69043,Apoints
551726.8105,7816966.52,-8787.570313,Apoints
551089.3105,7820514.051,-8839.049805,Apoints
549639.3105,7816684.969,-8829.80957,Apoints
551076.8105,7818918.598,-8819.259766,Apoints
549526.8105,7820288.809,-8915.639648,Apoints
549364.3105,7816778.816,-8826.709961,Apoints
552164.3105,7817454.539,-8773.030273,Apoints
551964.3105,7817942.559,-8788.780273,Apoints
551251.8105,7816966.52,-8794.320313,Apoints
549651.8105,7817435.77,-8820.200195,Apoints
552389.3105,7816703.738,-8733.650391,Apoints
549589.3105,7817492.078,-8815.219727,Apoints
551801.8105,7817135.449,-8785.009766,Apoints
550526.8105,7819932.18,-8783.280273,Apoints
550614.3105,7820589.129,-8822.019531,Apoints
549489.3105,7817623.469,-8828.339844,Apoints
552376.8105,7821790.41,-8827.169922,Apoints
549176.8105,7817698.547,-8839.160156,Apoints
549889.3105,7820119.879,-8864.55957,Apoints
550476.8105,7819988.488,-8783.889648,Apoints
549939.3105,7817998.871,-8865.669922,Apoints
551739.3105,7817097.91,-8786.419922,Apoints
551826.8105,7820758.059,-8850.469727,Apoints
549726.8105,7817398.227,-8826.509766,Apoints
549589.3105,7820251.27,-8909.030273,Apoints
551951.8105,7817022.828,-8765.959961,Apoints
552001.8105,7817266.84,-8773.389648,Apoints
549001.8105,7818242.879,-8912.230469,Apoints
550876.8105,7818974.91,-8805.660156,Apoints
551001.8105,7821827.949,-8917.110352,Apoints
549326.8105,7817623.469,-8829.160156,Apoints
549489.3105,7820964.531,-8956.660156,Apoints
549176.8105,7818355.5,-8900.469727,Apoints
548889.3105,7817980.098,-8897.509766,Apoints
551064.3105,7816985.289,-8805.129883,Apoints
550589.3105,7819932.18,-8784.929688,Apoints
551639.3105,7819218.918,-8821.900391,Apoints
549539.3105,7817679.777,-8832.980469,Apoints
550514.3105,7818280.418,-8834.900391,Apoints
552226.8105,7816966.52,-8728.679688,Apoints
550801.8105,7820213.73,-8788.19043,Apoints
550589.3105,7817773.629,-8828.919922,Apoints
550564.3105,7820119.879,-8764.540039,Apoints
549451.8105,7820795.598,-8962.330078,Apoints
551864.3105,7818937.367,-8808.019531,Apoints
550901.8105,7820082.34,-8815.870117,Apoints
551476.8105,7820851.91,-8877.009766,Apoints
551039.3105,7818299.188,-8811.589844,Apoints
550289.3105,7818317.957,-8852.389648,Apoints
551164.3105,7819631.859,-8820.540039,Apoints
550726.8105,7820438.969,-8787.099609,Apoints
551339.3105,7817022.828,-8793.509766,Apoints
549514.3105,7818918.598,-8867.139648,Apoints
552014.3105,7817210.527,-8771.849609,Apoints
550364.3105,7817323.148,-8820.94043,Apoints
549301.8105,7816797.59,-8836.769531,Apoints
551451.8105,7817792.398,-8798.589844,Apoints
551989.3105,7821827.949,-8844.110352,Apoints
551239.3105,7817022.828,-8793.179688,Apoints
549701.8105,7817623.469,-8842.700195,Apoints
549401.8105,7816684.969,-8826.580078,Apoints
550489.3105,7820720.52,-8826.900391,Apoints
552301.8105,7818036.41,-8805.950195,Apoints
550039.3105,7817886.25,-8862.80957,Apoints
549439.3105,7820457.738,-8948.419922,Apoints
551576.8105,7819181.379,-8821.169922,Apoints
552164.3105,7817717.32,-8787.910156,Apoints
551326.8105,7818111.488,-8792.629883,Apoints
550876.8105,7818468.117,-8833.540039,Apoints
552401.8105,7817886.25,-8787.360352,Apoints
552401.8105,7817942.559,-8793.929688,Apoints
552164.3105,7819650.629,-8813.620117,Apoints
551139.3105,7816872.668,-8797.790039,Apoints
551464.3105,7817998.871,-8791.049805,Apoints
550101.8105,7821227.309,-8937.230469,Apoints
550301.8105,7817079.141,-8817.129883,Apoints
551401.8105,7816647.43,-8783.879883,Apoints
551314.3105,7818486.891,-8788.719727,Apoints
552451.8105,7820833.141,-8836.429688,Apoints
548876.8105,7817435.77,-8864.349609,Apoints
549539.3105,7820645.438,-8945.379883,Apoints
552064.3105,7817773.629,-8788.94043,Apoints
549214.3105,7818881.059,-8893.990234,Apoints
549864.3105,7820307.578,-8870.570313,Apoints
549114.3105,7817736.09,-8850.75,Apoints
549389.3105,7817905.02,-8865.540039,Apoints
550726.8105,7820026.027,-8799.019531,Apoints
550726.8105,7820795.598,-8872.240234,Apoints
549826.8105,7817417,-8841.05957,Apoints
550514.3105,7817341.918,-8825.25,Apoints
551864.3105,7817717.32,-8795.629883,Apoints
549551.8105,7818336.73,-8863.780273,Apoints
551939.3105,7819763.25,-8812.599609,Apoints
549439.3105,7821002.07,-8957.820313,Apoints
551101.8105,7819350.309,-8815.230469,Apoints
550389.3105,7820814.371,-8858.44043,Apoints
549164.3105,7817848.711,-8858.410156,Apoints
550889.3105,7821133.457,-8904.780273,Apoints
551164.3105,7817848.711,-8793.650391,Apoints
551139.3105,7818599.508,-8812.730469,Apoints
549501.8105,7818261.648,-8871.049805,Apoints
550151.8105,7820514.051,-8844.080078,Apoints
550039.3105,7820851.91,-8903.700195,Apoints
551351.8105,7819218.918,-8818.480469,Apoints
550539.3105,7820026.027,-8777.669922,Apoints
552189.3105,7818036.41,-8802.280273,Apoints
552264.3105,7819387.852,-8819.799805,Apoints
552064.3105,7816760.051,-8770.889648,Apoints
551489.3105,7817698.547,-8802.950195,Apoints
549601.8105,7817304.379,-8801.94043,Apoints
550301.8105,7819932.18,-8798.910156,Apoints
549226.8105,7818637.047,-8900.339844,Apoints
550639.3105,7817642.238,-8825.599609,Apoints
548951.8105,7817529.617,-8857.55957,Apoints
549239.3105,7817942.559,-8866.099609,Apoints
551701.8105,7820945.758,-8874.05957,Apoints
552314.3105,7819331.539,-8820.55957,Apoints
551151.8105,7820438.969,-8837.030273,Apoints
550964.3105,7820176.188,-8814.410156,Apoints
549239.3105,7819087.527,-8911.419922,Apoints
551626.8105,7816872.668,-8791.339844,Apoints
549501.8105,7817961.328,-8869.230469,Apoints
551764.3105,7821189.77,-8881.179688,Apoints
550826.8105,7821621.48,-8914.570313,Apoints
549901.8105,7820157.418,-8854.530273,Apoints
550926.8105,7819594.32,-8805.919922,Apoints
549689.3105,7819068.758,-8859.589844,Apoints
549189.3105,7817417,-8807.459961,Apoints
551939.3105,7820589.129,-8830.740234,Apoints
550051.8105,7817492.078,-8838.030273,Apoints
551614.3105,7817022.828,-8790.160156,Apoints
549176.8105,7817360.688,-8810.459961,Apoints
550739.3105,7820626.668,-8832.299805,Apoints
549364.3105,7816835.129,-8828.280273,Apoints
549114.3105,7818561.969,-8910.709961,Apoints
551639.3105,7816647.43,-8778.240234,Apoints
551589.3105,7820908.219,-8877.129883,Apoints
550114.3105,7818618.281,-8838.599609,Apoints
549876.8105,7819181.379,-8842.589844,Apoints
549201.8105,7817548.387,-8815.290039,Apoints
551514.3105,7821546.398,-8886.389648,Apoints
550401.8105,7821246.078,-8910.400391,Apoints
551401.8105,7820401.43,-8851.150391,Apoints
551689.3105,7820288.809,-8815.5,Apoints
551889.3105,7820701.75,-8842.549805,Apoints
550976.8105,7819125.07,-8794.009766,Apoints
548939.3105,7817661.008,-8859.769531,Apoints
552451.8105,7817942.559,-8790.780273,Apoints
550439.3105,7821602.711,-8939.910156,Apoints
550501.8105,7821095.918,-8887.94043,Apoints
551639.3105,7817229.301,-8787.209961,Apoints
549414.3105,7817304.379,-8786.980469,Apoints
549751.8105,7817548.387,-8844.139648,Apoints
550176.8105,7817998.871,-8858.980469,Apoints
549726.8105,7820157.418,-8892.719727,Apoints
549551.8105,7816910.207,-8835.910156,Apoints
552076.8105,7817717.32,-8792.150391,Apoints
551189.3105,7820889.449,-8883.280273,Apoints
549439.3105,7817773.629,-8853.679688,Apoints
550951.8105,7821621.48,-8902.490234,Apoints
552126.8105,7817567.16,-8779.980469,Apoints
549564.3105,7820870.68,-8954.259766,Apoints
550776.8105,7817097.91,-8808.820313,Apoints
552014.3105,7817811.168,-8788.610352,Apoints
551526.8105,7820851.91,-8873.19043,Apoints
549501.8105,7816947.75,-8829.44043,Apoints
549314.3105,7816891.438,-8836.530273,Apoints
550351.8105,7820926.988,-8884.730469,Apoints
550314.3105,7820157.418,-8797.05957,Apoints
551339.3105,7816966.52,-8794.599609,Apoints
550876.8105,7816947.75,-8817.910156,Apoints
552439.3105,7817886.25,-8784.700195,Apoints
550789.3105,7820589.129,-8825.25,Apoints
549289.3105,7818956.141,-8896.5,Apoints
550639.3105,7817191.758,-8808.820313,Apoints
550589.3105,7817191.758,-8810.429688,Apoints
551701.8105,7818430.578,-8788.919922,Apoints
549489.3105,7820514.051,-8949.240234,Apoints
550014.3105,7820063.57,-8844.370117,Apoints
550451.8105,7820720.52,-8821.259766,Apoints
551239.3105,7817454.539,-8785.009766,Apoints
548951.8105,7817792.398,-8879.589844,Apoints
552301.8105,7817980.098,-8803.200195,Apoints
549739.3105,7816778.816,-8834.5,Apoints
552439.3105,7821471.32,-8858.509766,Apoints
552339.3105,7817886.25,-8791.599609,Apoints
550851.8105,7820551.59,-8818.790039,Apoints
550401.8105,7820682.98,-8822.700195,Apoints
551151.8105,7816966.52,-8797.80957,Apoints
551201.8105,7817022.828,-8793.219727,Apoints
551376.8105,7818374.27,-8791.379883,Apoints
550989.3105,7819913.41,-8816.889648,Apoints
551301.8105,7817022.828,-8793.05957,Apoints
551526.8105,7821415.008,-8898.179688,Apoints
548876.8105,7818730.898,-8931.349609,Apoints
551789.3105,7817285.609,-8783.219727,Apoints
550926.8105,7818430.578,-8828.580078,Apoints
550514.3105,7817510.848,-8828.490234,Apoints
550051.8105,7817548.387,-8844.05957,Apoints
550439.3105,7821246.078,-8907.070313,Apoints
550351.8105,7817398.227,-8820.969727,Apoints
549601.8105,7821659.02,-8966.269531,Apoints
550289.3105,7817923.789,-8853.509766,Apoints
550601.8105,7816666.199,-8841.330078,Apoints
549639.3105,7817811.168,-8855.790039,Apoints
551526.8105,7819125.07,-8816.610352,Apoints
551189.3105,7817248.07,-8784,Apoints
550351.8105,7818599.508,-8836.910156,Apoints
550364.3105,7819087.527,-8792.849609,Apoints
552164.3105,7820438.969,-8792.040039,Apoints
551251.8105,7817717.32,-8790.929688,Apoints
552389.3105,7820870.68,-8836.769531,Apoints
552064.3105,7820363.887,-8787.080078,Apoints
551776.8105,7818393.039,-8782.700195,Apoints
552351.8105,7818036.41,-8802.910156,Apoints
550964.3105,7820119.879,-8820.25,Apoints
550876.8105,7818186.57,-8809.200195,Apoints
550126.8105,7818374.27,-8856.44043,Apoints
549201.8105,7818073.949,-8882.549805,Apoints
551839.3105,7817980.098,-8783.389648,Apoints
551426.8105,7817698.547,-8800.94043,Apoints
550326.8105,7821264.848,-8917.339844,Apoints
551026.8105,7821002.07,-8895.469727,Apoints
552276.8105,7821114.691,-8853.980469,Apoints
549889.3105,7818411.809,-8850.200195,Apoints
549626.8105,7818224.109,-8870.80957,Apoints
549301.8105,7817492.078,-8799.150391,Apoints
549576.8105,7819031.219,-8873.469727,Apoints
551814.3105,7820382.66,-8809.620117,Apoints
548951.8105,7817886.25,-8886.120117,Apoints
550726.8105,7821790.41,-8930.879883,Apoints
551226.8105,7817248.07,-8782.790039,Apoints
549539.3105,7817998.871,-8870.19043,Apoints
549001.8105,7817754.859,-8870.169922,Apoints
552114.3105,7817773.629,-8786.769531,Apoints
549126.8105,7818017.637,-8885.44043,Apoints
552164.3105,7820645.438,-8825.900391,Apoints
551739.3105,7816684.969,-8773.070313,Apoints
548876.8105,7818073.949,-8903.679688,Apoints
552039.3105,7821358.699,-8871.160156,Apoints
552351.8105,7816928.98,-8716.679688,Apoints
549439.3105,7818712.129,-8862.610352,Apoints
551314.3105,7817754.859,-8793.580078,Apoints
551364.3105,7820739.289,-8875.580078,Apoints
552264.3105,7820082.34,-8800.400391,Apoints
550114.3105,7817060.367,-8817.110352,Apoints
549951.8105,7817379.461,-8839.009766,Apoints
549389.3105,7818749.668,-8869.519531,Apoints
550801.8105,7818355.5,-8825.299805,Apoints
549626.8105,7818824.75,-8862.669922,Apoints
552014.3105,7819669.398,-8805.080078,Apoints
551964.3105,7819819.559,-8808.669922,Apoints
550726.8105,7820082.34,-8794.179688,Apoints
551626.8105,7817886.25,-8798.519531,Apoints
549926.8105,7819181.379,-8839.80957,Apoints
549989.3105,7817829.938,-8864.330078,Apoints
552451.8105,7820194.961,-8812.889648,Apoints
552014.3105,7816928.98,-8766.849609,Apoints
550801.8105,7820720.52,-8854.379883,Apoints
551326.8105,7817285.609,-8782.349609,Apoints
549514.3105,7818580.738,-8861,Apoints
549701.8105,7819237.688,-8871.339844,Apoints
549751.8105,7821302.391,-8951.740234,Apoints
551364.3105,7818073.949,-8789.69043,Apoints
549826.8105,7817717.32,-8853.490234,Apoints
550201.8105,7817360.688,-8829.700195,Apoints
549701.8105,7821415.008,-8958.919922,Apoints
550351.8105,7817116.68,-8817.280273,Apoints
550951.8105,7819500.469,-8804.019531,Apoints
552064.3105,7819275.23,-8814.009766,Apoints
550514.3105,7820176.188,-8765.879883,Apoints
551314.3105,7821002.07,-8887.219727,Apoints
549289.3105,7817905.02,-8865.129883,Apoints
550839.3105,7821039.609,-8901.040039,Apoints
551114.3105,7817473.309,-8782.370117,Apoints
549876.8105,7821640.25,-8968.150391,Apoints
552264.3105,7817022.828,-8716.389648,Apoints
551826.8105,7816853.898,-8780.30957,Apoints
549751.8105,7819106.301,-8850.179688,Apoints
551626.8105,7821752.867,-8865.94043,Apoints
552051.8105,7820926.988,-8855.709961,Apoints
549389.3105,7817717.32,-8848.959961,Apoints
549939.3105,7821396.238,-8959.389648,Apoints
550889.3105,7820420.199,-8794.919922,Apoints
552339.3105,7817661.008,-8775.160156,Apoints
550289.3105,7817435.77,-8822.169922,Apoints
550789.3105,7821752.867,-8926.980469,Apoints
550276.8105,7817567.16,-8833.25,Apoints
549926.8105,7820551.59,-8890.389648,Apoints
549214.3105,7817642.238,-8827.780273,Apoints
551339.3105,7821377.469,-8897.040039,Apoints
550314.3105,7819181.379,-8810.139648,Apoints
551114.3105,7821058.379,-8894.429688,Apoints
551301.8105,7819181.379,-8818.860352,Apoints
552076.8105,7817435.77,-8778.879883,Apoints
551889.3105,7820457.738,-8814.379883,Apoints
548976.8105,7817435.77,-8851.240234,Apoints
551289.3105,7821058.379,-8889.280273,Apoints
551039.3105,7816872.668,-8805.089844,Apoints
552451.8105,7819275.23,-8820.330078,Apoints
550539.3105,7820438.969,-8798.94043,Apoints
549464.3105,7820720.52,-8957.330078,Apoints
552014.3105,7820514.051,-8813.849609,Apoints
552064.3105,7819932.18,-8783.860352,Apoints
552339.3105,7819913.41,-8793.629883,Apoints
551751.8105,7820063.57,-8790.639648,Apoints
549264.3105,7817604.699,-8822.719727,Apoints
549839.3105,7818167.797,-8866.879883,Apoints
549989.3105,7819575.551,-8833.849609,Apoints
549839.3105,7818449.348,-8845.94043,Apoints
550464.3105,7818280.418,-8842.089844,Apoints
551089.3105,7818186.57,-8799.740234,Apoints
550664.3105,7821377.469,-8918.200195,Apoints
550364.3105,7819932.18,-8783.769531,Apoints
551189.3105,7817379.461,-8784.280273,Apoints
549151.8105,7817548.387,-8820.660156,Apoints
550014.3105,7818655.82,-8825.889648,Apoints
549601.8105,7817435.77,-8812.040039,Apoints
549739.3105,7818430.578,-8848.929688,Apoints
551851.8105,7817923.789,-8790.280273,Apoints
551001.8105,7821546.398,-8905.25,Apoints
549426.8105,7817585.93,-8825.389648,Apoints
551439.3105,7818205.34,-8789.139648,Apoints
550914.3105,7820720.52,-8856.469727,Apoints
549126.8105,7817417,-8821.540039,Apoints
549226.8105,7817698.547,-8838.120117,Apoints
551564.3105,7817773.629,-8799.790039,Apoints
549526.8105,7819049.988,-8883.019531,Apoints
551314.3105,7818730.898,-8808.669922,Apoints
550226.8105,7817567.16,-8838.969727,Apoints
550476.8105,7817248.07,-8820.610352,Apoints
548889.3105,7818674.59,-8929.620117,Apoints
550714.3105,7817097.91,-8811.55957,Apoints
550901.8105,7821095.918,-8903.040039,Apoints
549051.8105,7817529.617,-8839.55957,Apoints
550651.8105,7819256.457,-8766.709961,Apoints
549526.8105,7820795.598,-8954.929688,Apoints
549776.8105,7819969.719,-8888.740234,Apoints
551789.3105,7821602.711,-8872.30957,Apoints
549939.3105,7817623.469,-8853.019531,Apoints
549064.3105,7817717.32,-8854.05957,Apoints
552339.3105,7821077.148,-8850.25,Apoints
551801.8105,7817829.938,-8797.650391,Apoints
549289.3105,7816666.199,-8833.780273,Apoints
550889.3105,7817548.387,-8805.459961,Apoints
552101.8105,7819444.16,-8810.75,Apoints
549426.8105,7821171,-8956.570313,Apoints
550551.8105,7816947.75,-8830.410156,Apoints
551414.3105,7820457.738,-8859.700195,Apoints
552176.8105,7816760.051,-8760.25,Apoints
551539.3105,7816647.43,-8785.19043,Apoints
551026.8105,7818524.43,-8811.780273,Apoints
550226.8105,7817604.699,-8842.009766,Apoints
551926.8105,7817754.859,-8794.299805,Apoints
550551.8105,7820645.438,-8823.389648,Apoints
549514.3105,7820720.52,-8952.349609,Apoints
550551.8105,7820814.371,-8859.269531,Apoints
550764.3105,7817492.078,-8813.160156,Apoints
551039.3105,7818017.637,-8801.05957,Apoints
551476.8105,7820119.879,-8821.849609,Apoints
549714.3105,7821208.539,-8959.540039,Apoints
552451.8105,7821827.949,-8822.790039,Apoints
550339.3105,7817210.527,-8816.75,Apoints
549226.8105,7817754.859,-8847.280273,Apoints
551989.3105,7820758.059,-8844.969727,Apoints
552451.8105,7821152.23,-8851.230469,Apoints
551239.3105,7816910.207,-8793.030273,Apoints
550201.8105,7816778.816,-8830.080078,Apoints
552014.3105,7817905.02,-8788.099609,Apoints
552326.8105,7819125.07,-8816.290039,Apoints
550489.3105,7821565.168,-8937.30957,Apoints
551114.3105,7820926.988,-8883.410156,Apoints
551326.8105,7820382.66,-8843.879883,Apoints
550476.8105,7819012.449,-8773.879883,Apoints
551514.3105,7820514.051,-8857.599609,Apoints
550801.8105,7818862.289,-8811.009766,Apoints
550551.8105,7820251.27,-8775.19043,Apoints
551189.3105,7821171,-8899.269531,Apoints
550401.8105,7817116.68,-8817.519531,Apoints
550089.3105,7821396.238,-8947.44043,Apoints
551326.8105,7817360.688,-8783.849609,Apoints
551426.8105,7818486.891,-8790.94043,Apoints
552089.3105,7821602.711,-8855.370117,Apoints
550614.3105,7820438.969,-8791.75,Apoints
550464.3105,7820232.5,-8778.55957,Apoints
551764.3105,7820363.887,-8811.349609,Apoints
549539.3105,7817341.918,-8792.19043,Apoints
550789.3105,7816910.207,-8823.639648,Apoints
552226.8105,7816797.59,-8753.049805,Apoints
550701.8105,7817548.387,-8821.120117,Apoints
549476.8105,7817304.379,-8787.419922,Apoints
550889.3105,7821546.398,-8906.080078,Apoints
549601.8105,7821790.41,-8973.480469,Apoints
550301.8105,7817022.828,-8819.719727,Apoints
551839.3105,7816797.59,-8775.299805,Apoints
549539.3105,7817398.227,-8797.55957,Apoints
549864.3105,7817923.789,-8864.639648,Apoints
551839.3105,7817323.148,-8781.19043,Apoints
550789.3105,7821208.539,-8917.639648,Apoints
551276.8105,7820420.199,-8848.950195,Apoints
549614.3105,7816816.359,-8837.660156,Apoints
550776.8105,7821583.941,-8916.139648,Apoints
549551.8105,7816853.898,-8839.320313,Apoints
549064.3105,7817980.098,-8886.389648,Apoints
552114.3105,7817191.758,-8762.349609,Apoints
551739.3105,7817829.938,-8800.330078,Apoints
551751.8105,7820908.219,-8865.870117,Apoints
551526.8105,7817998.871,-8789.69043,Apoints
549001.8105,7818017.637,-8892.650391,Apoints
550789.3105,7820026.027,-8805.30957,Apoints
549351.8105,7816666.199,-8824.110352,Apoints
552276.8105,7816966.52,-8719.599609,Apoints
550701.8105,7819913.41,-8802.219727,Apoints
550176.8105,7817661.008,-8849.389648,Apoints
550014.3105,7818092.719,-8867.419922,Apoints
552326.8105,7821715.328,-8839.259766,Apoints
550989.3105,7816872.668,-8807.719727,Apoints
552439.3105,7816666.199,-8726.30957,Apoints
552014.3105,7820551.59,-8820.360352,Apoints
550176.8105,7817079.141,-8815.969727,Apoints
550464.3105,7817191.758,-8816.669922,Apoints
549564.3105,7820776.828,-8951.599609,Apoints
551801.8105,7817792.398,-8797.839844,Apoints
551189.3105,7816910.207,-8796,Apoints
549864.3105,7817886.25,-8864.360352,Apoints
549489.3105,7817811.168,-8853.030273,Apoints
549589.3105,7821246.078,-8959.700195,Apoints
552126.8105,7817867.48,-8786.660156,Apoints
549389.3105,7816966.52,-8825.469727,Apoints
549476.8105,7816778.816,-8838.099609,Apoints
549451.8105,7820870.68,-8962.480469,Apoints
550639.3105,7819932.18,-8791.120117,Apoints
549489.3105,7820776.828,-8958.049805,Apoints
549176.8105,7819275.23,-8928.639648,Apoints
551714.3105,7820664.211,-8845.870117,Apoints
551251.8105,7816647.43,-8786.169922,Apoints
550951.8105,7821095.918,-8904.339844,Apoints
550301.8105,7819894.641,-8799.830078,Apoints
549451.8105,7817961.328,-8870.099609,Apoints
550326.8105,7817341.918,-8819.679688,Apoints
549376.8105,7816928.98,-8827.389648,Apoints
551414.3105,7820776.828,-8875.700195,Apoints
552276.8105,7817360.688,-8755.759766,Apoints
551651.8105,7816684.969,-8779.639648,Apoints
551376.8105,7820363.887,-8841.040039,Apoints
551164.3105,7817041.598,-8794.099609,Apoints
551151.8105,7820532.82,-8846.610352,Apoints
549251.8105,7817548.387,-8812.709961,Apoints
552126.8105,7817529.617,-8778.19043,Apoints
552239.3105,7817998.871,-8803.5,Apoints
549526.8105,7820851.91,-8955.959961,Apoints
551289.3105,7816966.52,-8793.879883,Apoints
549289.3105,7818993.68,-8901.139648,Apoints
550639.3105,7817248.07,-8810.990234,Apoints
552039.3105,7818186.57,-8798.299805,Apoints
549939.3105,7820345.121,-8864.400391,Apoints
551226.8105,7817417,-8784.620117,Apoints
549814.3105,7817886.25,-8863.290039,Apoints
550401.8105,7820720.52,-8831.799805,Apoints
551114.3105,7816985.289,-8800.44043,Apoints
550976.8105,7819950.949,-8817.120117,Apoints
549701.8105,7817229.301,-8816.290039,Apoints
550151.8105,7821471.32,-8938.679688,Apoints
549201.8105,7816853.898,-8850.969727,Apoints
549264.3105,7820401.43,-8944.660156,Apoints
548889.3105,7818242.879,-8918.419922,Apoints
550851.8105,7820758.059,-8864.139648,Apoints
549639.3105,7817585.93,-8830.700195,Apoints
551114.3105,7821546.398,-8905.110352,Apoints
551089.3105,7820438.969,-8830.650391,Apoints
549601.8105,7817679.777,-8834.889648,Apoints
550339.3105,7818205.34,-8852.469727,Apoints
549126.8105,7817041.598,-8839.110352,Apoints
551576.8105,7821452.551,-8897.30957,Apoints
550076.8105,7818937.367,-8829.44043,Apoints
550589.3105,7817679.777,-8827.589844,Apoints
549489.3105,7821583.941,-8964.790039,Apoints
549664.3105,7818336.73,-8860.919922,Apoints
548901.8105,7817848.711,-8887.339844,Apoints
550926.8105,7819894.641,-8813.330078,Apoints
549439.3105,7821621.48,-8964.599609,Apoints
551689.3105,7817829.938,-8801.790039,Apoints
549776.8105,7818543.199,-8836.139648,Apoints
549989.3105,7819294,-8826.780273,Apoints
550826.8105,7821696.559,-8919.219727,Apoints
550601.8105,7821752.867,-8940.360352,Apoints
551351.8105,7821114.691,-8891.040039,Apoints
551476.8105,7818205.34,-8788.389648,Apoints
551514.3105,7817829.938,-8798.339844,Apoints
549076.8105,7816666.199,-8864.259766,Apoints
552014.3105,7819894.641,-8796.040039,Apoints
551364.3105,7818317.957,-8791.450195,Apoints
549614.3105,7818580.738,-8855.519531,Apoints
551914.3105,7817454.539,-8784.44043,Apoints
549789.3105,7817829.938,-8861.049805,Apoints
551189.3105,7820758.059,-8874.360352,Apoints
550401.8105,7817642.238,-8833.219727,Apoints
550951.8105,7817022.828,-8808.759766,Apoints
551326.8105,7819857.098,-8835.629883,Apoints
551789.3105,7817191.758,-8785.759766,Apoints
550939.3105,7816910.207,-8811.339844,Apoints
551801.8105,7821283.617,-8885.259766,Apoints
549264.3105,7820345.121,-8938.379883,Apoints
549251.8105,7816853.898,-8846.080078,Apoints
550076.8105,7818543.199,-8843.05957,Apoints
549351.8105,7819087.527,-8903.459961,Apoints
550689.3105,7820851.91,-8881.900391,Apoints
550476.8105,7818411.809,-8831.730469,Apoints
550701.8105,7817998.871,-8813.759766,Apoints
549139.3105,7816966.52,-8848.299805,Apoints
551476.8105,7818637.047,-8789.19043,Apoints
551014.3105,7819350.309,-8812.620117,Apoints
549989.3105,7821790.41,-8962.740234,Apoints
551214.3105,7819706.938,-8828.150391,Apoints
552376.8105,7817304.379,-8737.179688,Apoints
549889.3105,7817454.539,-8844.339844,Apoints
552151.8105,7818505.66,-8815.370117,Apoints
549314.3105,7819950.949,-8928.879883,Apoints
551414.3105,7817886.25,-8797.080078,Apoints
550089.3105,7818974.91,-8828.669922,Apoints
551676.8105,7817792.398,-8800.980469,Apoints
550814.3105,7821715.328,-8922.019531,Apoints
551926.8105,7817492.078,-8785.230469,Apoints
551314.3105,7819894.641,-8836.799805,Apoints
551139.3105,7818317.957,-8799.910156,Apoints
549339.3105,7819049.988,-8902.509766,Apoints
549876.8105,7817492.078,-8846.400391,Apoints
551401.8105,7817923.789,-8794.570313,Apoints
550526.8105,7817886.25,-8830.629883,Apoints
549126.8105,7817886.25,-8867.709961,Apoints
550414.3105,7819049.988,-8778.419922,Apoints
551351.8105,7819125.07,-8817.269531,Apoints
549064.3105,7819275.23,-8938.830078,Apoints
552164.3105,7820082.34,-8780.160156,Apoints
551651.8105,7818974.91,-8802.730469,Apoints
551001.8105,7821339.93,-8915.120117,Apoints
549964.3105,7818655.82,-8824.910156,Apoints
549451.8105,7817679.777,-8840.660156,Apoints
549114.3105,7817923.789,-8874.320313,Apoints
550101.8105,7819143.84,-8832.030273,Apoints
551639.3105,7821358.699,-8900.580078,Apoints
551689.3105,7819256.457,-8820.209961,Apoints
551364.3105,7819087.527,-8816.549805,Apoints
550039.3105,7821208.539,-8940.679688,Apoints
552076.8105,7817829.938,-8785.400391,Apoints
552114.3105,7818073.949,-8797.419922,Apoints
550664.3105,7820476.508,-8797.629883,Apoints
551064.3105,7821621.48,-8902.240234,Apoints
549601.8105,7816684.969,-8829.599609,Apoints
548951.8105,7818561.969,-8920.910156,Apoints
550414.3105,7819894.641,-8783.179688,Apoints
552226.8105,7821827.949,-8833.870117,Apoints
550076.8105,7818374.27,-8858.339844,Apoints
549926.8105,7818374.27,-8853.580078,Apoints
551189.3105,7821659.02,-8903.650391,Apoints
551139.3105,7819087.527,-8815,Apoints
549289.3105,7817848.711,-8860.589844,Apoints
551839.3105,7816666.199,-8770.089844,Apoints
551976.8105,7817867.48,-8790.219727,Apoints
550276.8105,7821396.238,-8929.740234,Apoints
549601.8105,7817623.469,-8828.759766,Apoints
551114.3105,7817041.598,-8798.459961,Apoints
552151.8105,7820044.801,-8782.139648,Apoints
551864.3105,7820251.27,-8782.969727,Apoints
550601.8105,7819143.84,-8766.599609,Apoints
551201.8105,7820194.961,-8829.740234,Apoints
549889.3105,7817661.008,-8854.209961,Apoints
550889.3105,7820626.668,-8832.610352,Apoints
549801.8105,7818505.66,-8837.679688,Apoints
550464.3105,7819932.18,-8786.549805,Apoints
549101.8105,7820288.809,-8941.679688,Apoints
550614.3105,7821283.617,-8919.610352,Apoints
551189.3105,7819218.918,-8818.349609,Apoints
550876.8105,7821640.25,-8914.089844,Apoints
551014.3105,7821302.391,-8911.009766,Apoints
551251.8105,7819256.457,-8819.620117,Apoints
551114.3105,7820194.961,-8824.860352,Apoints
549701.8105,7817773.629,-8855.589844,Apoints
551351.8105,7821039.609,-8889.540039,Apoints
549001.8105,7818167.797,-8905.69043,Apoints
549951.8105,7818618.281,-8829.280273,Apoints
550564.3105,7821321.16,-8913.759766,Apoints
549439.3105,7817717.32,-8847.830078,Apoints
551714.3105,7819669.398,-8826.740234,Apoints
551814.3105,7820589.129,-8832.639648,Apoints
551764.3105,7818130.258,-8775.950195,Apoints
550751.8105,7819894.641,-8807.769531,Apoints
551289.3105,7820889.449,-8883.299805,Apoints
549626.8105,7819106.301,-8874.80957,Apoints
549439.3105,7818017.637,-8873.580078,Apoints
551614.3105,7817754.859,-8800.120117,Apoints
549301.8105,7817398.227,-8784.150391,Apoints
552189.3105,7819181.379,-8814.660156,Apoints
549001.8105,7818111.488,-8900.360352,Apoints
550239.3105,7819950.949,-8807.75,Apoints
550414.3105,7820589.129,-8804.639648,Apoints
550251.8105,7819218.918,-8819.870117,Apoints
549164.3105,7818730.898,-8907.780273,Apoints
550489.3105,7820457.738,-8805.980469,Apoints
551914.3105,7819538.008,-8815.110352,Apoints
549814.3105,7821471.32,-8961.240234,Apoints
550876.8105,7821471.32,-8911.660156,Apoints
549551.8105,7820945.758,-8954.110352,Apoints
549614.3105,7816891.438,-8838.410156,Apoints
551551.8105,7817736.09,-8801.379883,Apoints
551214.3105,7818468.117,-8794.950195,Apoints
550864.3105,7818092.719,-8802.480469,Apoints
551201.8105,7818242.879,-8797.459961,Apoints
550026.8105,7817323.148,-8833.660156,Apoints
551576.8105,7821377.469,-8901.94043,Apoints
550189.3105,7818693.359,-8828.459961,Apoints
552089.3105,7821283.617,-8863.469727,Apoints
551876.8105,7818299.188,-8793.080078,Apoints
551539.3105,7818280.418,-8791.700195,Apoints
550701.8105,7818224.109,-8809.980469,Apoints
549889.3105,7818242.879,-8860.910156,Apoints
549601.8105,7819706.938,-8902.269531,Apoints
550539.3105,7820701.75,-8835.839844,Apoints
552151.8105,7818749.668,-8812.410156,Apoints
552051.8105,7817135.449,-8759.040039,Apoints
549339.3105,7816778.816,-8828.509766,Apoints
552064.3105,7817867.48,-8786.089844,Apoints
551089.3105,7816928.98,-8803.400391,Apoints
550951.8105,7820664.211,-8839.450195,Apoints
550401.8105,7817867.48,-8837.669922,Apoints
549951.8105,7818280.418,-8860.280273,Apoints
551426.8105,7820607.898,-8868.570313,Apoints
551839.3105,7819369.078,-8815.80957,Apoints
552264.3105,7820607.898,-8816.30957,Apoints
551351.8105,7821621.48,-8897.860352,Apoints
549964.3105,7818749.668,-8825.150391,Apoints
551589.3105,7820814.371,-8865.259766,Apoints
552101.8105,7818111.488,-8799.669922,Apoints
549551.8105,7818092.719,-8872.30957,Apoints
549039.3105,7817473.309,-8840.870117,Apoints
551751.8105,7819294,-8816.570313,Apoints
550414.3105,7820119.879,-8779.339844,Apoints
549589.3105,7816760.051,-8834.969727,Apoints
551076.8105,7821659.02,-8901.009766,Apoints
551251.8105,7820682.98,-8871.599609,Apoints
550664.3105,7821621.48,-8927.80957,Apoints
549589.3105,7819275.23,-8892.719727,Apoints
552214.3105,7817454.539,-8768.769531,Apoints
550264.3105,7821640.25,-8935.870117,Apoints
552276.8105,7819125.07,-8815.870117,Apoints
550476.8105,7818918.598,-8792.349609,Apoints
551789.3105,7817961.328,-8787.070313,Apoints
552214.3105,7821790.41,-8836.5,Apoints
550189.3105,7818468.117,-8849.099609,Apoints
552014.3105,7817942.559,-8787.790039,Apoints
551401.8105,7821452.551,-8892.490234,Apoints
549326.8105,7816947.75,-8832.05957,Apoints
550064.3105,7818411.809,-8856.429688,Apoints
550364.3105,7817004.059,-8826.459961,Apoints
548989.3105,7818524.43,-8918.110352,Apoints
550589.3105,7818730.898,-8819.790039,Apoints
550601.8105,7821546.398,-8928.830078,Apoints
549676.8105,7818393.039,-8853.19043,Apoints
550426.8105,7819932.18,-8784.75,Apoints
551176.8105,7821621.48,-8903.660156,Apoints
550751.8105,7818261.648,-8811.089844,Apoints
551126.8105,7819294,-8818.490234,Apoints
550926.8105,7818224.109,-8812.429688,Apoints
550964.3105,7820795.598,-8865.209961,Apoints
551464.3105,7819275.23,-8817.790039,Apoints
551439.3105,7817754.859,-8799.299805,Apoints
551864.3105,7821208.539,-8871.860352,Apoints
549714.3105,7817435.77,-8829.320313,Apoints
549276.8105,7817811.168,-8857.290039,Apoints
551351.8105,7816872.668,-8788.349609,Apoints
551826.8105,7816703.738,-8770.969727,Apoints
551989.3105,7817848.711,-8789.490234,Apoints
550264.3105,7821433.781,-8932.259766,Apoints
549589.3105,7817585.93,-8823.230469,Apoints
550701.8105,7820664.211,-8840.780273,Apoints
551876.8105,7820288.809,-8786.950195,Apoints
549601.8105,7817529.617,-8819.709961,Apoints
550614.3105,7819125.07,-8770.25,Apoints
551189.3105,7820157.418,-8833.179688,Apoints
549876.8105,7817623.469,-8852.900391,Apoints
551376.8105,7820645.438,-8871.650391,Apoints
549814.3105,7818486.891,-8840.129883,Apoints
550476.8105,7819894.641,-8786.540039,Apoints
550801.8105,7819950.949,-8807.200195,Apoints
549564.3105,7818618.281,-8856.099609,Apoints
550014.3105,7820551.59,-8870.330078,Apoints
548939.3105,7818317.957,-8919.980469,Apoints
548939.3105,7818805.98,-8930.94043,Apoints
549564.3105,7818805.98,-8863.599609,Apoints
549489.3105,7816760.051,-8837.870117,Apoints
549839.3105,7820044.801,-8881.599609,Apoints
551301.8105,7820682.98,-8871.860352,Apoints
548989.3105,7817567.16,-8849.860352,Apoints
550401.8105,7820007.258,-8781.269531,Apoints
550539.3105,7819894.641,-8785.860352,Apoints
551951.8105,7816966.52,-8770.219727,Apoints
549451.8105,7819162.609,-8898.870117,Apoints
549226.8105,7817022.828,-8831.360352,Apoints
551801.8105,7820270.039,-8795.160156,Apoints
552114.3105,7820401.43,-8791.089844,Apoints
550164.3105,7817848.711,-8856.389648,Apoints
551526.8105,7818543.199,-8792.80957,Apoints
551114.3105,7821827.949,-8911.629883,Apoints
552326.8105,7818580.738,-8821.339844,Apoints
549351.8105,7819838.328,-8926.879883,Apoints
550739.3105,7820758.059,-8863.879883,Apoints
550864.3105,7817079.141,-8805.620117,Apoints
549864.3105,7821264.848,-8943.849609,Apoints
549314.3105,7818073.949,-8874.459961,Apoints
551476.8105,7820607.898,-8864.379883,Apoints
549101.8105,7818242.879,-8904.679688,Apoints
550389.3105,7821396.238,-8920.089844,Apoints
550976.8105,7819988.488,-8818.80957,Apoints
550689.3105,7818862.289,-8812.740234,Apoints
550914.3105,7820213.73,-8805.120117,Apoints
551251.8105,7819087.527,-8818.389648,Apoints
550314.3105,7821827.949,-8945.099609,Apoints
550489.3105,7817942.559,-8831.759766,Apoints
550239.3105,7817473.309,-8829.240234,Apoints
550226.8105,7818524.43,-8844.839844,Apoints
550414.3105,7817510.848,-8829.139648,Apoints
552251.8105,7817942.559,-8799.540039,Apoints
550576.8086,7818374.27,-8821.94043,Apoints
549864.3105,7818862.289,-8848.849609,Apoints
551239.3105,7821790.41,-8898.700195,Apoints
551089.3105,7820720.52,-8867.009766,Apoints
552101.8105,7818430.578,-8811.980469,Apoints
552439.3105,7817229.301,-8714.55957,Apoints
551801.8105,7821189.77,-8875.280273,Apoints
550351.8105,7818805.98,-8815.30957,Apoints
549701.8105,7817172.988,-8820.330078,Apoints
551989.3105,7821002.07,-8859.519531,Apoints
551076.8105,7821058.379,-8899.19043,Apoints
551864.3105,7821114.691,-8866.120117,Apoints
551289.3105,7816891.438,-8789.719727,Apoints
551351.8105,7818693.359,-8798.700195,Apoints
549751.8105,7821396.238,-8956.429688,Apoints
549764.3105,7819312.77,-8857.959961,Apoints
551314.3105,7818242.879,-8792.759766,Apoints
549189.3105,7816891.438,-8850.349609,Apoints
550751.8105,7818937.367,-8808.650391,Apoints
550689.3105,7821827.949,-8933.25,Apoints
550551.8105,7821790.41,-8942.830078,Apoints
549426.8105,7817623.469,-8832.959961,Apoints
552439.3105,7819387.852,-8824.679688,Apoints
550876.8105,7816666.199,-8821.570313,Apoints
551939.3105,7816703.738,-8772.110352,Apoints
549226.8105,7820401.43,-8946.110352,Apoints
551289.3105,7819031.219,-8817.700195,Apoints
550414.3105,7818730.898,-8813.780273,Apoints
552276.8105,7817811.168,-8787.179688,Apoints
551564.3105,7821715.328,-8874.929688,Apoints
550751.8105,7819106.301,-8779.839844,Apoints
550951.8105,7817079.141,-8803.75,Apoints
549426.8105,7816816.359,-8832.919922,Apoints
551139.3105,7818881.059,-8820.049805,Apoints
550801.8105,7818730.898,-8825.540039,Apoints
550801.8105,7818299.188,-8819.269531,Apoints
549501.8105,7821415.008,-8961.959961,Apoints
550201.8105,7821565.168,-8934.639648,Apoints
548989.3105,7818881.059,-8925.150391,Apoints
551464.3105,7821621.48,-8887.629883,Apoints
551639.3105,7820983.297,-8882.169922,Apoints
550026.8105,7819031.219,-8841.389648,Apoints
549926.8105,7817754.859,-8858.790039,Apoints
551014.3105,7819125.07,-8799.679688,Apoints
550726.8105,7821452.551,-8914.660156,Apoints
551764.3105,7818299.188,-8784.230469,Apoints
551539.3105,7818843.52,-8796.179688,Apoints
552439.3105,7821790.41,-8826.280273,Apoints
552214.3105,7818430.578,-8816.799805,Apoints
550801.8105,7820758.059,-8862.889648,Apoints
550226.8105,7817961.328,-8858.509766,Apoints
550976.8105,7818261.648,-8814.94043,Apoints
551589.3105,7819575.551,-8824.509766,Apoints
549701.8105,7817585.93,-8840.370117,Apoints
551076.8105,7820082.34,-8831.429688,Apoints
550614.3105,7820626.668,-8826.160156,Apoints
551476.8105,7821471.32,-8890.950195,Apoints
549851.8105,7820251.27,-8862.139648,Apoints
551326.8105,7820570.359,-8864.530273,Apoints
551901.8105,7817886.25,-8792.209961,Apoints
550964.3105,7820082.34,-8821.969727,Apoints
551026.8105,7819256.457,-8809.929688,Apoints
551914.3105,7818787.207,-8805.179688,Apoints
550576.8086,7818130.258,-8830.490234,Apoints
550764.3105,7818355.5,-8822.370117,Apoints
549351.8105,7820007.258,-8929.429688,Apoints
550014.3105,7818862.289,-8835.230469,Apoints
552026.8105,7818712.129,-8807.679688,Apoints
551989.3105,7818712.129,-8805.860352,Apoints
551464.3105,7820814.371,-8875.049805,Apoints
549776.8105,7817454.539,-8839.919922,Apoints
551801.8105,7817698.547,-8797.929688,Apoints
551751.8105,7817585.93,-8796.990234,Apoints
550976.8105,7818055.18,-8803.540039,Apoints
549976.8105,7821508.859,-8965.870117,Apoints
551739.3105,7817135.449,-8787.450195,Apoints
551589.3105,7818336.73,-8794.040039,Apoints
551189.3105,7819049.988,-8818.179688,Apoints
551089.3105,7819012.449,-8815.870117,Apoints
550901.8105,7820664.211,-8842.009766,Apoints
552089.3105,7817079.141,-8742.669922,Apoints
552114.3105,7820758.059,-8841.570313,Apoints
552339.3105,7818543.199,-8821.349609,Apoints
551076.8105,7818374.27,-8805.070313,Apoints
552389.3105,7817754.859,-8777.799805,Apoints
550689.3105,7819068.758,-8786.120117,Apoints
552239.3105,7820551.59,-8808.429688,Apoints
550814.3105,7818055.18,-8802.959961,Apoints
550401.8105,7818280.418,-8848.230469,Apoints
551701.8105,7817417,-8790.959961,Apoints
551189.3105,7818918.598,-8818.200195,Apoints
549789.3105,7816891.438,-8840.660156,Apoints
551076.8105,7821715.328,-8902.759766,Apoints
550401.8105,7818561.969,-8831.419922,Apoints
552326.8105,7820682.98,-8829.790039,Apoints
551201.8105,7816966.52,-8795.269531,Apoints
550351.8105,7818242.879,-8852.620117,Apoints
549076.8105,7817041.598,-8843.80957,Apoints
552264.3105,7818618.281,-8821.379883,Apoints
551026.8105,7820795.598,-8866.370117,Apoints
551564.3105,7821508.859,-8890.669922,Apoints
550789.3105,7820176.188,-8793.030273,Apoints
551639.3105,7820420.199,-8838.150391,Apoints
549714.3105,7818242.879,-8868.55957,Apoints
552039.3105,7821640.25,-8857.179688,Apoints
550864.3105,7820213.73,-8799.509766,Apoints
550576.8086,7817642.238,-8828.150391,Apoints
549576.8105,7819312.77,-8894.099609,Apoints
549326.8105,7818824.75,-8879.969727,Apoints
550589.3105,7818092.719,-8828.070313,Apoints
550701.8105,7818092.719,-8811.280273,Apoints
549939.3105,7818355.5,-8855.200195,Apoints
549501.8105,7821546.398,-8964.259766,Apoints
551764.3105,7818749.668,-8792.660156,Apoints
551701.8105,7818224.109,-8786.599609,Apoints
551826.8105,7818261.648,-8784.219727,Apoints
549789.3105,7820176.188,-8878.650391,Apoints
551751.8105,7818712.129,-8790.580078,Apoints
551464.3105,7819012.449,-8805.879883,Apoints
549764.3105,7820682.98,-8926.519531,Apoints
550326.8105,7821471.32,-8934.150391,Apoints
551289.3105,7821264.848,-8899.049805,Apoints
551101.8105,7820401.43,-8829.990234,Apoints
548939.3105,7818599.508,-8923.280273,Apoints
549676.8105,7818299.188,-8865.820313,Apoints
548914.3105,7817829.938,-8885.259766,Apoints
551639.3105,7821396.238,-8900.519531,Apoints
550639.3105,7818768.438,-8821.450195,Apoints
551751.8105,7821321.16,-8892,Apoints
549601.8105,7817210.527,-8807.379883,Apoints
550914.3105,7819932.18,-8813.160156,Apoints
549264.3105,7817492.078,-8800.769531,Apoints
549239.3105,7817323.148,-8793.290039,Apoints
550739.3105,7821490.09,-8915.700195,Apoints
550651.8105,7818486.891,-8824.530273,Apoints
550164.3105,7817867.48,-8857.179688,Apoints
549764.3105,7818055.18,-8869.450195,Apoints
549614.3105,7817717.32,-8840.209961,Apoints
549789.3105,7818580.738,-8833.349609,Apoints
550864.3105,7818561.969,-8831.790039,Apoints
549851.8105,7818655.82,-8823.679688,Apoints
549976.8105,7819256.457,-8830.379883,Apoints
550451.8105,7817998.871,-8837.410156,Apoints
549651.8105,7819275.23,-8883.160156,Apoints
551864.3105,7821246.078,-8875.089844,Apoints
550901.8105,7821790.41,-8922.370117,Apoints
550976.8105,7818393.039,-8821.679688,Apoints
550751.8105,7818561.969,-8837.410156,Apoints
552089.3105,7818787.207,-8811.19043,Apoints
551901.8105,7817060.367,-8772.330078,Apoints
551914.3105,7821396.238,-8877.620117,Apoints
550814.3105,7819218.918,-8780.169922,Apoints
550214.3105,7820551.59,-8841.650391,Apoints
550739.3105,7821039.609,-8905.110352,Apoints
549514.3105,7819594.32,-8911.389648,Apoints
549001.8105,7817623.469,-8845.120117,Apoints
550614.3105,7821715.328,-8937.349609,Apoints
549376.8105,7818149.027,-8877.450195,Apoints
549914.3105,7818787.207,-8835.160156,Apoints
549564.3105,7820288.809,-8909.950195,Apoints
550176.8105,7817717.32,-8849.370117,Apoints
551339.3105,7821171,-8892.25,Apoints
552451.8105,7817022.828,-8681.580078,Apoints
550914.3105,7818130.258,-8803.240234,Apoints
551651.8105,7818261.648,-8790.700195,Apoints
551414.3105,7821058.379,-8891.019531,Apoints
549189.3105,7817980.098,-8872.320313,Apoints
550239.3105,7818242.879,-8856.209961,Apoints
550689.3105,7818637.047,-8834.089844,Apoints
550664.3105,7821152.23,-8912.740234,Apoints
549864.3105,7821508.859,-8964.360352,Apoints
551701.8105,7821283.617,-8896.080078,Apoints
551926.8105,7821039.609,-8862.44043,Apoints
550389.3105,7817248.07,-8819.769531,Apoints
551489.3105,7818242.879,-8790.570313,Apoints
552126.8105,7817398.227,-8773.660156,Apoints
550164.3105,7821565.168,-8938.019531,Apoints
549064.3105,7816703.738,-8867.629883,Apoints
551901.8105,7816928.98,-8777.469727,Apoints
551239.3105,7821302.391,-8904.009766,Apoints
552026.8105,7819932.18,-8789.30957,Apoints
552001.8105,7816741.277,-8772.830078,Apoints
551076.8105,7821227.309,-8904.889648,Apoints
551126.8105,7817942.559,-8794.169922,Apoints
551376.8105,7818280.418,-8791.030273,Apoints
551964.3105,7820532.82,-8821.129883,Apoints
549564.3105,7818561.969,-8858.900391,Apoints
550301.8105,7819087.527,-8803.299805,Apoints
552214.3105,7818824.75,-8813.330078,Apoints
548951.8105,7818017.637,-8896.200195,Apoints
551251.8105,7818374.27,-8792.209961,Apoints
550264.3105,7821358.699,-8929.879883,Apoints
551901.8105,7816797.59,-8774,Apoints
549564.3105,7818749.668,-8861.200195,Apoints
549864.3105,7820589.129,-8903.040039,Apoints
549739.3105,7817229.301,-8821.490234,Apoints
552389.3105,7817097.91,-8706.589844,Apoints
549826.8105,7817811.168,-8860.889648,Apoints
551201.8105,7820720.52,-8872.709961,Apoints
549651.8105,7821283.617,-8957.490234,Apoints
551226.8105,7821659.02,-8903.669922,Apoints
550089.3105,7821640.25,-8953.919922,Apoints
550126.8105,7818862.289,-8819.219727,Apoints
551701.8105,7818712.129,-8792.599609,Apoints
549001.8105,7818974.91,-8920.5,Apoints
549101.8105,7818111.488,-8895.900391,Apoints
550689.3105,7820176.188,-8770.480469,Apoints
550151.8105,7819744.48,-8825.830078,Apoints
550414.3105,7817679.777,-8832.780273,Apoints
550201.8105,7821339.93,-8935.75,Apoints
551401.8105,7821752.867,-8895.099609,Apoints
551576.8105,7821077.148,-8890.709961,Apoints
550951.8105,7821752.867,-8916.919922,Apoints
551339.3105,7821715.328,-8900.129883,Apoints
550964.3105,7817004.059,-8809.740234,Apoints
551364.3105,7820682.98,-8873.19043,Apoints
550301.8105,7818881.059,-8810.759766,Apoints
549526.8105,7817585.93,-8820.639648,Apoints
551801.8105,7817229.301,-8784.459961,Apoints
550089.3105,7820570.359,-8862.580078,Apoints
552064.3105,7819688.168,-8807.400391,Apoints
552376.8105,7818468.117,-8822.320313,Apoints
550264.3105,7821264.848,-8922.629883,Apoints
550689.3105,7820682.98,-8844.280273,Apoints
551939.3105,7818186.57,-8786.099609,Apoints
551189.3105,7821377.469,-8905.919922,Apoints
550701.8105,7818430.578,-8825.700195,Apoints
550726.8105,7821752.867,-8930.389648,Apoints
550001.8105,7817623.469,-8852.280273,Apoints
551814.3105,7821246.078,-8880.509766,Apoints
550189.3105,7818937.367,-8811.69043,Apoints
550976.8105,7820833.141,-8869.009766,Apoints
551426.8105,7818768.438,-8795.830078,Apoints
551414.3105,7819049.988,-8811.019531,Apoints
549614.3105,7820363.887,-8911.080078,Apoints
551764.3105,7821358.699,-8891.889648,Apoints
550639.3105,7819875.867,-8796.900391,Apoints
552389.3105,7819200.148,-8816.629883,Apoints
549901.8105,7818580.738,-8831.009766,Apoints
549076.8105,7819312.77,-8938.570313,Apoints
551464.3105,7818956.141,-8803.509766,Apoints
552114.3105,7816891.438,-8758.429688,Apoints
549276.8105,7818317.957,-8885.540039,Apoints
549764.3105,7821208.539,-8956.280273,Apoints
550514.3105,7820119.879,-8765.969727,Apoints
550214.3105,7821471.32,-8933.639648,Apoints
549251.8105,7816910.207,-8843.400391,Apoints
552101.8105,7821246.078,-8860.509766,Apoints
549301.8105,7820176.188,-8930.740234,Apoints
550239.3105,7820251.27,-8801.830078,Apoints
550739.3105,7817041.598,-8815.389648,Apoints
549826.8105,7821508.859,-8961.620117,Apoints
550064.3105,7818580.738,-8838.80957,Apoints
550014.3105,7821039.609,-8926.269531,Apoints
549701.8105,7818937.367,-8859.080078,Apoints
551301.8105,7819275.23,-8820.790039,Apoints
552389.3105,7821508.859,-8854.540039,Apoints
549801.8105,7817942.559,-8865.110352,Apoints
549076.8105,7816966.52,-8854.110352,Apoints
549651.8105,7820251.27,-8901.740234,Apoints
551889.3105,7816666.199,-8770.900391,Apoints
552376.8105,7821189.77,-8855.339844,Apoints
549039.3105,7816760.051,-8874.25,Apoints
551639.3105,7818918.598,-8798.650391,Apoints
550926.8105,7820007.258,-8816.879883,Apoints
551376.8105,7817492.078,-8795.75,Apoints
549864.3105,7817829.938,-8863.269531,Apoints
551089.3105,7820495.281,-8836.610352,Apoints
550701.8105,7820833.141,-8879.179688,Apoints
550964.3105,7820926.988,-8885.44043,Apoints
549976.8105,7820908.219,-8919.269531,Apoints
550526.8105,7817923.789,-8830.230469,Apoints
549364.3105,7820232.5,-8929.55957,Apoints
548939.3105,7818149.027,-8907.269531,Apoints
551214.3105,7820514.051,-8850.129883,Apoints
550476.8105,7820664.211,-8816.370117,Apoints
550464.3105,7818374.27,-8836.339844,Apoints
550064.3105,7818055.18,-8864.070313,Apoints
550801.8105,7818637.047,-8833.419922,Apoints
550051.8105,7821264.848,-8939.700195,Apoints
549701.8105,7821152.23,-8962.160156,Apoints
550976.8105,7818805.98,-8815.799805,Apoints
552126.8105,7819894.641,-8781.469727,Apoints
550739.3105,7821321.16,-8924.139648,Apoints
550251.8105,7819049.988,-8803.709961,Apoints
549964.3105,7820776.828,-8901.629883,Apoints
550414.3105,7817736.09,-8833.549805,Apoints
548901.8105,7817942.559,-8894.200195,Apoints
551789.3105,7816928.98,-8787.160156,Apoints
549364.3105,7817961.328,-8872.320313,Apoints
551314.3105,7817698.547,-8795.740234,Apoints
552201.8105,7820138.648,-8785.019531,Apoints
549301.8105,7817360.688,-8786.610352,Apoints
550339.3105,7821020.84,-8897.129883,Apoints
548926.8105,7816928.98,-8859.959961,Apoints
551151.8105,7818280.418,-8798.80957,Apoints
549276.8105,7820044.801,-8933.540039,Apoints
550389.3105,7821715.328,-8945.370117,Apoints
551026.8105,7817060.367,-8805.639648,Apoints
550689.3105,7818468.117,-8827.950195,Apoints
551251.8105,7818693.359,-8809.980469,Apoints
551414.3105,7821546.398,-8894.700195,Apoints
549176.8105,7818805.98,-8903.379883,Apoints
551589.3105,7821114.691,-8891.889648,Apoints
550251.8105,7816797.59,-8829.419922,Apoints
549051.8105,7817754.859,-8863.200195,Apoints
552064.3105,7816928.98,-8761.330078,Apoints
549139.3105,7816928.98,-8852.200195,Apoints
552226.8105,7819725.711,-8809.169922,Apoints
548914.3105,7817923.789,-8892.150391,Apoints
552114.3105,7819725.711,-8808.549805,Apoints
551226.8105,7821339.93,-8905.459961,Apoints
551451.8105,7817848.711,-8798.269531,Apoints
550864.3105,7819256.457,-8794.969727,Apoints
550239.3105,7817116.68,-8815.769531,Apoints
551664.3105,7818224.109,-8787.769531,Apoints
550014.3105,7818449.348,-8851.160156,Apoints
550914.3105,7818468.117,-8830.099609,Apoints
551489.3105,7818599.508,-8790.610352,Apoints
551926.8105,7821433.781,-8878.75,Apoints
550339.3105,7818637.047,-8835.030273,Apoints
552189.3105,7819275.23,-8814.44043,Apoints
551051.8105,7819350.309,-8814.389648,Apoints
552339.3105,7817980.098,-8801.19043,Apoints
549951.8105,7818411.809,-8851.030273,Apoints
548889.3105,7817886.25,-8890.700195,Apoints
550664.3105,7821790.41,-8934.919922,Apoints
551814.3105,7818224.109,-8780.009766,Apoints
549164.3105,7820326.348,-8937.709961,Apoints
549589.3105,7817998.871,-8870.139648,Apoints
552176.8105,7820607.898,-8818.150391,Apoints
550851.8105,7820176.188,-8803.169922,Apoints
552289.3105,7816928.98,-8725.290039,Apoints
549301.8105,7816853.898,-8838.610352,Apoints
549789.3105,7818974.91,-8857.070313,Apoints
551201.8105,7818956.141,-8817.910156,Apoints
549401.8105,7818712.129,-8866.820313,Apoints
551289.3105,7821752.867,-8900.200195,Apoints
549689.3105,7819200.148,-8871.240234,Apoints
551114.3105,7817435.77,-8782.629883,Apoints
552039.3105,7820983.297,-8858.5,Apoints
550839.3105,7821752.867,-8923.25,Apoints
549976.8105,7821827.949,-8962.860352,Apoints
551901.8105,7820420.199,-8805.160156,Apoints
550726.8105,7821283.617,-8925.519531,Apoints
549789.3105,7818449.348,-8846.480469,Apoints
551289.3105,7817398.227,-8785.44043,Apoints
551576.8105,7817811.168,-8799.160156,Apoints
550389.3105,7816666.199,-8832.25,Apoints
549839.3105,7817379.461,-8838.209961,Apoints
549951.8105,7817661.008,-8854.429688,Apoints
552276.8105,7821077.148,-8853.019531,Apoints
551014.3105,7821133.457,-8906.419922,Apoints
552101.8105,7821565.168,-8858.070313,Apoints
551151.8105,7820495.281,-8842.379883,Apoints
551239.3105,7821133.457,-8895.570313,Apoints
550901.8105,7818693.359,-8820.299805,Apoints
551414.3105,7820739.289,-8874.240234,Apoints
551264.3105,7818280.418,-8794.780273,Apoints
549164.3105,7819312.77,-8930.400391,Apoints
551814.3105,7820814.371,-8855.549805,Apoints
550676.8105,7821246.078,-8922.980469,Apoints
550526.8105,7818317.957,-8830.5,Apoints
551851.8105,7818974.91,-8809.280273,Apoints
551964.3105,7817210.527,-8774.360352,Apoints
552164.3105,7816797.59,-8761.150391,Apoints
552451.8105,7818393.039,-8819.669922,Apoints
549576.8105,7820645.438,-8942.19043,Apoints
551276.8105,7820476.508,-8853.650391,Apoints
549539.3105,7817304.379,-8791.780273,Apoints
549239.3105,7818674.59,-8897.530273,Apoints
551201.8105,7819744.48,-8829.540039,Apoints
549251.8105,7817905.02,-8863.44043,Apoints
550351.8105,7819894.641,-8785.099609,Apoints
550476.8105,7820026.027,-8780.519531,Apoints
549251.8105,7819049.988,-8907.860352,Apoints
551751.8105,7817417,-8790.040039,Apoints
550301.8105,7817398.227,-8820.410156,Apoints
550676.8105,7820626.668,-8831.660156,Apoints
552389.3105,7817266.84,-8731.839844,Apoints
548889.3105,7817661.008,-8867.459961,Apoints
549414.3105,7817341.918,-8782.549805,Apoints
549489.3105,7817773.629,-8848.5,Apoints
550964.3105,7821659.02,-8905.839844,Apoints
549626.8105,7818768.438,-8859.110352,Apoints
551964.3105,7817811.168,-8791.150391,Apoints
549389.3105,7819143.84,-8901.280273,Apoints
549451.8105,7816966.52,-8824.459961,Apoints
550339.3105,7820983.297,-8893.080078,Apoints
551514.3105,7819650.629,-8825.580078,Apoints
551714.3105,7816666.199,-8772.650391,Apoints
550676.8105,7820795.598,-8868.019531,Apoints
550839.3105,7820589.129,-8825.900391,Apoints
550764.3105,7818017.637,-8804.200195,Apoints
550276.8105,7817961.328,-8855.200195,Apoints
551301.8105,7821546.398,-8906.129883,Apoints
549476.8105,7820551.59,-8948.820313,Apoints
550001.8105,7820101.109,-8842.049805,Apoints
552176.8105,7817623.469,-8782.650391,Apoints
551014.3105,7817004.059,-8808.30957,Apoints
548889.3105,7817792.398,-8884.969727,Apoints
550326.8105,7821227.309,-8915.049805,Apoints
549751.8105,7816741.277,-8834.570313,Apoints
550189.3105,7818843.52,-8815.790039,Apoints
550901.8105,7820176.188,-8808.370117,Apoints
551239.3105,7819125.07,-8818.360352,Apoints
550989.3105,7817079.141,-8804.580078,Apoints
550164.3105,7821508.859,-8936.75,Apoints
552239.3105,7817905.02,-8795.259766,Apoints
552164.3105,7818468.117,-8816.080078,Apoints
551226.8105,7821827.949,-8900.580078,Apoints
549064.3105,7818355.5,-8911.330078,Apoints
552114.3105,7818393.039,-8811.169922,Apoints
549739.3105,7817172.988,-8823.589844,Apoints
551976.8105,7821039.609,-8860.429688,Apoints
550701.8105,7817116.68,-8810.530273,Apoints
551326.8105,7818205.34,-8792.179688,Apoints
550676.8105,7821846.719,-8933.849609,Apoints
550689.3105,7820495.281,-8801.799805,Apoints
551914.3105,7817998.871,-8785.650391,Apoints
549314.3105,7819969.719,-8929.589844,Apoints
549001.8105,7818918.598,-8921.570313,Apoints
550914.3105,7819012.449,-8803.070313,Apoints
549964.3105,7820551.59,-8881.44043,Apoints
550214.3105,7817998.871,-8858.620117,Apoints
549276.8105,7819988.488,-8932.709961,Apoints
550989.3105,7818017.637,-8801.669922,Apoints
550351.8105,7817172.988,-8816.620117,Apoints
551201.8105,7819012.449,-8818.370117,Apoints
552089.3105,7817116.68,-8749.240234,Apoints
552101.8105,7820795.598,-8844.240234,Apoints
550789.3105,7820063.57,-8804.570313,Apoints
552276.8105,7821246.078,-8857.75,Apoints
550601.8105,7821602.711,-8931.570313,Apoints
552101.8105,7816647.43,-8763.75,Apoints
550364.3105,7820119.879,-8788.419922,Apoints
551739.3105,7817248.07,-8785.75,Apoints
550589.3105,7819237.688,-8762.849609,Apoints
551651.8105,7821114.691,-8888.709961,Apoints
549164.3105,7818561.969,-8906.040039,Apoints
549064.3105,7817679.777,-8845.200195,Apoints
551676.8105,7817022.828,-8786.919922,Apoints
550114.3105,7817661.008,-8853.379883,Apoints
549676.8105,7818430.578,-8850.339844,Apoints
551239.3105,7820926.988,-8885.299805,Apoints
549264.3105,7816947.75,-8838.379883,Apoints
550501.8105,7820082.34,-8771.219727,Apoints
551139.3105,7816928.98,-8799.530273,Apoints
549514.3105,7818881.059,-8863.580078,Apoints
551476.8105,7818918.598,-8801.419922,Apoints
551701.8105,7821189.77,-8889.769531,Apoints
550164.3105,7817923.789,-8859.070313,Apoints
549576.8105,7820345.121,-8911.05957,Apoints
551676.8105,7816891.438,-8789.519531,Apoints
552389.3105,7821846.719,-8822.169922,Apoints
550764.3105,7818299.188,-8815.669922,Apoints
552176.8105,7816985.289,-8734.389648,Apoints
550576.8086,7817848.711,-8828.769531,Apoints
551139.3105,7819256.457,-8817.910156,Apoints
552001.8105,7816891.438,-8770.639648,Apoints
551976.8105,7821771.641,-8848.929688,Apoints
550864.3105,7818411.809,-8832.360352,Apoints
551801.8105,7821565.168,-8877.240234,Apoints
550051.8105,7817998.871,-8863.320313,Apoints
552176.8105,7817867.48,-8788.169922,Apoints
550514.3105,7819162.609,-8762.219727,Apoints
550239.3105,7819913.41,-8809.530273,Apoints
551089.3105,7820063.57,-8831.980469,Apoints
551364.3105,7820589.129,-8867.889648,Apoints
552439.3105,7821508.859,-8855.509766,Apoints
550789.3105,7820532.82,-8815.280273,Apoints
550501.8105,7821377.469,-8911.110352,Apoints
549551.8105,7819725.711,-8909.610352,Apoints
551814.3105,7820964.531,-8862.19043,Apoints
551651.8105,7818599.508,-8792.610352,Apoints
551739.3105,7817285.609,-8784.980469,Apoints
550051.8105,7817585.93,-8848.290039,Apoints
550451.8105,7821302.391,-8912.129883,Apoints
551526.8105,7817923.789,-8794.75,Apoints
549714.3105,7820138.648,-8895.910156,Apoints
549414.3105,7820101.109,-8930.910156,Apoints
551526.8105,7819068.758,-8811.150391,Apoints
552064.3105,7820401.43,-8793.820313,Apoints
551726.8105,7818393.039,-8785.450195,Apoints
550914.3105,7820138.648,-8813.25,Apoints
551839.3105,7818017.637,-8779.740234,Apoints
551014.3105,7820945.758,-8887.139648,Apoints
552176.8105,7819706.938,-8812.379883,Apoints
552326.8105,7821114.691,-8852.349609,Apoints
551351.8105,7819500.469,-8811,Apoints
549314.3105,7817529.617,-8810.19043,Apoints
552114.3105,7817717.32,-8791.049805,Apoints
550364.3105,7819519.238,-8806.179688,Apoints
549126.8105,7817961.328,-8877.860352,Apoints
551214.3105,7817886.25,-8789.879883,Apoints
551364.3105,7820776.828,-8877.379883,Apoints
552326.8105,7820101.109,-8808.839844,Apoints
550901.8105,7821002.07,-8897.469727,Apoints
549989.3105,7817792.398,-8862.089844,Apoints
552214.3105,7818862.289,-8812.790039,Apoints
549351.8105,7817360.688,-8784.799805,Apoints
551376.8105,7818036.41,-8789.269531,Apoints
550739.3105,7820701.75,-8850.429688,Apoints
549701.8105,7821377.469,-8957.620117,Apoints
550601.8105,7821358.699,-8915.009766,Apoints
551301.8105,7820964.531,-8885.570313,Apoints
549864.3105,7821677.789,-8967.070313,Apoints
551464.3105,7817961.328,-8793.129883,Apoints
551839.3105,7816891.438,-8782.450195,Apoints
551614.3105,7821715.328,-8868.969727,Apoints
549451.8105,7818355.5,-8867.669922,Apoints
551351.8105,7821415.008,-8896.589844,Apoints
550114.3105,7821264.848,-8936.969727,Apoints
551289.3105,7821114.691,-8892.480469,Apoints
550551.8105,7820495.281,-8806.230469,Apoints
552076.8105,7819875.867,-8788.320313,Apoints
550164.3105,7817961.328,-8859.19043,Apoints
549264.3105,7817661.008,-8831.929688,Apoints
549839.3105,7818130.258,-8868.740234,Apoints
550464.3105,7818336.73,-8839.30957,Apoints
551064.3105,7819988.488,-8825.980469,Apoints
549151.8105,7817492.078,-8820.429688,Apoints
549726.8105,7818374.27,-8854.650391,Apoints
551851.8105,7817886.25,-8793.400391,Apoints
548926.8105,7819125.07,-8932.599609,Apoints
551826.8105,7821640.25,-8865.400391,Apoints
550639.3105,7819312.77,-8773.269531,Apoints
549001.8105,7817717.32,-8862.280273,Apoints
550239.3105,7818430.578,-8847.759766,Apoints
550651.8105,7817848.711,-8823.360352,Apoints
551989.3105,7820795.598,-8847.519531,Apoints
551964.3105,7817886.25,-8790.700195,Apoints
550476.8105,7819049.988,-8769.830078,Apoints
549589.3105,7817360.688,-8802.040039,Apoints
551626.8105,7817191.758,-8788.200195,Apoints
550801.8105,7819875.867,-8810.469727,Apoints
551751.8105,7820964.531,-8868.879883,Apoints
552339.3105,7816985.289,-8705.219727,Apoints
550014.3105,7818055.18,-8866.389648,Apoints
552126.8105,7817829.938,-8784.429688,Apoints
551701.8105,7820701.75,-8850.44043,Apoints
552289.3105,7817398.227,-8755.80957,Apoints
552439.3105,7819594.32,-8814.410156,Apoints
548939.3105,7817623.469,-8856.950195,Apoints
549439.3105,7820514.051,-8951.330078,Apoints
549539.3105,7817548.387,-8815.55957,Apoints
551014.3105,7820739.289,-8859.080078,Apoints
552239.3105,7818036.41,-8805.830078,Apoints
551726.8105,7816928.98,-8788.799805,Apoints
549039.3105,7818073.949,-8895.55957,Apoints
549376.8105,7818092.719,-8876.179688,Apoints
549439.3105,7817811.168,-8856.169922,Apoints
549114.3105,7817698.547,-8844.19043,Apoints
549664.3105,7817379.461,-8817.089844,Apoints
551564.3105,7819275.23,-8824.110352,Apoints
548889.3105,7818017.637,-8900.110352,Apoints
550814.3105,7820795.598,-8870.679688,Apoints
552326.8105,7819068.758,-8813.849609,Apoints
552214.3105,7817717.32,-8785.80957,Apoints
549764.3105,7820814.371,-8935.540039,Apoints
551314.3105,7818167.797,-8793.339844,Apoints
551764.3105,7820682.98,-8844.150391,Apoints
549764.3105,7817585.93,-8846.370117,Apoints
549389.3105,7817848.711,-8860.259766,Apoints
551314.3105,7818430.578,-8789.280273,Apoints
551126.8105,7819369.078,-8813.80957,Apoints
549451.8105,7818805.98,-8867.30957,Apoints
551876.8105,7818618.281,-8796.990234,Apoints
552064.3105,7816816.359,-8770.769531,Apoints
551701.8105,7820889.449,-8869.669922,Apoints
550139.3105,7818036.41,-8859.419922,Apoints
552276.8105,7819331.539,-8819.669922,Apoints
552189.3105,7817998.871,-8799.44043,Apoints
551389.3105,7819763.25,-8829.240234,Apoints
551364.3105,7819162.609,-8816.879883,Apoints
550964.3105,7820213.73,-8809.830078,Apoints
551714.3105,7817379.461,-8788.929688,Apoints
552439.3105,7817548.387,-8741.719727,Apoints
551751.8105,7821133.457,-8877.700195,Apoints
550739.3105,7819068.758,-8787.780273,Apoints
549501.8105,7817679.777,-8835.169922,Apoints
549914.3105,7820194.961,-8845.589844,Apoints
551764.3105,7820420.199,-8821.639648,Apoints
549214.3105,7817604.699,-8821.05957,Apoints
551589.3105,7820945.758,-8881.290039,Apoints
550126.8105,7818674.59,-8830.200195,Apoints
551514.3105,7821583.941,-8883.980469,Apoints
551701.8105,7820345.121,-8818.419922,Apoints
552389.3105,7819538.008,-8816.719727,Apoints
549189.3105,7817454.539,-8810.349609,Apoints
552001.8105,7816966.52,-8764.299805,Apoints
549539.3105,7816947.75,-8832.509766,Apoints
550826.8105,7817097.91,-8806.860352,Apoints
552389.3105,7820833.141,-8836.320313,Apoints
551526.8105,7820814.371,-8869.230469,Apoints
551976.8105,7818805.98,-8809.25,Apoints
550851.8105,7819950.949,-8808.969727,Apoints
552101.8105,7819387.852,-8812,Apoints
549551.8105,7818655.82,-8854.110352,Apoints
551451.8105,7821490.09,-8890.5,Apoints
550039.3105,7820532.82,-8863.160156,Apoints
551801.8105,7817754.859,-8798.019531,Apoints
548951.8105,7818843.52,-8930.259766,Apoints
549576.8105,7818824.75,-8863.150391,Apoints
549826.8105,7819988.488,-8883.709961,Apoints
549051.8105,7817585.93,-8836.549805,Apoints
550639.3105,7818130.258,-8823.339844,Apoints
550426.8105,7820007.258,-8782.040039,Apoints
551901.8105,7817923.789,-8790.519531,Apoints
552389.3105,7816872.668,-8727,Apoints
549464.3105,7819106.301,-8895.269531,Apoints
549264.3105,7817022.828,-8829.209961,Apoints
551814.3105,7820307.578,-8798.230469,Apoints
552114.3105,7820363.887,-8782.860352,Apoints
550164.3105,7817811.168,-8854.030273,Apoints
551126.8105,7821790.41,-8908.5,Apoints
552276.8105,7818580.738,-8820.870117,Apoints
549301.8105,7819838.328,-8929.69043,Apoints
550901.8105,7817079.141,-8803.900391,Apoints
549876.8105,7821227.309,-8944.80957,Apoints
549326.8105,7818130.258,-8876.280273,Apoints
550751.8105,7819143.84,-8771.719727,Apoints
551489.3105,7820570.359,-8860.919922,Apoints
549114.3105,7818280.418,-8904.889648,Apoints
550526.8105,7818993.68,-8783.05957,Apoints
550376.8105,7821433.781,-8925.379883,Apoints
551464.3105,7821659.02,-8887.360352,Apoints
550964.3105,7820044.801,-8821.259766,Apoints
551876.8105,7820664.211,-8839.230469,Apoints
550326.8105,7821790.41,-8944.55957,Apoints
550489.3105,7817980.098,-8832.780273,Apoints
550239.3105,7818561.969,-8843.919922,Apoints
550401.8105,7817454.539,-8827.240234,Apoints
550426.8105,7818693.359,-8816.290039,Apoints
550589.3105,7818411.809,-8821.330078,Apoints
549226.8105,7818937.367,-8897.730469,Apoints
549851.8105,7818899.828,-8851.669922,Apoints
549876.8105,7820345.121,-8876.389648,Apoints
551076.8105,7820758.059,-8869.519531,Apoints
552451.8105,7817191.758,-8708.679688,Apoints
551814.3105,7821152.23,-8870.05957,Apoints
550364.3105,7818768.438,-8816.830078,Apoints
551801.8105,7821095.918,-8868.169922,Apoints
549164.3105,7817754.859,-8847.719727,Apoints
551364.3105,7818730.898,-8801.169922,Apoints
549751.8105,7819275.23,-8860.030273,Apoints
550751.8105,7818974.91,-8805.55957,Apoints
550539.3105,7821827.949,-8942.459961,Apoints
552389.3105,7819406.617,-8822.589844,Apoints
551939.3105,7816647.43,-8771.55957,Apoints
551326.8105,7819031.219,-8816.900391,Apoints
552289.3105,7817848.711,-8790.019531,Apoints
551564.3105,7821771.641,-8873.799805,Apoints
551764.3105,7820720.52,-8848.759766,Apoints
549426.8105,7816853.898,-8830.580078,Apoints
550801.8105,7818693.359,-8829.610352,Apoints
550814.3105,7818242.879,-8815.419922,Apoints
550964.3105,7819068.758,-8799.360352,Apoints
550214.3105,7821621.48,-8935.44043,Apoints
551651.8105,7821020.84,-8883.820313,Apoints
550039.3105,7819068.758,-8840.950195,Apoints
549926.8105,7817717.32,-8856.25,Apoints
551776.8105,7818336.73,-8782.990234,Apoints
551526.8105,7818899.828,-8799.700195,Apoints
552214.3105,7818393.039,-8814.650391,Apoints
550739.3105,7819988.488,-8802.089844,Apoints
550989.3105,7818299.188,-8817.160156,Apoints
551564.3105,7819613.09,-8825.099609,Apoints
549876.8105,7820270.039,-8860.80957,Apoints
551314.3105,7820607.898,-8867.150391,Apoints
551014.3105,7819294,-8812.419922,Apoints
550026.8105,7818899.828,-8836.040039,Apoints
552039.3105,7818749.668,-8809.120117,Apoints
551976.8105,7818768.438,-8807.110352,Apoints
551751.8105,7817548.387,-8794.910156,Apoints
549989.3105,7821471.32,-8963.94043,Apoints
551601.8105,7818299.188,-8792.240234,Apoints
551076.8105,7819068.758,-8810.820313,Apoints
552276.8105,7818524.43,-8820.290039,Apoints
551101.8105,7818374.27,-8802.009766,Apoints
552376.8105,7817717.32,-8777.75,Apoints
550801.8105,7818017.637,-8804.129883,Apoints
550414.3105,7818317.957,-8845.639648,Apoints
551064.3105,7821752.867,-8908.990234,Apoints
552339.3105,7820720.52,-8832.660156,Apoints
552326.8105,7818637.047,-8821.55957,Apoints
551014.3105,7820833.141,-8868.490234,Apoints
552039.3105,7821677.789,-8853.459961,Apoints
549339.3105,7818787.207,-8877.769531,Apoints
549764.3105,7819913.41,-8884.950195,Apoints
550639.3105,7818092.719,-8822.040039,Apoints
550689.3105,7818130.258,-8814.969727,Apoints
551714.3105,7818261.648,-8787.740234,Apoints
549789.3105,7820213.73,-8874.790039,Apoints
550326.8105,7821508.859,-8937.599609,Apoints
551301.8105,7821227.309,-8896.25,Apoints
551639.3105,7821433.781,-8899.639648,Apoints
549651.8105,7817191.758,-8814.230469,Apoints
549226.8105,7817492.078,-8805.410156,Apoints
549239.3105,7817360.688,-8790.80957,Apoints
549776.8105,7818092.719,-8870,Apoints
549839.3105,7818618.281,-8826.269531,Apoints
550514.3105,7818017.637,-8831.980469,Apoints
551864.3105,7821302.391,-8878.570313,Apoints
550889.3105,7821827.949,-8924.139648,Apoints
550976.8105,7818355.5,-8820.570313,Apoints
550764.3105,7818524.43,-8837.209961,Apoints
551914.3105,7817022.828,-8770.790039,Apoints
550726.8105,7821077.148,-8907.610352,Apoints
549526.8105,7819631.859,-8910.519531,Apoints
549901.8105,7818824.75,-8841.990234,Apoints
550164.3105,7817773.629,-8851.580078,Apoints
550539.3105,7817304.379,-8821.910156,Apoints
550926.8105,7818092.719,-8802.780273,Apoints
551414.3105,7821095.918,-8892.30957,Apoints
550701.8105,7818599.508,-8835.660156,Apoints
550676.8105,7821114.691,-8909.730469,Apoints
549876.8105,7821471.32,-8963.889648,Apoints
551926.8105,7821002.07,-8860.660156,Apoints
550151.8105,7821621.48,-8942.089844,Apoints
551951.8105,7816741.277,-8773.25,Apoints
551064.3105,7821264.848,-8905.400391,Apoints
551939.3105,7820514.051,-8820.169922,Apoints
551264.3105,7818411.809,-8790.349609,Apoints
551901.8105,7816760.051,-8772.879883,Apoints
549564.3105,7818712.129,-8856.969727,Apoints
551914.3105,7817717.32,-8794.55957,Apoints
551239.3105,7821621.48,-8903.110352,Apoints
550151.8105,7821659.02,-8944.150391,Apoints
550139.3105,7818899.828,-8818.849609,Apoints
549051.8105,7818956.141,-8916.240234,Apoints
549151.8105,7818111.488,-8893.080078,Apoints
550214.3105,7821302.391,-8931.599609,Apoints
551351.8105,7821771.641,-8898.070313,Apoints
550664.3105,7821208.539,-8918.969727,Apoints
550964.3105,7821715.328,-8913.929688,Apoints
551389.3105,7821715.328,-8896.700195,Apoints
550314.3105,7818843.52,-8813.570313,Apoints
552039.3105,7818524.43,-8808.429688,Apoints
552051.8105,7819650.629,-8806.480469,Apoints
552439.3105,7818486.891,-8821.200195,Apoints
550264.3105,7821227.309,-8919.330078,Apoints
551939.3105,7818149.027,-8780.980469,Apoints
552376.8105,7817135.449,-8717.19043,Apoints
551176.8105,7821415.008,-8906.269531,Apoints
550664.3105,7821752.867,-8934.620117,Apoints
549989.3105,7817661.008,-8854.44043,Apoints
552201.8105,7818787.207,-8813.950195,Apoints
550201.8105,7818974.91,-8806.549805,Apoints
551364.3105,7818768.438,-8804.889648,Apoints
551426.8105,7819012.449,-8808.30957,Apoints
551901.8105,7816985.289,-8774.980469,Apoints
549564.3105,7818299.188,-8867.400391,Apoints
550589.3105,7819875.867,-8791.379883,Apoints
552376.8105,7819162.609,-8816.330078,Apoints
549889.3105,7818543.199,-8834.200195,Apoints
552126.8105,7816853.898,-8761.490234,Apoints
549289.3105,7818355.5,-8886.730469,Apoints
549751.8105,7821246.078,-8954.05957,Apoints
552439.3105,7817079.141,-8691.19043,Apoints
550201.8105,7821508.859,-8934.05957,Apoints
549001.8105,7819181.379,-8936.459961,Apoints
549689.3105,7818974.91,-8856.660156,Apoints
549389.3105,7818186.57,-8877.839844,Apoints
552389.3105,7821452.551,-8857.620117,Apoints
551976.8105,7819763.25,-8807.549805,Apoints
549076.8105,7816928.98,-8858.669922,Apoints
552101.8105,7818824.75,-8812.169922,Apoints
551889.3105,7816722.508,-8771.589844,Apoints
549064.3105,7816760.051,-8870.269531,Apoints
549876.8105,7817773.629,-8859.55957,Apoints
550064.3105,7817379.461,-8832.790039,Apoints
550951.8105,7820889.449,-8879.55957,Apoints
548951.8105,7818186.57,-8910.679688,Apoints
550064.3105,7818092.719,-8865.519531,Apoints
550639.3105,7818449.348,-8821.299805,Apoints
550964.3105,7818768.438,-8815.660156,Apoints
552126.8105,7819932.18,-8779.379883,Apoints
550251.8105,7819012.449,-8800.400391,Apoints
551814.3105,7820926.988,-8860.299805,Apoints
550401.8105,7817792.398,-8836.370117,Apoints
552226.8105,7820138.648,-8789.839844,Apoints
548876.8105,7816928.98,-8860.299805,Apoints
551476.8105,7819049.988,-8807.830078,Apoints
549301.8105,7820063.57,-8932.769531,Apoints
550376.8105,7821771.641,-8945.089844,Apoints
551251.8105,7818730.898,-8813.230469,Apoints
551401.8105,7821602.711,-8894.919922,Apoints
549114.3105,7818824.75,-8911.070313,Apoints
552051.8105,7816966.52,-8758.320313,Apoints
552164.3105,7819744.48,-8807.660156,Apoints
551576.8105,7820401.43,-8843.839844,Apoints
552226.8105,7819275.23,-8816.360352,Apoints
552126.8105,7819763.25,-8803.780273,Apoints
550876.8105,7819294,-8800.530273,Apoints
550414.3105,7818524.43,-8831.379883,Apoints
550001.8105,7818486.891,-8845.759766,Apoints
549801.8105,7818937.367,-8856.679688,Apoints
551301.8105,7821715.328,-8901.679688,Apoints
552226.8105,7820514.051,-8803.150391,Apoints
550401.8105,7816684.969,-8833.509766,Apoints
549051.8105,7818317.957,-8911.799805,Apoints
551001.8105,7821171,-8906.839844,Apoints
551226.8105,7821171,-8898.290039,Apoints
550914.3105,7818730.898,-8817.419922,Apoints
551251.8105,7818317.957,-8794.459961,Apoints
549664.3105,7818092.719,-8867.540039,Apoints
549776.8105,7817492.078,-8843.169922,Apoints
551289.3105,7821602.711,-8902.429688,Apoints
552439.3105,7818430.578,-8820.709961,Apoints
551764.3105,7817379.461,-8787.540039,Apoints
550751.8105,7818393.039,-8825.919922,Apoints
549414.3105,7819143.84,-8900.280273,Apoints
551514.3105,7819688.168,-8827.580078,Apoints
550751.8105,7818055.18,-8802.910156,Apoints
551014.3105,7820082.34,-8827.019531,Apoints
550389.3105,7820758.059,-8845.089844,Apoints
550276.8105,7818017.637,-8854.209961,Apoints
552176.8105,7817661.008,-8785.80957,Apoints
551389.3105,7820570.359,-8866.69043,Apoints
550501.8105,7821339.93,-8911.759766,Apoints
549051.8105,7820326.348,-8943.169922,Apoints
549526.8105,7819688.168,-8910.980469,Apoints
551351.8105,7819538.008,-8813.759766,Apoints
549989.3105,7817998.871,-8865.370117,Apoints
549414.3105,7820138.648,-8930.669922,Apoints
552326.8105,7818862.289,-8816.009766,Apoints
549476.8105,7821377.469,-8959.959961,Apoints
550689.3105,7821020.84,-8902.269531,Apoints
549114.3105,7817848.711,-8864.919922,Apoints
549989.3105,7821583.941,-8967.969727,Apoints
551126.8105,7818843.52,-8820.669922,Apoints
550364.3105,7819500.469,-8807.120117,Apoints
551139.3105,7817886.25,-8794.339844,Apoints
550901.8105,7820964.531,-8893.200195,Apoints
549901.8105,7819425.391,-8843.379883,Apoints
552214.3105,7818899.828,-8813.200195,Apoints
549351.8105,7817304.379,-8790.099609,Apoints
550676.8105,7820701.75,-8847.139648,Apoints
551976.8105,7819087.527,-8817.179688,Apoints
550626.8105,7821339.93,-8919.469727,Apoints
549451.8105,7818299.188,-8869.370117,Apoints
549589.3105,7820138.648,-8916.389648,Apoints
549764.3105,7821433.781,-8958.69043,Apoints
549501.8105,7816835.129,-8838.650391,Apoints
549339.3105,7818655.82,-8880.490234,Apoints
551064.3105,7820007.258,-8827.490234,Apoints
551064.3105,7821095.918,-8903.669922,Apoints
548926.8105,7819143.84,-8934.950195,Apoints
551826.8105,7821659.02,-8863.05957,Apoints
550239.3105,7818468.117,-8846.320313,Apoints
550626.8105,7817829.938,-8825.730469,Apoints
549114.3105,7818599.508,-8913.110352,Apoints
550801.8105,7819838.328,-8811.599609,Apoints
552439.3105,7818824.75,-8816.089844,Apoints
549764.3105,7817661.008,-8848.219727,Apoints
549064.3105,7819200.148,-8935.120117,Apoints
549426.8105,7820551.59,-8950.790039,Apoints
551039.3105,7820720.52,-8859.580078,Apoints
550226.8105,7817510.848,-8833.490234,Apoints
549364.3105,7818055.18,-8876.120117,Apoints
549376.8105,7817585.93,-8824.950195,Apoints
551589.3105,7819294,-8824.209961,Apoints
550701.8105,7818899.828,-8810.459961,Apoints
550814.3105,7820814.371,-8874.110352,Apoints
549776.8105,7820776.828,-8930.80957,Apoints
551689.3105,7820851.91,-8866.740234,Apoints
549451.8105,7818824.75,-8868.459961,Apoints
551864.3105,7818655.82,-8795.450195,Apoints
551639.3105,7821246.078,-8898.519531,Apoints
550139.3105,7818055.18,-8860,Apoints
551026.8105,7819087.527,-8803.830078,Apoints
551389.3105,7819725.711,-8825.990234,Apoints
552451.8105,7817585.93,-8749.730469,Apoints
549489.3105,7817717.32,-8841.589844,Apoints
550676.8105,7820739.289,-8855.219727,Apoints
550039.3105,7817454.539,-8836.299805,Apoints
551126.8105,7818637.047,-8816.650391,Apoints
549076.8105,7817323.148,-8837.160156,Apoints
551551.8105,7818543.199,-8792.200195,Apoints
549501.8105,7818224.109,-8873.490234,Apoints
551626.8105,7817079.141,-8789.530273,Apoints
551789.3105,7817323.148,-8783.549805,Apoints
551926.8105,7820626.668,-8835.370117,Apoints
549476.8105,7817567.16,-8819.459961,Apoints
551564.3105,7817980.098,-8789.959961,Apoints
549714.3105,7817473.309,-8833.339844,Apoints
551951.8105,7816928.98,-8772.950195,Apoints
552339.3105,7817360.688,-8746.299805,Apoints
549139.3105,7820288.809,-8938.910156,Apoints
550626.8105,7821246.078,-8919.070313,Apoints
551314.3105,7820645.438,-8869.849609,Apoints
551201.8105,7819181.379,-8817.790039,Apoints
550914.3105,7821659.02,-8913.330078,Apoints
550151.8105,7819800.789,-8822.150391,Apoints
548951.8105,7818355.5,-8919.660156,Apoints
551139.3105,7820157.418,-8830.290039,Apoints
549651.8105,7817773.629,-8851.540039,Apoints
549064.3105,7817867.48,-8874.160156,Apoints
550314.3105,7820044.801,-8795.830078,Apoints
552214.3105,7820964.531,-8852.410156,Apoints
550339.3105,7817567.16,-8831.339844,Apoints
549276.8105,7818261.648,-8883.070313,Apoints
549451.8105,7818768.438,-8864.639648,Apoints
549051.8105,7818149.027,-8901.969727,Apoints
549639.3105,7821321.16,-8957.889648,Apoints
550551.8105,7821358.699,-8911.040039,Apoints
551139.3105,7820889.449,-8882.049805,Apoints
551826.8105,7820626.668,-8836.150391,Apoints
551764.3105,7818167.797,-8778.700195,Apoints
550739.3105,7819932.18,-8804.889648,Apoints
550489.3105,7821602.711,-8938.129883,Apoints
549889.3105,7820082.34,-8869.990234,Apoints
551301.8105,7820926.988,-8884.549805,Apoints
550526.8105,7819969.719,-8781.839844,Apoints
549639.3105,7819143.84,-8875.830078,Apoints
549489.3105,7818017.637,-8871.719727,Apoints
550614.3105,7820476.508,-8800.69043,Apoints
551614.3105,7817698.547,-8802.320313,Apoints
549676.8105,7819031.219,-8858.5,Apoints
550314.3105,7819125.07,-8806.69043,Apoints
552151.8105,7819181.379,-8813.629883,Apoints
549926.8105,7817961.328,-8865.139648,Apoints
551864.3105,7817754.859,-8795.709961,Apoints
551789.3105,7817079.141,-8782.259766,Apoints
548989.3105,7818073.949,-8897.730469,Apoints
551126.8105,7817998.871,-8795.5,Apoints
551626.8105,7816816.359,-8790.459961,Apoints
549089.3105,7817417,-8828.360352,Apoints
550414.3105,7820645.438,-8812.280273,Apoints
550314.3105,7819218.918,-8812.320313,Apoints
549151.8105,7818768.438,-8908.889648,Apoints
550489.3105,7820495.281,-8807.19043,Apoints
549301.8105,7817454.539,-8790.30957,Apoints
552389.3105,7816647.43,-8736.019531,Apoints
551639.3105,7821283.617,-8899.830078,Apoints
549589.3105,7820194.961,-8913.349609,Apoints
549389.3105,7817661.008,-8839.480469,Apoints
551464.3105,7821302.391,-8899.94043,Apoints
550889.3105,7821189.77,-8908.639648,Apoints
552001.8105,7817022.828,-8758.169922,Apoints
551851.8105,7819519.238,-8820.740234,Apoints
551726.8105,7819725.711,-8825.269531,Apoints
551714.3105,7820833.141,-8863.69043,Apoints
550164.3105,7817604.699,-8848.19043,Apoints
551351.8105,7821077.148,-8890.25,Apoints
549001.8105,7818299.188,-8915.709961,Apoints
552126.8105,7817360.688,-8772.200195,Apoints
550639.3105,7817004.059,-8825.179688,Apoints
550901.8105,7821471.32,-8911.790039,Apoints
551701.8105,7818749.668,-8794.230469,Apoints
551976.8105,7819125.07,-8817.950195,Apoints
549539.3105,7820926.988,-8954.769531,Apoints
550864.3105,7818937.367,-8808.05957,Apoints
549614.3105,7816947.75,-8836.099609,Apoints
549364.3105,7817623.469,-8831.620117,Apoints
551939.3105,7816816.359,-8775.099609,Apoints
550801.8105,7819988.488,-8806.530273,Apoints
549751.8105,7819162.609,-8854.19043,Apoints
552439.3105,7816703.738,-8725,Apoints
551701.8105,7821246.078,-8894.669922,Apoints
551014.3105,7821771.641,-8915.179688,Apoints
549314.3105,7817567.16,-8818.730469,Apoints
549476.8105,7820926.988,-8959.089844,Apoints
551551.8105,7817698.547,-8803.330078,Apoints
551189.3105,7818468.117,-8797.240234,Apoints
550876.8105,7818130.258,-8803.339844,Apoints
549064.3105,7819237.688,-8937.389648,Apoints
549164.3105,7818299.188,-8900.599609,Apoints
550239.3105,7818205.34,-8857.379883,Apoints
551201.8105,7818205.34,-8797.650391,Apoints
549764.3105,7817623.469,-8846.990234,Apoints
551139.3105,7819125.07,-8813.089844,Apoints
550851.8105,7820701.75,-8852.169922,Apoints
550739.3105,7820138.648,-8787.889648,Apoints
552439.3105,7818768.438,-8819.070313,Apoints
551576.8105,7821433.781,-8898.830078,Apoints
551701.8105,7819294,-8820.169922,Apoints
550201.8105,7818730.898,-8822.639648,Apoints
551639.3105,7821302.391,-8900.139648,Apoints
551876.8105,7818336.73,-8793.759766,Apoints
550089.3105,7819087.527,-8834.509766,Apoints
551551.8105,7818317.957,-8793.139648,Apoints
551101.8105,7818017.637,-8798.139648,Apoints
550426.8105,7819012.449,-8775.910156,Apoints
551326.8105,7817792.398,-8793.929688,Apoints
550689.3105,7818186.57,-8814.370117,Apoints
551839.3105,7821621.48,-8867.639648,Apoints
550764.3105,7821546.398,-8916.879883,Apoints
550526.8105,7817379.461,-8827.099609,Apoints
549889.3105,7818186.57,-8864.950195,Apoints
551301.8105,7818674.59,-8803.209961,Apoints
551576.8105,7819237.688,-8823.900391,Apoints
549589.3105,7819669.398,-8902.780273,Apoints
549551.8105,7817736.09,-8840.849609,Apoints
552139.3105,7818712.129,-8812.049805,Apoints
551864.3105,7820382.66,-8803.379883,Apoints
549064.3105,7818073.949,-8894.410156,Apoints
552114.3105,7817154.219,-8754.959961,Apoints
549351.8105,7818618.281,-8879.459961,Apoints
550801.8105,7819181.379,-8772.969727,Apoints
551901.8105,7817135.449,-8778.730469,Apoints
551889.3105,7817323.148,-8779.629883,Apoints
549476.8105,7816853.898,-8835.870117,Apoints
552226.8105,7816928.98,-8735.30957,Apoints
550589.3105,7817717.32,-8828.040039,Apoints
550951.8105,7820626.668,-8830.459961,Apoints
549589.3105,7820176.188,-8914.169922,Apoints
550401.8105,7817829.938,-8837.179688,Apoints
549964.3105,7818317.957,-8858.469727,Apoints
550501.8105,7817473.309,-8828.830078,Apoints
551439.3105,7820570.359,-8865.110352,Apoints
550564.3105,7820063.57,-8772.629883,Apoints
551826.8105,7819331.539,-8813.919922,Apoints
552276.8105,7820645.438,-8822.179688,Apoints
552451.8105,7819556.777,-8814.94043,Apoints
552301.8105,7817454.539,-8756.360352,Apoints
551351.8105,7821659.02,-8897.429688,Apoints
549001.8105,7817923.789,-8884.980469,Apoints
549814.3105,7821302.391,-8946.209961,Apoints
550864.3105,7818524.43,-8833.379883,Apoints
549901.8105,7818730.898,-8826.120117,Apoints
551576.8105,7820851.91,-8870.75,Apoints
549901.8105,7819462.93,-8845.669922,Apoints
551501.8105,7817773.629,-8799.299805,Apoints
550414.3105,7819087.527,-8781.910156,Apoints
551039.3105,7818242.879,-8807.820313,Apoints
549426.8105,7821659.02,-8966.839844,Apoints
550289.3105,7818261.648,-8854.009766,Apoints
549551.8105,7818055.18,-8871.570313,Apoints
548989.3105,7817473.309,-8850.530273,Apoints
549989.3105,7821546.398,-8966.469727,Apoints
551701.8105,7821640.25,-8874.94043,Apoints
551164.3105,7819669.398,-8822.740234,Apoints
551751.8105,7819237.688,-8815.599609,Apoints
550676.8105,7821058.379,-8904.959961,Apoints
549539.3105,7816760.051,-8836.860352,Apoints
550501.8105,7817567.16,-8828.860352,Apoints
551251.8105,7820645.438,-8868.280273,Apoints
552326.8105,7818899.828,-8816.299805,Apoints
550651.8105,7818805.98,-8818.089844,Apoints
550726.8105,7821640.25,-8922.900391,Apoints
549351.8105,7818017.637,-8875.769531,Apoints
551426.8105,7818430.578,-8792.400391,Apoints
549464.3105,7818918.598,-8874.839844,Apoints
549489.3105,7816910.207,-8832.219727,Apoints
551176.8105,7821133.457,-8896.339844,Apoints
550289.3105,7817886.25,-8851.540039,Apoints
550201.8105,7821659.02,-8938.740234,Apoints
549289.3105,7816741.277,-8837.290039,Apoints
551389.3105,7817792.398,-8797.160156,Apoints
549989.3105,7817961.328,-8864.450195,Apoints
552264.3105,7819087.527,-8813.269531,Apoints
550639.3105,7817097.91,-8813.900391,Apoints
549389.3105,7817417,-8784.480469,Apoints
549051.8105,7820288.809,-8945.290039,Apoints
550851.8105,7820119.879,-8808.450195,Apoints
550464.3105,7818956.141,-8783.200195,Apoints
551926.8105,7821846.719,-8843.679688,Apoints
550589.3105,7819087.527,-8774.769531,Apoints
549651.8105,7817623.469,-8836.519531,Apoints
550576.8086,7817060.367,-8818.25,Apoints
550739.3105,7820157.418,-8784.25,Apoints
550501.8105,7821246.078,-8906.419922,Apoints
550576.8086,7817154.219,-8811.179688,Apoints
550289.3105,7817229.301,-8818.05957,Apoints
549826.8105,7817661.008,-8851.519531,Apoints
549464.3105,7817454.539,-8796.620117,Apoints
549714.3105,7817285.609,-8817.139648,Apoints
550164.3105,7818468.117,-8850.709961,Apoints
550101.8105,7817792.398,-8856.709961,Apoints
550914.3105,7818186.57,-8808.040039,Apoints
549439.3105,7816666.199,-8831.919922,Apoints
550101.8105,7817923.789,-8860.820313,Apoints
551401.8105,7821490.09,-8894.139648,Apoints
550401.8105,7820908.219,-8871.889648,Apoints
551101.8105,7819988.488,-8827.950195,Apoints
551989.3105,7820232.5,-8775.639648,Apoints
549339.3105,7816985.289,-8827.980469,Apoints
549226.8105,7817867.48,-8859.450195,Apoints
552101.8105,7820908.219,-8852.610352,Apoints
551876.8105,7820758.059,-8847.400391,Apoints
549651.8105,7817341.918,-8812.219727,Apoints
549751.8105,7818242.879,-8865.950195,Apoints
551939.3105,7820307.578,-8782.75,Apoints
550051.8105,7817698.547,-8856.80957,Apoints
549814.3105,7819181.379,-8846.570313,Apoints
549364.3105,7817473.309,-8794.860352,Apoints
549651.8105,7817529.617,-8827.540039,Apoints
550026.8105,7817923.789,-8863.070313,Apoints
551814.3105,7820345.121,-8803.019531,Apoints
552001.8105,7817116.68,-8764.080078,Apoints
550339.3105,7817041.598,-8820.349609,Apoints
549751.8105,7817886.25,-8863.639648,Apoints
549476.8105,7820457.738,-8947.740234,Apoints
552276.8105,7820026.027,-8803.280273,Apoints
549001.8105,7818486.891,-8917.129883,Apoints
550251.8105,7820119.879,-8804.030273,Apoints
551751.8105,7817961.328,-8789.679688,Apoints
549351.8105,7818956.141,-8892.459961,Apoints
550526.8105,7818355.5,-8828.589844,Apoints
552439.3105,7821208.539,-8854.94043,Apoints
548889.3105,7819049.988,-8927.040039,Apoints
551939.3105,7820739.289,-8844.55957,Apoints
550589.3105,7818693.359,-8822.05957,Apoints
549501.8105,7818712.129,-8857.969727,Apoints
550001.8105,7820232.5,-8828.929688,Apoints
551476.8105,7820514.051,-8860.910156,Apoints
552151.8105,7821715.328,-8843.620117,Apoints
551489.3105,7820964.531,-8884.610352,Apoints
552339.3105,7816722.508,-8741.94043,Apoints
549464.3105,7817548.387,-8815.910156,Apoints
551501.8105,7819237.688,-8821.55957,Apoints
550264.3105,7821321.16,-8927.790039,Apoints
551864.3105,7821171,-8868.570313,Apoints
549776.8105,7817736.09,-8852.990234,Apoints
549226.8105,7820345.121,-8938.410156,Apoints
550701.8105,7818036.41,-8811.509766,Apoints
552439.3105,7820251.27,-8815.150391,Apoints
549439.3105,7817473.309,-8797.94043,Apoints
550476.8105,7817623.469,-8830.429688,Apoints
550489.3105,7819237.688,-8767.959961,Apoints
550339.3105,7817811.168,-8840.980469,Apoints
549814.3105,7816891.438,-8841.040039,Apoints
552301.8105,7821302.391,-8856.879883,Apoints
551201.8105,7818524.43,-8802.120117,Apoints
552076.8105,7816722.508,-8768.089844,Apoints
549439.3105,7817379.461,-8783.400391,Apoints
551751.8105,7818449.348,-8785.019531,Apoints
552351.8105,7817942.559,-8797.280273,Apoints
550126.8105,7818411.809,-8855.179688,Apoints
551376.8105,7818411.809,-8790.490234,Apoints
551489.3105,7821396.238,-8897.929688,Apoints
548889.3105,7818768.438,-8932.240234,Apoints
550351.8105,7817435.77,-8822.429688,Apoints
550601.8105,7816722.508,-8841.469727,Apoints
549689.3105,7817829.938,-8860.900391,Apoints
552439.3105,7820889.449,-8835.570313,Apoints
549301.8105,7817285.609,-8796.610352,Apoints
549214.3105,7818111.488,-8884.860352,Apoints
549576.8105,7819068.758,-8878.080078,Apoints
548889.3105,7818111.488,-8905.959961,Apoints
550139.3105,7817079.141,-8817.209961,Apoints
549939.3105,7817417,-8841,Apoints
550814.3105,7818393.039,-8830.129883,Apoints
551964.3105,7819857.098,-8806.490234,Apoints
549926.8105,7819218.918,-8836.870117,Apoints
552401.8105,7820176.188,-8808.519531,Apoints
549451.8105,7818599.508,-8865.860352,Apoints
551239.3105,7816835.129,-8789.009766,Apoints
549814.3105,7817773.629,-8857.360352,Apoints
550914.3105,7819500.469,-8802.089844,Apoints
552276.8105,7817060.367,-8717.75,Apoints
549926.8105,7821433.781,-8962.860352,Apoints
552339.3105,7817604.699,-8764.830078,Apoints
550289.3105,7817623.469,-8837.040039,Apoints
550264.3105,7819181.379,-8816.799805,Apoints
551126.8105,7821095.918,-8896.410156,Apoints
551301.8105,7819218.918,-8819.200195,Apoints
552114.3105,7817435.77,-8776.330078,Apoints
549026.8105,7817435.77,-8841.769531,Apoints
552439.3105,7819237.688,-8819.19043,Apoints
552339.3105,7819857.098,-8791.19043,Apoints
550039.3105,7819575.551,-8825.990234,Apoints
551089.3105,7818224.109,-8800.990234,Apoints
550676.8105,7821415.008,-8914.580078,Apoints
550014.3105,7818618.281,-8831.30957,Apoints
549301.8105,7817961.328,-8870.410156,Apoints
551014.3105,7821583.941,-8900.889648,Apoints
551426.8105,7818242.879,-8790.740234,Apoints
550914.3105,7820758.059,-8863.769531,Apoints
549514.3105,7819087.527,-8887.5,Apoints
548889.3105,7818637.047,-8927.830078,Apoints
549001.8105,7817529.617,-8849.700195,Apoints
551026.8105,7818580.738,-8812.730469,Apoints
551976.8105,7819669.398,-8806.5,Apoints
552101.8105,7819275.23,-8814.259766,Apoints
549701.8105,7821246.078,-8957.360352,Apoints
550439.3105,7821546.398,-8937.719727,Apoints
552039.3105,7821321.16,-8870.030273,Apoints
551164.3105,7820945.758,-8884.969727,Apoints
550814.3105,7818899.828,-8809.349609,Apoints
550101.8105,7821433.781,-8946.870117,Apoints
550864.3105,7818224.109,-8814.269531,Apoints
550764.3105,7816928.98,-8823.589844,Apoints
549551.8105,7821771.641,-8977.719727,Apoints
550201.8105,7817041.598,-8815.450195,Apoints
549589.3105,7821208.539,-8961.980469,Apoints
552051.8105,7818149.027,-8796.879883,Apoints
549926.8105,7820288.809,-8856.839844,Apoints
551126.8105,7821583.941,-8904.30957,Apoints
552176.8105,7820495.281,-8799.980469,Apoints
548889.3105,7818280.418,-8920.5,Apoints
551026.8105,7818899.828,-8816.799805,Apoints
550914.3105,7819049.988,-8798.200195,Apoints
549614.3105,7818261.648,-8870.099609,Apoints
552326.8105,7819369.078,-8821.150391,Apoints
552176.8105,7817510.848,-8774.639648,Apoints
551964.3105,7817079.141,-8765.299805,Apoints
552326.8105,7817510.848,-8750.25,Apoints
551701.8105,7820044.801,-8799.330078,Apoints
550839.3105,7821677.789,-8916.929688,Apoints
551626.8105,7819162.609,-8818.570313,Apoints
552439.3105,7816816.359,-8727.209961,Apoints
550926.8105,7819556.777,-8804.780273,Apoints
550676.8105,7820420.199,-8783.5,Apoints
549601.8105,7821602.711,-8963.740234,Apoints
550189.3105,7818881.059,-8815.429688,Apoints
549189.3105,7817304.379,-8808.650391,Apoints
549376.8105,7816891.438,-8827.820313,Apoints
549339.3105,7817736.09,-8849.929688,Apoints
551726.8105,7821696.559,-8864.910156,Apoints
549589.3105,7821020.84,-8954,Apoints
549864.3105,7819237.688,-8841.629883,Apoints
549714.3105,7818036.41,-8867.55957,Apoints
548939.3105,7819106.301,-8929.75,Apoints
549401.8105,7819012.449,-8894.269531,Apoints
550839.3105,7821095.918,-8904.629883,Apoints
552226.8105,7817792.398,-8785.009766,Apoints
552176.8105,7821339.93,-8862.959961,Apoints
550364.3105,7821264.848,-8914.799805,Apoints
550401.8105,7820288.809,-8796.55957,Apoints
549439.3105,7820251.27,-8927.370117,Apoints
552051.8105,7819200.148,-8814.94043,Apoints
550539.3105,7818899.828,-8802.290039,Apoints
550589.3105,7820194.961,-8766.25,Apoints
549276.8105,7818768.438,-8888.849609,Apoints
549389.3105,7820983.297,-8961.240234,Apoints
550476.8105,7817341.918,-8826.570313,Apoints
551689.3105,7817886.25,-8800.509766,Apoints
550289.3105,7818655.82,-8835.69043,Apoints
550401.8105,7820063.57,-8780.389648,Apoints
551526.8105,7820889.449,-8876.929688,Apoints
551126.8105,7821696.559,-8901.990234,Apoints
549801.8105,7821846.719,-8971.349609,Apoints
549989.3105,7821377.469,-8955.769531,Apoints
551951.8105,7817248.07,-8774.599609,Apoints
552014.3105,7817604.699,-8785.620117,Apoints
551839.3105,7817135.449,-8782.820313,Apoints
549776.8105,7820570.359,-8917.860352,Apoints
549776.8105,7820363.887,-8895.150391,Apoints
550126.8105,7821189.77,-8935.490234,Apoints
549151.8105,7819763.25,-9153.959961,Bpoints
551451.8105,7818430.578,-9022.740234,Bpoints
551739.3105,7819819.559,-9021.700195,Bpoints
551864.3105,7817773.629,-9018.339844,Bpoints
551451.8105,7817548.387,-9032.980469,Bpoints
548914.3105,7817172.988,-9083.599609,Bpoints
551501.8105,7820607.898,-9071.219727,Bpoints
551776.8105,7821640.25,-9061.339844,Bpoints
550201.8105,7816741.277,-9062.790039,Bpoints
551176.8105,7816741.277,-9022.870117,Bpoints
552201.8105,7821677.789,-9029.129883,Bpoints
552301.8105,7818149.027,-9040.700195,Bpoints
551251.8105,7820326.348,-9047.110352,Bpoints
549001.8105,7817886.25,-9093.769531,Bpoints
549764.3105,7820345.121,-9089.379883,Bpoints
550951.8105,7820138.648,-9028.570313,Bpoints
552014.3105,7817585.93,-9007.389648,Bpoints
550214.3105,7820739.289,-9068.610352,Bpoints
550614.3105,7820288.809,-8950.320313,Bpoints
548901.8105,7817079.141,-9084.419922,Bpoints
550776.8105,7821377.469,-9145.570313,Bpoints
550614.3105,7821659.02,-9158.379883,Bpoints
551714.3105,7820082.34,-8977.509766,Bpoints
550276.8105,7820814.371,-9074.700195,Bpoints
551826.8105,7819556.777,-9032.759766,Bpoints
549451.8105,7819556.777,-9116.339844,Bpoints
549089.3105,7816835.129,-9086.799805,Bpoints
551289.3105,7818167.797,-9018.799805,Bpoints
551889.3105,7818505.66,-9032.94043,Bpoints
549164.3105,7820213.73,-9137.610352,Bpoints
552326.8105,7821095.918,-9066.25,Bpoints
551501.8105,7819575.551,-9040.860352,Bpoints
549626.8105,7821771.641,-9191.419922,Bpoints
552189.3105,7819688.168,-9030.709961,Bpoints
549389.3105,7820589.129,-9156.299805,Bpoints
552026.8105,7820251.27,-8958.480469,Bpoints
551901.8105,7821527.629,-9076.799805,Bpoints
551814.3105,7820983.297,-9081.830078,Bpoints
551051.8105,7816928.98,-9034.660156,Bpoints
552164.3105,7821490.09,-9057.099609,Bpoints
549726.8105,7816684.969,-9057.719727,Bpoints
552139.3105,7821659.02,-9028.049805,Bpoints
550714.3105,7821039.609,-9123.549805,Bpoints
552364.3105,7817529.617,-8958.240234,Bpoints
549551.8105,7819049.988,-9089.820313,Bpoints
551364.3105,7816797.59,-9015.570313,Bpoints
550664.3105,7820964.531,-9108.379883,Bpoints
550714.3105,7820964.531,-9114.150391,Bpoints
551876.8105,7820645.438,-9049.150391,Bpoints
552039.3105,7821002.07,-9081.070313,Bpoints
552401.8105,7820044.801,-9022.629883,Bpoints
552064.3105,7819894.641,-8991.379883,Bpoints
551226.8105,7821377.469,-9129.620117,Bpoints
552451.8105,7818149.027,-9027.639648,Bpoints
549551.8105,7818317.957,-9088.570313,Bpoints
552076.8105,7816966.52,-8982.769531,Bpoints
549664.3105,7817998.871,-9093.480469,Bpoints
551339.3105,7818355.5,-9016.410156,Bpoints
550676.8105,7821659.02,-9156.519531,Bpoints
551451.8105,7819500.469,-9034,Bpoints
550826.8105,7821039.609,-9110.919922,Bpoints
551889.3105,7817905.02,-9016.049805,Bpoints
551614.3105,7817079.141,-9017.639648,Bpoints
549051.8105,7819049.988,-9137.570313,Bpoints
548901.8105,7820101.109,-9157.410156,Bpoints
551789.3105,7820420.199,-9016.209961,Bpoints
548976.8105,7818956.141,-9142.370117,Bpoints
549876.8105,7820251.27,-9043.19043,Bpoints
549589.3105,7818524.43,-9072.94043,Bpoints
551301.8105,7820082.34,-9055.889648,Bpoints
552089.3105,7821133.457,-9080.980469,Bpoints
552139.3105,7820438.969,-8992.599609,Bpoints
549514.3105,7819932.18,-9119.139648,Bpoints
551839.3105,7819444.16,-9034.570313,Bpoints
550039.3105,7821339.93,-9161.889648,Bpoints
549426.8105,7819800.789,-9131.820313,Bpoints
551976.8105,7818599.508,-9035.700195,Bpoints
551264.3105,7821546.398,-9123.669922,Bpoints
551739.3105,7821339.93,-9108.570313,Bpoints
550301.8105,7820101.109,-8950.030273,Bpoints
550451.8105,7820138.648,-8935.719727,Bpoints
549701.8105,7818092.719,-9093.160156,Bpoints
551189.3105,7820682.98,-9083.839844,Bpoints
551801.8105,7821133.457,-9094.80957,Bpoints
550814.3105,7821152.23,-9122.80957,Bpoints
550114.3105,7820157.418,-8974.330078,Bpoints
549114.3105,7819725.711,-9155.490234,Bpoints
550264.3105,7821152.23,-9128.490234,Bpoints
550889.3105,7821208.539,-9122.070313,Bpoints
549764.3105,7817360.688,-9053.429688,Bpoints
550251.8105,7821508.859,-9149.790039,Bpoints
550051.8105,7818505.66,-9078.179688,Bpoints
552114.3105,7817116.68,-8974.929688,Bpoints
551714.3105,7819444.16,-9043.129883,Bpoints
549914.3105,7821189.77,-9154.44043,Bpoints
552139.3105,7817473.309,-8992.160156,Bpoints
551126.8105,7820814.371,-9092.799805,Bpoints
549701.8105,7817679.777,-9069.650391,Bpoints
549476.8105,7820176.188,-9129.099609,Bpoints
548964.3105,7820570.359,-9184.639648,Bpoints
552289.3105,7820532.82,-9029.75,Bpoints
549664.3105,7819706.938,-9093.169922,Bpoints
552251.8105,7819181.379,-9051.009766,Bpoints
551976.8105,7816928.98,-8998.629883,Bpoints
548939.3105,7819406.617,-9157.709961,Bpoints
549114.3105,7820664.211,-9185.660156,Bpoints
549726.8105,7817961.328,-9095.389648,Bpoints
550014.3105,7818092.719,-9100.769531,Bpoints
551114.3105,7816816.359,-9028.910156,Bpoints
549476.8105,7821471.32,-9185.599609,Bpoints
549151.8105,7818824.75,-9120.679688,Bpoints
549001.8105,7819444.16,-9151.290039,Bpoints
551814.3105,7816910.207,-9010.910156,Bpoints
549514.3105,7817191.758,-9024.160156,Bpoints
551564.3105,7816835.129,-9015.950195,Bpoints
552139.3105,7818411.809,-9041.349609,Bpoints
552201.8105,7820495.281,-9011.400391,Bpoints
552226.8105,7817548.387,-8986.509766,Bpoints
551464.3105,7817285.609,-9013.169922,Bpoints
551039.3105,7821321.16,-9128.269531,Bpoints
549951.8105,7821734.102,-9188.94043,Bpoints
552276.8105,7821002.07,-9070.089844,Bpoints
549114.3105,7819444.16,-9142.549805,Bpoints
552001.8105,7820570.359,-9037.240234,Bpoints
552001.8105,7820514.051,-9022.349609,Bpoints
552201.8105,7820438.969,-9001.200195,Bpoints
551789.3105,7821583.941,-9070.950195,Bpoints
550889.3105,7821152.23,-9116.490234,Bpoints
551301.8105,7818468.117,-9015.780273,Bpoints
551439.3105,7820626.668,-9078.950195,Bpoints
549951.8105,7820870.68,-9124.490234,Bpoints
549114.3105,7821227.309,-9192.629883,Bpoints
552214.3105,7818374.27,-9042.679688,Bpoints
550889.3105,7820476.508,-9012.849609,Bpoints
549389.3105,7817060.367,-9044.150391,Bpoints
552114.3105,7817398.227,-8984.110352,Bpoints
551226.8105,7816947.75,-9026.139648,Bpoints
549276.8105,7820457.738,-9152.769531,Bpoints
551951.8105,7819631.859,-9018.879883,Bpoints
551001.8105,7818693.359,-9045.660156,Bpoints
549614.3105,7817097.91,-9044.820313,Bpoints
551526.8105,7818524.43,-9022.950195,Bpoints
551001.8105,7821490.09,-9125.209961,Bpoints
548989.3105,7820964.531,-9197.25,Bpoints
549451.8105,7819913.41,-9127.44043,Bpoints
550114.3105,7820401.43,-9005,Bpoints
550714.3105,7820382.66,-8964.639648,Bpoints
551264.3105,7817172.988,-9016.990234,Bpoints
551539.3105,7821583.941,-9098.820313,Bpoints
551176.8105,7820983.297,-9111.330078,Bpoints
551526.8105,7817510.848,-9026.5,Bpoints
548976.8105,7819594.32,-9148.580078,Bpoints
549164.3105,7820270.039,-9142.589844,Bpoints
551301.8105,7817323.148,-9014.5,Bpoints
551876.8105,7818599.508,-9031.549805,Bpoints
552226.8105,7818411.809,-9045,Bpoints
549776.8105,7820101.109,-9081.30957,Bpoints
551276.8105,7821490.09,-9124.530273,Bpoints
551751.8105,7816947.75,-9013,Bpoints
551939.3105,7819444.16,-9033.19043,Bpoints
551564.3105,7821283.617,-9116.110352,Bpoints
551239.3105,7819725.711,-9049.009766,Bpoints
551751.8105,7818805.98,-9025.379883,Bpoints
551439.3105,7818693.359,-9012.19043,Bpoints
550989.3105,7820288.809,-9020.780273,Bpoints
549289.3105,7820701.75,-9179.320313,Bpoints
551614.3105,7820701.75,-9068.860352,Bpoints
551014.3105,7820495.281,-9040.179688,Bpoints
552126.8105,7820326.348,-8973.490234,Bpoints
549064.3105,7816684.969,-9090.639648,Bpoints
549689.3105,7817248.07,-9044.910156,Bpoints
549626.8105,7818993.68,-9070.589844,Bpoints
551564.3105,7819575.551,-9040.009766,Bpoints
551914.3105,7821133.457,-9091.099609,Bpoints
551326.8105,7819782.02,-9053.889648,Bpoints
549964.3105,7820476.508,-9063.660156,Bpoints
549814.3105,7817454.539,-9064.799805,Bpoints
549414.3105,7819932.18,-9131.070313,Bpoints
551951.8105,7821809.18,-9017.330078,Bpoints
551989.3105,7820307.578,-8968.629883,Bpoints
552064.3105,7819969.719,-8977.030273,Bpoints
549776.8105,7821433.781,-9179.049805,Bpoints
550051.8105,7820082.34,-9004.44043,Bpoints
551326.8105,7821546.398,-9119.330078,Bpoints
551176.8105,7819125.07,-9042.150391,Bpoints
551626.8105,7818749.668,-9015.049805,Bpoints
552226.8105,7817886.25,-9006.599609,Bpoints
551976.8105,7817248.07,-9003.219727,Bpoints
552089.3105,7818486.891,-9040.540039,Bpoints
549776.8105,7818205.34,-9091.280273,Bpoints
549551.8105,7820758.059,-9155.099609,Bpoints
550889.3105,7821302.391,-9131.959961,Bpoints
551214.3105,7817022.828,-9028.629883,Bpoints
551551.8105,7818336.73,-9023.730469,Bpoints
552139.3105,7821152.23,-9080.679688,Bpoints
551214.3105,7817172.988,-9019.200195,Bpoints
552326.8105,7819800.789,-9014.410156,Bpoints
549176.8105,7820532.82,-9176.879883,Bpoints
549589.3105,7820983.297,-9161.379883,Bpoints
551664.3105,7819049.988,-9036.849609,Bpoints
551726.8105,7818899.828,-9031.019531,Bpoints
551614.3105,7816741.277,-9013.030273,Bpoints
551914.3105,7821433.781,-9088.820313,Bpoints
550064.3105,7818374.27,-9089.19043,Bpoints
552414.3105,7817304.379,-8929.370117,Bpoints
551314.3105,7818524.43,-9015.25,Bpoints
550689.3105,7817980.098,-9053.019531,Bpoints
550026.8105,7820701.75,-9080.349609,Bpoints
551551.8105,7821433.781,-9114.620117,Bpoints
551439.3105,7819143.84,-9045.070313,Bpoints
550064.3105,7820589.129,-9053.740234,Bpoints
549001.8105,7820232.5,-9156.129883,Bpoints
552376.8105,7821246.078,-9070.25,Bpoints
549026.8105,7817097.91,-9062.740234,Bpoints
551501.8105,7821396.238,-9116.969727,Bpoints
549514.3105,7820270.039,-9126.650391,Bpoints
549626.8105,7819875.867,-9098.910156,Bpoints
551401.8105,7818843.52,-9021.780273,Bpoints
552051.8105,7817379.461,-8985.330078,Bpoints
549751.8105,7820645.438,-9124.589844,Bpoints
551339.3105,7816966.52,-9027.780273,Bpoints
551351.8105,7818449.348,-9016.370117,Bpoints
550801.8105,7816722.508,-9055.900391,Bpoints
551851.8105,7821208.539,-9095.480469,Bpoints
551851.8105,7817698.547,-9015.360352,Bpoints
552414.3105,7820420.199,-9035.950195,Bpoints
549614.3105,7820044.801,-9111.990234,Bpoints
549951.8105,7818580.738,-9058.070313,Bpoints
549689.3105,7821321.16,-9173.799805,Bpoints
549314.3105,7819913.41,-9140.269531,Bpoints
551301.8105,7816722.508,-9014.030273,Bpoints
550326.8105,7820326.348,-8952.019531,Bpoints
550589.3105,7819594.32,-8998.009766,Bpoints
551076.8105,7820720.52,-9081.320313,Bpoints
549989.3105,7817510.848,-9062.730469,Bpoints
551364.3105,7820776.828,-9091.480469,Bpoints
551051.8105,7821377.469,-9129.950195,Bpoints
548976.8105,7819613.09,-9149.360352,Bpoints
550364.3105,7821715.328,-9161.30957,Bpoints
551589.3105,7821734.102,-9070.730469,Bpoints
551276.8105,7818393.039,-9017.450195,Bpoints
551889.3105,7816703.738,-8992.410156,Bpoints
550726.8105,7821827.949,-9150.30957,Bpoints
550951.8105,7820007.258,-9026.280273,Bpoints
550676.8105,7821490.09,-9144.629883,Bpoints
549164.3105,7819556.777,-9143.650391,Bpoints
551651.8105,7819538.008,-9037.110352,Bpoints
548889.3105,7819838.328,-9150.639648,Bpoints
549851.8105,7816722.508,-9060.209961,Bpoints
549551.8105,7821471.32,-9178.400391,Bpoints
549489.3105,7817285.609,-9009.030273,Bpoints
551564.3105,7818430.578,-9027.669922,Bpoints
552114.3105,7818674.59,-9044.839844,Bpoints
551876.8105,7817548.387,-9008.709961,Bpoints
549501.8105,7816966.52,-9054.150391,Bpoints
550151.8105,7818393.039,-9088.070313,Bpoints
549814.3105,7821246.078,-9164.019531,Bpoints
548939.3105,7817341.918,-9074.139648,Bpoints
549326.8105,7819819.559,-9140.129883,Bpoints
549914.3105,7819068.758,-9050.530273,Bpoints
549276.8105,7817961.328,-9096.339844,Bpoints
552051.8105,7820833.141,-9064.009766,Bpoints
549789.3105,7816722.508,-9060.629883,Bpoints
551776.8105,7818224.109,-9011.860352,Bpoints
549089.3105,7818468.117,-9122.379883,Bpoints
549914.3105,7820194.961,-9035,Bpoints
549264.3105,7819988.488,-9146.700195,Bpoints
550214.3105,7820363.887,-8960.509766,Bpoints
549239.3105,7819294,-9131.780273,Bpoints
552126.8105,7818167.797,-9037.639648,Bpoints
550151.8105,7821565.168,-9160.580078,Bpoints
549989.3105,7816853.898,-9058.580078,Bpoints
550051.8105,7818674.59,-9055.55957,Bpoints
551389.3105,7821377.469,-9114.69043,Bpoints
551714.3105,7817097.91,-9014.339844,Bpoints
552239.3105,7816853.898,-8964.290039,Bpoints
549689.3105,7820570.359,-9125.280273,Bpoints
550201.8105,7820007.258,-8962.330078,Bpoints
550139.3105,7821227.309,-9144.25,Bpoints
550826.8105,7821546.398,-9137.280273,Bpoints
552064.3105,7820739.289,-9060.330078,Bpoints
549014.3105,7820476.508,-9178.870117,Bpoints
551889.3105,7817285.609,-9002.030273,Bpoints
552201.8105,7818618.281,-9048.320313,Bpoints
552126.8105,7820607.898,-9040.700195,Bpoints
548964.3105,7820138.648,-9152.370117,Bpoints
551101.8105,7818524.43,-9033.610352,Bpoints
549226.8105,7820626.668,-9177.969727,Bpoints
550801.8105,7820438.969,-8988.759766,Bpoints
551776.8105,7818881.059,-9032.009766,Bpoints
549651.8105,7818299.188,-9089.959961,Bpoints
551676.8105,7820626.668,-9055.160156,Bpoints
550151.8105,7820570.359,-9034.519531,Bpoints
550201.8105,7821565.168,-9153.360352,Bpoints
551464.3105,7817492.078,-9029.080078,Bpoints
551826.8105,7819275.23,-9036.429688,Bpoints
550614.3105,7817548.387,-9054.990234,Bpoints
550889.3105,7817191.758,-9030.769531,Bpoints
551589.3105,7821659.02,-9082.219727,Bpoints
551114.3105,7821640.25,-9114.240234,Bpoints
551264.3105,7819275.23,-9044.240234,Bpoints
550489.3105,7820532.82,-8977.320313,Bpoints
551864.3105,7821114.691,-9090.530273,Bpoints
549751.8105,7818468.117,-9072.030273,Bpoints
551989.3105,7819275.23,-9042.450195,Bpoints
551626.8105,7818974.91,-9030.129883,Bpoints
551989.3105,7819556.777,-9018.969727,Bpoints
549689.3105,7816835.129,-9047.200195,Bpoints
548876.8105,7817285.609,-9088.019531,Bpoints
552376.8105,7821358.699,-9073.900391,Bpoints
552039.3105,7817248.07,-8994.900391,Bpoints
551264.3105,7819012.449,-9035.419922,Bpoints
551439.3105,7817060.367,-9027.480469,Bpoints
550401.8105,7820345.121,-8950.429688,Bpoints
548976.8105,7819650.629,-9151.219727,Bpoints
551901.8105,7817004.059,-9001,Bpoints
552301.8105,7821227.309,-9070.929688,Bpoints
550826.8105,7820870.68,-9089.580078,Bpoints
549139.3105,7817529.617,-9031.360352,Bpoints
549976.8105,7821264.848,-9154.030273,Bpoints
548939.3105,7821508.859,-9209.200195,Bpoints
551601.8105,7820420.199,-9041.709961,Bpoints
551601.8105,7817154.219,-9015.69043,Bpoints
551726.8105,7817022.828,-9013.230469,Bpoints
552201.8105,7820157.418,-8988.349609,Bpoints
551714.3105,7821602.711,-9080.480469,Bpoints
549351.8105,7818317.957,-9102.709961,Bpoints
551414.3105,7817097.91,-9024.19043,Bpoints
552089.3105,7816872.668,-8989.660156,Bpoints
549764.3105,7816966.52,-9051.830078,Bpoints
549939.3105,7818336.73,-9085.620117,Bpoints
552114.3105,7820363.887,-8976.30957,Bpoints
551551.8105,7817079.141,-9020.610352,Bpoints
550389.3105,7816760.051,-9056.360352,Bpoints
550426.8105,7817060.367,-9054.410156,Bpoints
551664.3105,7819894.641,-9027.599609,Bpoints
551026.8105,7820063.57,-9038.089844,Bpoints
551939.3105,7820138.648,-8956.049805,Bpoints
549389.3105,7817360.688,-8991.790039,Bpoints
550264.3105,7820664.211,-9043.980469,Bpoints
551514.3105,7819519.238,-9038.849609,Bpoints
551364.3105,7820833.141,-9097.110352,Bpoints
549001.8105,7820288.809,-9160.160156,Bpoints
551139.3105,7820570.359,-9070.790039,Bpoints
550764.3105,7817905.02,-9050.320313,Bpoints
552226.8105,7817736.09,-9020.519531,Bpoints
551776.8105,7820889.449,-9077.240234,Bpoints
549989.3105,7820758.059,-9097.929688,Bpoints
550314.3105,7821827.949,-9162.040039,Bpoints
552226.8105,7816760.051,-8973.480469,Bpoints
550876.8105,7820026.027,-9016.110352,Bpoints
549826.8105,7820026.027,-9075.480469,Bpoints
548976.8105,7819631.859,-9150.259766,Bpoints
551651.8105,7818824.75,-9019.929688,Bpoints
550989.3105,7816816.359,-9027.360352,Bpoints
551476.8105,7817961.328,-9015.25,Bpoints
552214.3105,7820082.34,-8997.009766,Bpoints
549189.3105,7816910.207,-9065.089844,Bpoints
551114.3105,7816684.969,-9028.769531,Bpoints
549551.8105,7820101.109,-9124.860352,Bpoints
549601.8105,7820138.648,-9115.459961,Bpoints
548989.3105,7816741.277,-9097.19043,Bpoints
552089.3105,7818580.738,-9042.589844,Bpoints
552114.3105,7818261.648,-9035.950195,Bpoints
549639.3105,7817248.07,-9035.950195,Bpoints
548989.3105,7820363.887,-9167.889648,Bpoints
550939.3105,7821039.609,-9118.709961,Bpoints
549551.8105,7819087.527,-9093.580078,Bpoints
552339.3105,7817135.449,-8930.540039,Bpoints
551339.3105,7819631.859,-9043.099609,Bpoints
549651.8105,7819800.789,-9096.200195,Bpoints
550339.3105,7820964.531,-9099.129883,Bpoints
552126.8105,7816760.051,-8978.599609,Bpoints
549014.3105,7817492.078,-9057.269531,Bpoints
551651.8105,7819444.16,-9042.830078,Bpoints
548951.8105,7817661.008,-9075.679688,Bpoints
549601.8105,7817773.629,-9072.790039,Bpoints
549639.3105,7820758.059,-9145.450195,Bpoints
551339.3105,7821490.09,-9117.519531,Bpoints
549139.3105,7817736.09,-9058.339844,Bpoints
549564.3105,7820814.371,-9159.570313,Bpoints
551764.3105,7819556.777,-9034.269531,Bpoints
551564.3105,7817004.059,-9022.540039,Bpoints
551939.3105,7819387.852,-9036.589844,Bpoints
548876.8105,7820476.508,-9179.290039,Bpoints
551889.3105,7819969.719,-8988.240234,Bpoints
550676.8105,7819106.301,-8988.450195,Bpoints
549751.8105,7818317.957,-9089.259766,Bpoints
549689.3105,7819669.398,-9087.879883,Bpoints
551851.8105,7818092.719,-8997.370117,Bpoints
549551.8105,7818017.637,-9089.75,Bpoints
549539.3105,7819819.559,-9115.759766,Bpoints
548914.3105,7817623.469,-9073.839844,Bpoints
550926.8105,7816853.898,-9031.549805,Bpoints
550676.8105,7821715.328,-9156.700195,Bpoints
549764.3105,7820720.52,-9131.629883,Bpoints
551901.8105,7821227.309,-9095.099609,Bpoints
551364.3105,7816684.969,-9016.990234,Bpoints
551439.3105,7818618.281,-9011.610352,Bpoints
551939.3105,7820889.449,-9071.80957,Bpoints
550889.3105,7820194.961,-9008.889648,Bpoints
552189.3105,7816966.52,-8959.780273,Bpoints
551901.8105,7818017.637,-9006.129883,Bpoints
551426.8105,7817454.539,-9027.610352,Bpoints
550889.3105,7820870.68,-9089.730469,Bpoints
551751.8105,7819275.23,-9042.389648,Bpoints
549014.3105,7819556.777,-9147.820313,Bpoints
549914.3105,7820119.879,-9051.169922,Bpoints
549589.3105,7819650.629,-9103.700195,Bpoints
551226.8105,7821002.07,-9110.959961,Bpoints
549601.8105,7821546.398,-9176.759766,Bpoints
548889.3105,7819294,-9163.040039,Bpoints
549426.8105,7818580.738,-9088.040039,Bpoints
550989.3105,7816684.969,-9030.290039,Bpoints
549751.8105,7818111.488,-9094.339844,Bpoints
550701.8105,7816741.277,-9064.150391,Bpoints
549426.8105,7819725.711,-9128.349609,Bpoints
550926.8105,7816722.508,-9037.30957,Bpoints
552289.3105,7821152.23,-9071.209961,Bpoints
550201.8105,7821827.949,-9171.049805,Bpoints
551001.8105,7821039.609,-9122.589844,Bpoints
549601.8105,7817022.828,-9049.129883,Bpoints
549439.3105,7820082.34,-9137.610352,Bpoints
551114.3105,7821715.328,-9110.360352,Bpoints
550776.8105,7820701.75,-9055.139648,Bpoints
550664.3105,7821152.23,-9133.269531,Bpoints
549789.3105,7817961.328,-9095.660156,Bpoints
550739.3105,7816666.199,-9065.139648,Bpoints
549401.8105,7821583.941,-9188.370117,Bpoints
549251.8105,7818261.648,-9106.360352,Bpoints
549276.8105,7818224.109,-9106.240234,Bpoints
550089.3105,7820758.059,-9081.599609,Bpoints
552176.8105,7818317.957,-9039.280273,Bpoints
552089.3105,7817266.84,-8988.389648,Bpoints
549614.3105,7818355.5,-9083.650391,Bpoints
548989.3105,7816910.207,-9082.030273,Bpoints
552326.8105,7819556.777,-9047.110352,Bpoints
551239.3105,7819387.852,-9029.910156,Bpoints
551926.8105,7821659.02,-9046.5,Bpoints
551726.8105,7817998.871,-9010.549805,Bpoints
550614.3105,7816703.738,-9070.469727,Bpoints
551489.3105,7821546.398,-9105.269531,Bpoints
549726.8105,7820870.68,-9154.139648,Bpoints
549839.3105,7821659.02,-9184.719727,Bpoints
551476.8105,7817135.449,-9020.049805,Bpoints
551726.8105,7821433.781,-9105.589844,Bpoints
549201.8105,7821659.02,-9196.160156,Bpoints
552326.8105,7821020.84,-9064.620117,Bpoints
552264.3105,7821527.629,-9050,Bpoints
549626.8105,7821621.48,-9180.269531,Bpoints
551076.8105,7817116.68,-9034.480469,Bpoints
552389.3105,7820870.68,-9055.169922,Bpoints
551601.8105,7820889.449,-9092.25,Bpoints
552276.8105,7819725.711,-9028.549805,Bpoints
552039.3105,7816853.898,-8997.120117,Bpoints
552001.8105,7817097.91,-8990.040039,Bpoints
549926.8105,7818393.039,-9083.05957,Bpoints
550264.3105,7820307.578,-8951.719727,Bpoints
552326.8105,7819706.938,-9030.19043,Bpoints
549389.3105,7821508.859,-9188.009766,Bpoints
548901.8105,7820401.43,-9175.629883,Bpoints
548901.8105,7819913.41,-9149.099609,Bpoints
549276.8105,7821752.867,-9197.070313,Bpoints
550489.3105,7816666.199,-9063.129883,Bpoints
551776.8105,7820795.598,-9070.969727,Bpoints
551139.3105,7821377.469,-9129.839844,Bpoints
552439.3105,7819875.867,-9024.570313,Bpoints
549476.8105,7821283.617,-9171.150391,Bpoints
550001.8105,7820851.91,-9115.080078,Bpoints
549114.3105,7821752.867,-9205.040039,Bpoints
552276.8105,7818224.109,-9044.009766,Bpoints
551551.8105,7819406.617,-9039.94043,Bpoints
551476.8105,7816910.207,-9023,Bpoints
549964.3105,7820626.668,-9077.400391,Bpoints
552414.3105,7819294,-9054.110352,Bpoints
551539.3105,7821640.25,-9089.419922,Bpoints
550364.3105,7821508.859,-9151.860352,Bpoints
551851.8105,7818149.027,-9000.80957,Bpoints
551439.3105,7819575.551,-9038.660156,Bpoints
550589.3105,7818280.418,-9058.129883,Bpoints
552439.3105,7818561.969,-9048.650391,Bpoints
549739.3105,7818655.82,-9053.389648,Bpoints
548914.3105,7821152.23,-9202.790039,Bpoints
551101.8105,7820438.969,-9046.419922,Bpoints
549676.8105,7817360.688,-9037.160156,Bpoints
552276.8105,7820795.598,-9063.290039,Bpoints
551576.8105,7819143.84,-9044.549805,Bpoints
549276.8105,7816910.207,-9054.700195,Bpoints
551239.3105,7820514.051,-9069.339844,Bpoints
549814.3105,7820645.438,-9114.269531,Bpoints
549501.8105,7821734.102,-9199.429688,Bpoints
549889.3105,7820870.68,-9133.169922,Bpoints
548976.8105,7821583.941,-9210.280273,Bpoints
549564.3105,7821696.559,-9192.950195,Bpoints
549076.8105,7816778.816,-9091.719727,Bpoints
550989.3105,7816947.75,-9035.120117,Bpoints
552214.3105,7819387.852,-9038.69043,Bpoints
552264.3105,7820926.988,-9068.160156,Bpoints
549989.3105,7820194.961,-9009.580078,Bpoints
549889.3105,7821490.09,-9183.570313,Bpoints
550951.8105,7820194.961,-9022.599609,Bpoints
549389.3105,7821659.02,-9191.69043,Bpoints
549139.3105,7821677.789,-9203.349609,Bpoints
552301.8105,7817886.25,-9002.530273,Bpoints
552051.8105,7819462.93,-9027.639648,Bpoints
552151.8105,7817266.84,-8983.879883,Bpoints
549451.8105,7821752.867,-9199.459961,Bpoints
551989.3105,7820401.43,-8989.769531,Bpoints
549776.8105,7819049.988,-9057.389648,Bpoints
551964.3105,7821283.617,-9095.650391,Bpoints
551951.8105,7821077.148,-9089.910156,Bpoints
551951.8105,7821039.609,-9088.019531,Bpoints
552351.8105,7818768.438,-9053.799805,Bpoints
551401.8105,7821133.457,-9115.030273,Bpoints
550314.3105,7820157.418,-8949.330078,Bpoints
551676.8105,7821490.09,-9107.820313,Bpoints
549851.8105,7821002.07,-9156.269531,Bpoints
551389.3105,7817323.148,-9016.339844,Bpoints
549026.8105,7821415.008,-9193.5,Bpoints
549226.8105,7821433.781,-9182.759766,Bpoints
551601.8105,7818843.52,-9018.509766,Bpoints
550201.8105,7816684.969,-9064.870117,Bpoints
551664.3105,7817642.238,-9026.030273,Bpoints
551101.8105,7817004.059,-9034.290039,Bpoints
551489.3105,7820157.418,-9026.540039,Bpoints
549726.8105,7817492.078,-9058.620117,Bpoints
551164.3105,7817097.91,-9029.769531,Bpoints
550026.8105,7820307.578,-9005.040039,Bpoints
552051.8105,7816722.508,-8970.30957,Bpoints
548914.3105,7819556.777,-9148.089844,Bpoints
551976.8105,7819800.789,-9006.94043,Bpoints
551176.8105,7820382.66,-9049.070313,Bpoints
549301.8105,7820851.91,-9186.30957,Bpoints
551351.8105,7821058.379,-9111.240234,Bpoints
549826.8105,7821415.008,-9178.830078,Bpoints
549164.3105,7821152.23,-9189.610352,Bpoints
549139.3105,7821790.41,-9204.25,Bpoints
549164.3105,7821321.16,-9187.519531,Bpoints
549389.3105,7821752.867,-9195.5,Bpoints
549451.8105,7820026.027,-9132.209961,Bpoints
552276.8105,7818843.52,-9048.410156,Bpoints
549114.3105,7821171,-9192.900391,Bpoints
548901.8105,7816835.129,-9091.919922,Bpoints
551726.8105,7820232.5,-8990.589844,Bpoints
551639.3105,7818881.059,-9022.519531,Bpoints
549201.8105,7819969.719,-9149.290039,Bpoints
549439.3105,7818881.059,-9085.679688,Bpoints
551539.3105,7820138.648,-9013.360352,Bpoints
549051.8105,7819988.488,-9149.860352,Bpoints
551114.3105,7816928.98,-9030.700195,Bpoints
549701.8105,7820176.188,-9090.639648,Bpoints
549826.8105,7820345.121,-9075.110352,Bpoints
549414.3105,7820908.219,-9173.480469,Bpoints
549764.3105,7821358.699,-9173.540039,Bpoints
550814.3105,7817079.141,-9039.480469,Bpoints
552051.8105,7819294,-9040.360352,Bpoints
551614.3105,7819556.777,-9038.160156,Bpoints
551876.8105,7818317.957,-9024.379883,Bpoints
549026.8105,7821659.02,-9210.709961,Bpoints
552389.3105,7821809.18,-9019.459961,Bpoints
549051.8105,7821471.32,-9193.379883,Bpoints
549639.3105,7818186.57,-9094.320313,Bpoints
549976.8105,7821095.918,-9144.669922,Bpoints
549051.8105,7821827.949,-9209.040039,Bpoints
549214.3105,7816684.969,-9064.799805,Bpoints
549226.8105,7821827.949,-9204.429688,Bpoints
551264.3105,7821827.949,-9118.769531,Bpoints
550089.3105,7817417,-9058.589844,Bpoints
552001.8105,7819631.859,-9011.469727,Bpoints
549689.3105,7821771.641,-9186.660156,Bpoints
551026.8105,7821621.48,-9114.519531,Bpoints
549301.8105,7817811.168,-9076.370117,Bpoints
549539.3105,7818355.5,-9085.139648,Bpoints
550439.3105,7816684.969,-9057.540039,Bpoints
551801.8105,7816985.289,-9009.530273,Bpoints
550439.3105,7816741.277,-9057.610352,Bpoints
550714.3105,7820720.52,-9061.780273,Bpoints
549389.3105,7821827.949,-9194.879883,Bpoints
548901.8105,7818730.898,-9145.94043,Bpoints
548901.8105,7816872.668,-9087.570313,Bpoints
552014.3105,7818149.027,-9019.509766,Bpoints
549851.8105,7821734.102,-9188.040039,Bpoints
549251.8105,7821696.559,-9194.150391,Bpoints
552439.3105,7820851.91,-9053.660156,Bpoints
552189.3105,7820964.531,-9077.160156,Bpoints
550351.8105,7821321.16,-9135.009766,Bpoints
550764.3105,7817848.711,-9053.549805,Bpoints
549201.8105,7821602.711,-9190.790039,Bpoints
551426.8105,7820082.34,-9045.379883,Bpoints
551789.3105,7821377.469,-9097.94043,Bpoints
549101.8105,7817004.059,-9063.450195,Bpoints
549664.3105,7817604.699,-9060.759766,Bpoints
549339.3105,7821734.102,-9193.139648,Bpoints
551826.8105,7820063.57,-8971.349609,Bpoints
552289.3105,7816684.969,-8963.179688,Bpoints
549339.3105,7821433.781,-9182.719727,Bpoints
549964.3105,7820420.199,-9055.5,Bpoints
551251.8105,7820382.66,-9054.450195,Bpoints
551426.8105,7816816.359,-9017.070313,Bpoints
549789.3105,7820270.039,-9068.120117,Bpoints
549539.3105,7821227.309,-9171.669922,Bpoints
552401.8105,7819106.301,-9046.44043,Bpoints
548914.3105,7819725.711,-9152.650391,Bpoints
550464.3105,7816853.898,-9058.160156,Bpoints
550714.3105,7819575.551,-9012.860352,Bpoints
551676.8105,7820176.188,-8988.179688,Bpoints
551776.8105,7820720.52,-9063.860352,Bpoints
551639.3105,7818092.719,-9005.30957,Bpoints
551414.3105,7817266.84,-9014.349609,Bpoints
549839.3105,7819800.789,-9062.160156,Bpoints
549914.3105,7819294,-9039.219727,Bpoints
549839.3105,7821583.941,-9182.620117,Bpoints
552189.3105,7818167.797,-9041.589844,Bpoints
549414.3105,7818637.047,-9086.419922,Bpoints
549276.8105,7821452.551,-9180.730469,Bpoints
549601.8105,7818430.578,-9074.959961,Bpoints
549664.3105,7818805.98,-9083.620117,Bpoints
552226.8105,7820682.98,-9055.990234,Bpoints
550239.3105,7817041.598,-9048.030273,Bpoints
548914.3105,7819462.93,-9154.870117,Bpoints
551751.8105,7821039.609,-9091.849609,Bpoints
551339.3105,7821302.391,-9118.620117,Bpoints
550826.8105,7821302.391,-9141.269531,Bpoints
548976.8105,7821621.48,-9213.150391,Bpoints
551526.8105,7820983.297,-9104.349609,Bpoints
552189.3105,7819875.867,-8995,Bpoints
550114.3105,7821114.691,-9134.209961,Bpoints
550001.8105,7816666.199,-9041.910156,Bpoints
551414.3105,7818881.059,-9022.530273,Bpoints
551539.3105,7818843.52,-9018.160156,Bpoints
549114.3105,7821471.32,-9190.910156,Bpoints
549276.8105,7819556.777,-9134.589844,Bpoints
551064.3105,7820307.578,-9033.30957,Bpoints
549939.3105,7816666.199,-9055.169922,Bpoints
551826.8105,7820833.141,-9068.169922,Bpoints
549364.3105,7821339.93,-9180.230469,Bpoints
552089.3105,7817886.25,-9009.75,Bpoints
549389.3105,7817417,-8998.05957,Bpoints
551026.8105,7821715.328,-9119.360352,Bpoints
549201.8105,7821621.48,-9192.400391,Bpoints
552426.8105,7820457.738,-9040.799805,Bpoints
551964.3105,7818167.797,-9015.219727,Bpoints
552326.8105,7817304.379,-8967.280273,Bpoints
549326.8105,7821058.379,-9179.070313,Bpoints
550589.3105,7819350.309,-8975.549805,Bpoints
549576.8105,7818655.82,-9068.610352,Bpoints
551701.8105,7821058.379,-9100.799805,Bpoints
552214.3105,7820851.91,-9068.5,Bpoints
549001.8105,7821095.918,-9199.05957,Bpoints
552189.3105,7819106.301,-9046.040039,Bpoints
550164.3105,7820457.738,-9003.129883,Bpoints
550064.3105,7816797.59,-9056.120117,Bpoints
549739.3105,7818899.828,-9082.280273,Bpoints
549939.3105,7818824.75,-9058.620117,Bpoints
552051.8105,7817548.387,-9003.94043,Bpoints
549689.3105,7819932.18,-9090.5,Bpoints
549776.8105,7819087.527,-9052.990234,Bpoints
552426.8105,7818674.59,-9053.679688,Bpoints
550626.8105,7819031.219,-9005.009766,Bpoints
552439.3105,7820945.758,-9051.230469,Bpoints
550626.8105,7819444.16,-8989.94043,Bpoints
551876.8105,7820964.531,-9080.589844,Bpoints
549901.8105,7821020.84,-9149.450195,Bpoints
549476.8105,7821002.07,-9167.280273,Bpoints
552214.3105,7817060.367,-8947.349609,Bpoints
551389.3105,7821321.16,-9116.929688,Bpoints
552151.8105,7821377.469,-9072.05957,Bpoints
550189.3105,7821077.148,-9128.790039,Bpoints
552051.8105,7817811.168,-9011.019531,Bpoints
550126.8105,7816910.207,-9057.599609,Bpoints
549376.8105,7819706.938,-9131.370117,Bpoints
551689.3105,7820307.578,-9016.019531,Bpoints
551714.3105,7821659.02,-9067.730469,Bpoints
551614.3105,7818411.809,-9022.219727,Bpoints
549526.8105,7818618.281,-9074.519531,Bpoints
549139.3105,7820063.57,-9143.660156,Bpoints
549051.8105,7821114.691,-9194.94043,Bpoints
551601.8105,7821189.77,-9112.80957,Bpoints
549501.8105,7821809.18,-9201.320313,Bpoints
549589.3105,7821152.23,-9172.799805,Bpoints
552389.3105,7821602.711,-9043.629883,Bpoints
550689.3105,7817792.398,-9059.620117,Bpoints
551864.3105,7817210.527,-9010.450195,Bpoints
549514.3105,7820908.219,-9166.099609,Bpoints
551476.8105,7821002.07,-9108.540039,Bpoints
549689.3105,7821358.699,-9175.070313,Bpoints
552414.3105,7818261.648,-9040.019531,Bpoints
550376.8105,7816684.969,-9059.389648,Bpoints
552151.8105,7821077.148,-9082.5,Bpoints
549139.3105,7821415.008,-9187.75,Bpoints
548939.3105,7821734.102,-9222.929688,Bpoints
552414.3105,7819594.32,-9039.280273,Bpoints
551501.8105,7820701.75,-9078.700195,Bpoints
552389.3105,7821433.781,-9070.030273,Bpoints
549876.8105,7820795.598,-9122.259766,Bpoints
551726.8105,7817210.527,-9009.490234,Bpoints
549814.3105,7818543.199,-9055.25,Bpoints
550339.3105,7821677.789,-9157.959961,Bpoints
551076.8105,7816722.508,-9029.879883,Bpoints
550251.8105,7818618.281,-9073.669922,Bpoints
552301.8105,7817792.398,-9005.639648,Bpoints
549751.8105,7818393.039,-9083.620117,Bpoints
549714.3105,7820739.289,-9138.30957,Bpoints
551439.3105,7819012.449,-9032.780273,Bpoints
550739.3105,7816816.359,-9053.049805,Bpoints
549664.3105,7818655.82,-9064.740234,Bpoints
549289.3105,7818430.578,-9108.490234,Bpoints
549226.8105,7821508.859,-9183.69043,Bpoints
549614.3105,7820720.52,-9142.879883,Bpoints
550101.8105,7821002.07,-9122.009766,Bpoints
549901.8105,7820532.82,-9086.19043,Bpoints
549564.3105,7817942.559,-9090.360352,Bpoints
552101.8105,7821058.379,-9082.629883,Bpoints
551564.3105,7821339.93,-9117.219727,Bpoints
552026.8105,7821283.617,-9090.5,Bpoints
552039.3105,7818505.66,-9038.919922,Bpoints
549001.8105,7821039.609,-9197.769531,Bpoints
551839.3105,7816684.969,-8991.339844,Bpoints
549126.8105,7817679.777,-9049.669922,Bpoints
551026.8105,7821752.867,-9125.509766,Bpoints
549464.3105,7820926.988,-9169.290039,Bpoints
549089.3105,7818261.648,-9118.219727,Bpoints
551389.3105,7817529.617,-9031.910156,Bpoints
551564.3105,7819650.629,-9040.519531,Bpoints
551376.8105,7821659.02,-9110.900391,Bpoints
549251.8105,7818167.797,-9105.5,Bpoints
549139.3105,7821077.148,-9186.919922,Bpoints
550351.8105,7817135.449,-9052.280273,Bpoints
552439.3105,7821827.949,-9018.160156,Bpoints
549226.8105,7820232.5,-9137.169922,Bpoints
552389.3105,7818317.957,-9043.519531,Bpoints
549301.8105,7817473.309,-9009.509766,Bpoints
549489.3105,7817341.918,-9005.339844,Bpoints
552414.3105,7819425.391,-9051.620117,Bpoints
549226.8105,7821734.102,-9201.129883,Bpoints
552439.3105,7818299.188,-9041.959961,Bpoints
550776.8105,7821734.102,-9151.120117,Bpoints
552076.8105,7821208.539,-9081.330078,Bpoints
552414.3105,7819631.859,-9036.980469,Bpoints
549364.3105,7821377.469,-9182.040039,Bpoints
552226.8105,7818242.879,-9043.150391,Bpoints
550039.3105,7821546.398,-9181.049805,Bpoints
552414.3105,7818224.109,-9037.480469,Bpoints
551264.3105,7819106.301,-9042.450195,Bpoints
550689.3105,7817679.777,-9057.730469,Bpoints
549089.3105,7817905.02,-9089.709961,Bpoints
550164.3105,7820833.141,-9084.019531,Bpoints
552076.8105,7819594.32,-9008.540039,Bpoints
549489.3105,7821546.398,-9183.540039,Bpoints
548926.8105,7818242.879,-9129.419922,Bpoints
552314.3105,7819106.301,-9049.230469,Bpoints
552089.3105,7821659.02,-9028.849609,Bpoints
552039.3105,7818242.879,-9031.889648,Bpoints
551651.8105,7821039.609,-9103.80957,Bpoints
551739.3105,7818449.348,-9021.509766,Bpoints
549339.3105,7821677.789,-9189.209961,Bpoints
551951.8105,7818374.27,-9029.55957,Bpoints
551889.3105,7820739.289,-9055.410156,Bpoints
550201.8105,7821152.23,-9136,Bpoints
551339.3105,7819500.469,-9032.299805,Bpoints
552314.3105,7817604.699,-8982.330078,Bpoints
550101.8105,7820514.051,-9033.549805,Bpoints
552414.3105,7821077.148,-9060.209961,Bpoints
552189.3105,7819894.641,-8995.969727,Bpoints
551839.3105,7818524.43,-9031.19043,Bpoints
550201.8105,7818618.281,-9072.139648,Bpoints
549414.3105,7816835.129,-9064.879883,Bpoints
552439.3105,7818618.281,-9051.80957,Bpoints
552189.3105,7819538.008,-9029,Bpoints
551126.8105,7820758.059,-9088.290039,Bpoints
552314.3105,7821734.102,-9026.679688,Bpoints
549026.8105,7819406.617,-9151.549805,Bpoints
550689.3105,7816797.59,-9058.419922,Bpoints
550914.3105,7821583.941,-9129.69043,Bpoints
551876.8105,7820908.219,-9073.990234,Bpoints
550489.3105,7816760.051,-9062.740234,Bpoints
549001.8105,7816947.75,-9076,Bpoints
550251.8105,7821734.102,-9162.780273,Bpoints
549576.8105,7821602.711,-9181.480469,Bpoints
551914.3105,7817698.547,-9013.44043,Bpoints
549176.8105,7818167.797,-9107.759766,Bpoints
550776.8105,7817266.84,-9030.669922,Bpoints
549139.3105,7821114.691,-9189.19043,Bpoints
549451.8105,7818355.5,-9090.740234,Bpoints
552026.8105,7821433.781,-9082.589844,Bpoints
549889.3105,7819800.789,-9051.730469,Bpoints
549201.8105,7821640.25,-9194.240234,Bpoints
549526.8105,7816891.438,-9056.269531,Bpoints
549551.8105,7820326.348,-9127.650391,Bpoints
549301.8105,7817379.461,-8991.349609,Bpoints
550201.8105,7821227.309,-9143.089844,Bpoints
550501.8105,7820926.988,-9071.179688,Bpoints
551264.3105,7819650.629,-9045.769531,Bpoints
549251.8105,7817454.539,-9010.469727,Bpoints
549139.3105,7817172.988,-9032.480469,Bpoints
549589.3105,7821208.539,-9175.120117,Bpoints
549201.8105,7820420.199,-9157.379883,Bpoints
552314.3105,7820363.887,-9018.69043,Bpoints
551914.3105,7821377.469,-9092.089844,Bpoints
549189.3105,7817079.141,-9036.330078,Bpoints
550789.3105,7821809.18,-9150.969727,Bpoints
549689.3105,7821283.617,-9173.950195,Bpoints
549689.3105,7821415.008,-9177.240234,Bpoints
551776.8105,7821527.629,-9084.259766,Bpoints
551351.8105,7821152.23,-9115.089844,Bpoints
549876.8105,7820288.809,-9048.719727,Bpoints
551551.8105,7818561.969,-9017.330078,Bpoints
551889.3105,7816928.98,-9005.459961,Bpoints
551651.8105,7820870.68,-9088.400391,Bpoints
549739.3105,7820251.27,-9079.19043,Bpoints
548889.3105,7819763.25,-9152.530273,Bpoints
549851.8105,7818167.797,-9094.179688,Bpoints
552076.8105,7819631.859,-9006.360352,Bpoints
551551.8105,7818599.508,-9013.25,Bpoints
551214.3105,7821809.18,-9117.179688,Bpoints
549489.3105,7817679.777,-9054.929688,Bpoints
549501.8105,7820007.258,-9124.320313,Bpoints
551489.3105,7820851.91,-9089.790039,Bpoints
549901.8105,7820926.988,-9139.839844,Bpoints
550039.3105,7817172.988,-9055.570313,Bpoints
549251.8105,7817529.617,-9023.330078,Bpoints
549214.3105,7818881.059,-9109.339844,Bpoints
551301.8105,7821077.148,-9112.610352,Bpoints
552264.3105,7821659.02,-9033.580078,Bpoints
548939.3105,7821321.16,-9198.879883,Bpoints
551451.8105,7821377.469,-9116.120117,Bpoints
552239.3105,7818149.027,-9041.799805,Bpoints
550014.3105,7819950.949,-9016.040039,Bpoints
552114.3105,7818637.047,-9044.790039,Bpoints
549989.3105,7821415.008,-9173.450195,Bpoints
551189.3105,7820326.348,-9044.169922,Bpoints
549739.3105,7818824.75,-9076.080078,Bpoints
552189.3105,7819744.48,-9025.290039,Bpoints
549476.8105,7817398.227,-9006.639648,Bpoints
552364.3105,7818618.281,-9051.05957,Bpoints
550939.3105,7816928.98,-9035.540039,Bpoints
552076.8105,7821302.391,-9081.69043,Bpoints
551964.3105,7821358.699,-9092.740234,Bpoints
549214.3105,7817135.449,-9027.320313,Bpoints
549251.8105,7817829.938,-9075.30957,Bpoints
552026.8105,7816928.98,-8993.549805,Bpoints
549589.3105,7821809.18,-9193.759766,Bpoints
549076.8105,7816928.98,-9076.990234,Bpoints
551164.3105,7820514.051,-9065.509766,Bpoints
552414.3105,7821039.609,-9057.509766,Bpoints
552251.8105,7819087.527,-9048.280273,Bpoints
549189.3105,7817454.539,-9020.570313,Bpoints
550314.3105,7821583.941,-9152.320313,Bpoints
551551.8105,7820682.98,-9071.889648,Bpoints
551051.8105,7817022.828,-9038.330078,Bpoints
550139.3105,7817435.77,-9059.599609,Bpoints
549001.8105,7816778.816,-9098.860352,Bpoints
549126.8105,7817792.398,-9068.910156,Bpoints
551664.3105,7817097.91,-9015.799805,Bpoints
549176.8105,7817942.559,-9090.919922,Bpoints
550314.3105,7821490.09,-9149.679688,Bpoints
548976.8105,7821565.168,-9208.769531,Bpoints
550039.3105,7821396.238,-9171.030273,Bpoints
548889.3105,7821752.867,-9226.639648,Bpoints
549564.3105,7821283.617,-9174.620117,Bpoints
549001.8105,7818336.73,-9131.129883,Bpoints
551789.3105,7817060.367,-9008.870117,Bpoints
549364.3105,7817567.16,-9041.580078,Bpoints
551901.8105,7816891.438,-9004.780273,Bpoints
550776.8105,7821321.16,-9146.650391,Bpoints
549589.3105,7818899.828,-9072.049805,Bpoints
548989.3105,7818599.508,-9134.820313,Bpoints
552276.8105,7817210.527,-8960.919922,Bpoints
549814.3105,7818299.188,-9089.719727,Bpoints
552001.8105,7816666.199,-8974.919922,Bpoints
552389.3105,7819857.098,-9017.19043,Bpoints
552314.3105,7821677.789,-9032.580078,Bpoints
552301.8105,7819406.617,-9050.200195,Bpoints
549901.8105,7818993.68,-9061.259766,Bpoints
551964.3105,7817004.059,-8994.320313,Bpoints
552414.3105,7819275.23,-9053.650391,Bpoints
549114.3105,7820438.969,-9172.360352,Bpoints
549501.8105,7820101.109,-9131.320313,Bpoints
551714.3105,7821208.539,-9113.669922,Bpoints
551439.3105,7818486.891,-9020.419922,Bpoints
551576.8105,7818655.82,-9011.139648,Bpoints
548889.3105,7820270.039,-9169.55957,Bpoints
549314.3105,7820082.34,-9145.370117,Bpoints
550826.8105,7820814.371,-9079.44043,Bpoints
549339.3105,7818580.738,-9098.129883,Bpoints
549026.8105,7821377.469,-9193.150391,Bpoints
549014.3105,7818130.258,-9113.530273,Bpoints
552001.8105,7821602.711,-9050.610352,Bpoints
548939.3105,7819782.02,-9153.950195,Bpoints
549476.8105,7821415.008,-9184.709961,Bpoints
549964.3105,7818430.578,-9081.589844,Bpoints
550151.8105,7821171,-9138.820313,Bpoints
549451.8105,7819650.629,-9122.219727,Bpoints
548914.3105,7821790.41,-9226.139648,Bpoints
549876.8105,7820701.75,-9106.169922,Bpoints
549251.8105,7817736.09,-9061.110352,Bpoints
550951.8105,7820063.57,-9030.089844,Bpoints
549901.8105,7817060.367,-9055.650391,Bpoints
550176.8105,7818449.348,-9086.269531,Bpoints
549139.3105,7821827.949,-9203.450195,Bpoints
550926.8105,7821321.16,-9129.69043,Bpoints
550301.8105,7820570.359,-9008.849609,Bpoints
552326.8105,7819875.867,-9014.110352,Bpoints
549639.3105,7819838.328,-9097.589844,Bpoints
551989.3105,7818655.82,-9036.94043,Bpoints
548939.3105,7821227.309,-9198.530273,Bpoints
549201.8105,7821565.168,-9188.509766,Bpoints
551689.3105,7817248.07,-9007.719727,Bpoints
551614.3105,7821358.699,-9116.389648,Bpoints
552351.8105,7820232.5,-9023.070313,Bpoints
551614.3105,7818017.637,-9009.820313,Bpoints
549864.3105,7820119.879,-9062.019531,Bpoints
551001.8105,7817323.148,-9016.709961,Bpoints
550301.8105,7821339.93,-9143.110352,Bpoints
550276.8105,7820363.887,-8959.330078,Bpoints
550051.8105,7817079.141,-9048.889648,Bpoints
550464.3105,7816797.59,-9058.30957,Bpoints
549026.8105,7819294,-9156.160156,Bpoints
551489.3105,7818674.59,-9009.200195,Bpoints
549001.8105,7821809.18,-9216.200195,Bpoints
550201.8105,7821752.867,-9168.370117,Bpoints
551401.8105,7819500.469,-9032.530273,Bpoints
549239.3105,7821039.609,-9180.490234,Bpoints
552414.3105,7820795.598,-9057.219727,Bpoints
551214.3105,7821133.457,-9123.519531,Bpoints
549676.8105,7818843.52,-9082.620117,Bpoints
549376.8105,7816722.508,-9064.44043,Bpoints
551401.8105,7821077.148,-9112.589844,Bpoints
549176.8105,7818336.73,-9107.44043,Bpoints
550189.3105,7817097.91,-9046.349609,Bpoints
552176.8105,7820701.75,-9061.419922,Bpoints
549839.3105,7817867.48,-9092.040039,Bpoints
549001.8105,7818299.188,-9129.580078,Bpoints
552001.8105,7820157.418,-8954.870117,Bpoints
551114.3105,7820889.449,-9101.099609,Bpoints
551314.3105,7820739.289,-9087.200195,Bpoints
549939.3105,7821508.859,-9185.370117,Bpoints
551764.3105,7819988.488,-8996.259766,Bpoints
552014.3105,7821809.18,-9015.240234,Bpoints
550714.3105,7820438.969,-8979.629883,Bpoints
550176.8105,7820232.5,-8948.719727,Bpoints
551189.3105,7819706.938,-9046.419922,Bpoints
550376.8105,7820101.109,-8944.389648,Bpoints
549389.3105,7818899.828,-9094.660156,Bpoints
549539.3105,7821133.457,-9169.669922,Bpoints
550339.3105,7821640.25,-9156.169922,Bpoints
549514.3105,7821621.48,-9187.089844,Bpoints
549251.8105,7817398.227,-9002.469727,Bpoints
551714.3105,7820007.258,-8996.330078,Bpoints
549851.8105,7819068.758,-9047.679688,Bpoints
550076.8105,7820664.211,-9065.330078,Bpoints
551964.3105,7818073.949,-9003.629883,Bpoints
552126.8105,7818749.668,-9043.230469,Bpoints
552176.8105,7820926.988,-9074.429688,Bpoints
550014.3105,7817304.379,-9059.570313,Bpoints
551739.3105,7820326.348,-9008.599609,Bpoints
549139.3105,7821377.469,-9187.570313,Bpoints
549126.8105,7816760.051,-9083.55957,Bpoints
551489.3105,7818918.598,-9024.360352,Bpoints
552264.3105,7821095.918,-9073.839844,Bpoints
552039.3105,7818674.59,-9041.30957,Bpoints
549539.3105,7819744.48,-9114.900391,Bpoints
552314.3105,7821377.469,-9070.410156,Bpoints
551176.8105,7816928.98,-9025.610352,Bpoints
549551.8105,7817360.688,-9015.839844,Bpoints
549176.8105,7820701.75,-9186.669922,Bpoints
548914.3105,7821659.02,-9221.879883,Bpoints
549026.8105,7819369.078,-9153.290039,Bpoints
549714.3105,7820101.109,-9094.639648,Bpoints
549189.3105,7817623.469,-9036.719727,Bpoints
551939.3105,7821752.867,-9024.830078,Bpoints
552051.8105,7817172.988,-8991.849609,Bpoints
549001.8105,7821321.16,-9194.75,Bpoints
551789.3105,7820251.27,-8981.769531,Bpoints
548939.3105,7821039.609,-9205.919922,Bpoints
549151.8105,7820119.879,-9138.839844,Bpoints
552439.3105,7821583.941,-9048.660156,Bpoints
552301.8105,7819369.078,-9050.870117,Bpoints
548989.3105,7818768.438,-9140.129883,Bpoints
550089.3105,7821640.25,-9173.269531,Bpoints
551251.8105,7820814.371,-9093.910156,Bpoints
552164.3105,7819369.078,-9036.049805,Bpoints
551739.3105,7817172.988,-9012.330078,Bpoints
549301.8105,7817754.859,-9068.969727,Bpoints
549764.3105,7820570.359,-9117.009766,Bpoints
551214.3105,7817079.141,-9027.269531,Bpoints
550039.3105,7820476.508,-9044.790039,Bpoints
550914.3105,7821377.469,-9133.280273,Bpoints
550664.3105,7820701.75,-9052.429688,Bpoints
551251.8105,7819444.16,-9029.389648,Bpoints
549014.3105,7817004.059,-9069.860352,Bpoints
552101.8105,7817529.617,-9000.040039,Bpoints
551839.3105,7820758.059,-9061.820313,Bpoints
549501.8105,7821358.699,-9178.360352,Bpoints
549714.3105,7821677.789,-9183.110352,Bpoints
552414.3105,7821002.07,-9054.870117,Bpoints
550614.3105,7817679.777,-9062.650391,Bpoints
551826.8105,7820889.449,-9072.740234,Bpoints
552376.8105,7819782.02,-9021.360352,Bpoints
551676.8105,7821415.008,-9114.200195,Bpoints
551389.3105,7817417,-9024.549805,Bpoints
551501.8105,7819218.918,-9048.730469,Bpoints
549751.8105,7819706.938,-9078.209961,Bpoints
552026.8105,7821227.309,-9088.879883,Bpoints
548976.8105,7821602.711,-9211.75,Bpoints
550814.3105,7816947.75,-9047.799805,Bpoints
551839.3105,7820232.5,-8968.700195,Bpoints
550039.3105,7821734.102,-9181.709961,Bpoints
549739.3105,7818543.199,-9060.160156,Bpoints
551814.3105,7821058.379,-9088.990234,Bpoints
552414.3105,7821114.691,-9063.009766,Bpoints
551901.8105,7818167.797,-9008.179688,Bpoints
548901.8105,7818637.047,-9142.330078,Bpoints
551726.8105,7820739.289,-9067.950195,Bpoints
551401.8105,7819838.328,-9056.089844,Bpoints
552064.3105,7817041.598,-8978.889648,Bpoints
548914.3105,7819500.469,-9151.459961,Bpoints
552201.8105,7821358.699,-9074.049805,Bpoints
551451.8105,7817604.699,-9034.549805,Bpoints
551676.8105,7820251.27,-9007.19043,Bpoints
551601.8105,7821227.309,-9114.379883,Bpoints
549089.3105,7818130.258,-9112.480469,Bpoints
551739.3105,7821283.617,-9110.660156,Bpoints
552414.3105,7820776.828,-9058.030273,Bpoints
549789.3105,7821565.168,-9178.679688,Bpoints
548914.3105,7819538.008,-9148.959961,Bpoints
551801.8105,7817266.84,-9000.009766,Bpoints
549076.8105,7818730.898,-9132.290039,Bpoints
552414.3105,7821171,-9066.509766,Bpoints
549776.8105,7817454.539,-9061.200195,Bpoints
548914.3105,7821452.551,-9207.950195,Bpoints
550926.8105,7821790.41,-9147.419922,Bpoints
551439.3105,7818956.141,-9027.290039,Bpoints
549864.3105,7816666.199,-9062.209961,Bpoints
550101.8105,7821321.16,-9158.280273,Bpoints
551514.3105,7819669.398,-9044.089844,Bpoints
549701.8105,7820645.438,-9128.990234,Bpoints
550126.8105,7821771.641,-9174.69043,Bpoints
551664.3105,7819932.18,-9021.219727,Bpoints
552276.8105,7819538.008,-9047.700195,Bpoints
549339.3105,7817135.449,-9034.150391,Bpoints
549389.3105,7818505.66,-9096.269531,Bpoints
549451.8105,7821377.469,-9182.450195,Bpoints
551814.3105,7817191.758,-9007.139648,Bpoints
549351.8105,7820833.141,-9182.099609,Bpoints
551976.8105,7819819.559,-9006.759766,Bpoints
551251.8105,7817248.07,-9012.290039,Bpoints
552189.3105,7821002.07,-9079.330078,Bpoints
549426.8105,7820157.418,-9135.360352,Bpoints
549164.3105,7821734.102,-9204.799805,Bpoints
552389.3105,7820926.988,-9054.30957,Bpoints
552314.3105,7821508.859,-9054.19043,Bpoints
552101.8105,7818224.109,-9036.150391,Bpoints
549364.3105,7818224.109,-9101.549805,Bpoints
551026.8105,7821677.789,-9115.410156,Bpoints
549189.3105,7820776.828,-9189.44043,Bpoints
549001.8105,7817998.871,-9104.379883,Bpoints
550026.8105,7821077.148,-9137.570313,Bpoints
551364.3105,7819218.918,-9046.570313,Bpoints
548901.8105,7820345.121,-9171.790039,Bpoints
552264.3105,7821358.699,-9071.929688,Bpoints
552401.8105,7819200.148,-9050.839844,Bpoints
549476.8105,7818824.75,-9077.389648,Bpoints
552226.8105,7817191.758,-8968.80957,Bpoints
551389.3105,7817135.449,-9020.490234,Bpoints
549389.3105,7821283.617,-9177.719727,Bpoints
552164.3105,7820833.141,-9068.469727,Bpoints
549364.3105,7820626.668,-9162.129883,Bpoints
549351.8105,7817905.02,-9088.759766,Bpoints
549301.8105,7817548.387,-9028.730469,Bpoints
548976.8105,7817191.758,-9069.330078,Bpoints
549064.3105,7817323.148,-9050.110352,Bpoints
552189.3105,7817679.777,-9012.30957,Bpoints
551514.3105,7819331.539,-9043.330078,Bpoints
549076.8105,7817661.008,-9054.049805,Bpoints
551789.3105,7820645.438,-9053.379883,Bpoints
551039.3105,7820382.66,-9028.839844,Bpoints
552189.3105,7819575.551,-9029.30957,Bpoints
551439.3105,7819218.918,-9048.230469,Bpoints
551876.8105,7819894.641,-9009.450195,Bpoints
551139.3105,7821396.238,-9129.150391,Bpoints
552001.8105,7820758.059,-9057.009766,Bpoints
552414.3105,7821152.23,-9065.400391,Bpoints
549376.8105,7820082.34,-9142.469727,Bpoints
552151.8105,7818993.68,-9044.980469,Bpoints
552101.8105,7819444.16,-9031.040039,Bpoints
549989.3105,7818055.18,-9099.019531,Bpoints
550239.3105,7820232.5,-8949.69043,Bpoints
549401.8105,7819556.777,-9121.719727,Bpoints
550139.3105,7821659.02,-9166.799805,Bpoints
548989.3105,7817285.609,-9065.269531,Bpoints
549101.8105,7817041.598,-9058.269531,Bpoints
552076.8105,7821452.551,-9063.769531,Bpoints
549476.8105,7817548.387,-9039.5,Bpoints
552126.8105,7820044.801,-8977.599609,Bpoints
552414.3105,7819462.93,-9049.099609,Bpoints
551751.8105,7820476.508,-9029.830078,Bpoints
549789.3105,7819857.098,-9073.379883,Bpoints
549026.8105,7821715.328,-9213.150391,Bpoints
551301.8105,7820833.141,-9095.959961,Bpoints
552089.3105,7817923.789,-9010.44043,Bpoints
551701.8105,7818824.75,-9023.75,Bpoints
551689.3105,7818749.668,-9019.75,Bpoints
549189.3105,7817323.148,-9022.080078,Bpoints
549901.8105,7821339.93,-9167.69043,Bpoints
549339.3105,7821809.18,-9194.669922,Bpoints
549276.8105,7816666.199,-9059.44043,Bpoints
551776.8105,7820082.34,-8969.769531,Bpoints
549051.8105,7821302.391,-9192.759766,Bpoints
549176.8105,7818430.578,-9110.860352,Bpoints
552339.3105,7819181.379,-9052.349609,Bpoints
551476.8105,7820288.809,-9034.080078,Bpoints
550064.3105,7820251.27,-8981.700195,Bpoints
548901.8105,7816666.199,-9088.009766,Bpoints
550901.8105,7820626.668,-9044.030273,Bpoints
549714.3105,7820795.598,-9145.049805,Bpoints
552439.3105,7821452.551,-9069.639648,Bpoints
551789.3105,7816666.199,-8992.070313,Bpoints
552014.3105,7818092.719,-9011.05957,Bpoints
550101.8105,7821039.609,-9126.910156,Bpoints
549051.8105,7821189.77,-9195.429688,Bpoints
550951.8105,7820645.438,-9053.19043,Bpoints
551714.3105,7817435.77,-9014.30957,Bpoints
549226.8105,7819538.008,-9138.849609,Bpoints
549664.3105,7817848.711,-9085.599609,Bpoints
551914.3105,7821302.391,-9095.660156,Bpoints
550614.3105,7817961.328,-9061.219727,Bpoints
551689.3105,7821264.848,-9118.55957,Bpoints
550714.3105,7818130.258,-9050.570313,Bpoints
549026.8105,7821771.641,-9213.219727,Bpoints
550864.3105,7816684.969,-9049.129883,Bpoints
550926.8105,7821827.949,-9149.719727,Bpoints
551626.8105,7818674.59,-9015.230469,Bpoints
551714.3105,7821171,-9110.540039,Bpoints
551714.3105,7816872.668,-9013.469727,Bpoints
549739.3105,7821002.07,-9165.719727,Bpoints
552301.8105,7817848.711,-8999.700195,Bpoints
550664.3105,7819425.391,-8999.849609,Bpoints
550914.3105,7821546.398,-9130.700195,Bpoints
549564.3105,7820026.027,-9117.44043,Bpoints
549139.3105,7817473.309,-9029.669922,Bpoints
549976.8105,7820682.98,-9084,Bpoints
549201.8105,7821583.941,-9189.469727,Bpoints
551676.8105,7817998.871,-9012.280273,Bpoints
549026.8105,7821677.789,-9211.929688,Bpoints
549989.3105,7821490.09,-9182.080078,Bpoints
549976.8105,7820101.109,-9032.330078,Bpoints
548914.3105,7821189.77,-9200.679688,Bpoints
551951.8105,7820739.289,-9052.5,Bpoints
548914.3105,7821415.008,-9205.80957,Bpoints
549389.3105,7821452.551,-9187.110352,Bpoints
549526.8105,7817529.617,-9035.889648,Bpoints
549476.8105,7818430.578,-9085.959961,Bpoints
549051.8105,7821020.84,-9190.589844,Bpoints
549276.8105,7821809.18,-9199.330078,Bpoints
548901.8105,7818899.828,-9149.070313,Bpoints
549176.8105,7821527.629,-9190.139648,Bpoints
549939.3105,7820795.598,-9112.849609,Bpoints
550364.3105,7821565.168,-9155.419922,Bpoints
549726.8105,7818205.34,-9092.469727,Bpoints
549289.3105,7817154.219,-9030.480469,Bpoints
550789.3105,7817229.301,-9030.549805,Bpoints
551476.8105,7820063.57,-9037.469727,Bpoints
550214.3105,7820814.371,-9078.849609,Bpoints
552439.3105,7821321.16,-9075.459961,Bpoints
551226.8105,7818393.039,-9019.049805,Bpoints
549889.3105,7818486.891,-9069.580078,Bpoints
551476.8105,7816835.129,-9017.490234,Bpoints
550014.3105,7820607.898,-9065.820313,Bpoints
549426.8105,7820983.297,-9170.759766,Bpoints
550326.8105,7816666.199,-9065.030273,Bpoints
552339.3105,7816666.199,-8954.129883,Bpoints
550039.3105,7819894.641,-9006.69043,Bpoints
552101.8105,7819275.23,-9039.110352,Bpoints
551539.3105,7820833.141,-9085.330078,Bpoints
548914.3105,7821846.719,-9226.480469,Bpoints
549714.3105,7821715.328,-9185.469727,Bpoints
549776.8105,7820889.449,-9150.910156,Bpoints
552339.3105,7818993.68,-9045.549805,Bpoints
549564.3105,7817172.988,-9031.339844,Bpoints
551151.8105,7817004.059,-9030.080078,Bpoints
549326.8105,7818430.578,-9106.910156,Bpoints
551414.3105,7817998.871,-9015.339844,Bpoints
548914.3105,7819688.168,-9151.610352,Bpoints
548964.3105,7819932.18,-9152.860352,Bpoints
549026.8105,7819331.539,-9154.889648,Bpoints
548926.8105,7820476.508,-9179.669922,Bpoints
549064.3105,7819688.168,-9155.230469,Bpoints
552214.3105,7817022.828,-8947.150391,Bpoints
551239.3105,7816816.359,-9017.759766,Bpoints
551076.8105,7817079.141,-9036.919922,Bpoints
552264.3105,7821752.867,-9023.200195,Bpoints
548901.8105,7818956.141,-9145.580078,Bpoints
549789.3105,7819782.02,-9072.25,Bpoints
549901.8105,7821715.328,-9189.620117,Bpoints
550964.3105,7820420.199,-9016.5,Bpoints
549814.3105,7816872.668,-9053.889648,Bpoints
551614.3105,7820645.438,-9062.030273,Bpoints
549401.8105,7816760.051,-9064.780273,Bpoints
549176.8105,7818486.891,-9114.700195,Bpoints
552051.8105,7817323.148,-8986.05957,Bpoints
549151.8105,7817886.25,-9082.349609,Bpoints
549001.8105,7818073.949,-9108.959961,Bpoints
550989.3105,7817022.828,-9039.160156,Bpoints
549451.8105,7820589.129,-9153.040039,Bpoints
549489.3105,7820682.98,-9155.549805,Bpoints
549489.3105,7817923.789,-9084.129883,Bpoints
549251.8105,7820870.68,-9188.009766,Bpoints
552326.8105,7820776.828,-9060.040039,Bpoints
549739.3105,7821621.48,-9177.780273,Bpoints
549589.3105,7821846.719,-9191.400391,Bpoints
550039.3105,7818956.141,-9059.55957,Bpoints
549326.8105,7818956.141,-9107.589844,Bpoints
549626.8105,7817191.758,-9038.330078,Bpoints
549264.3105,7816778.816,-9063.110352,Bpoints
549439.3105,7817285.609,-9004,Bpoints
550614.3105,7816741.277,-9068.540039,Bpoints
549326.8105,7821227.309,-9180.320313,Bpoints
551801.8105,7818787.207,-9026.700195,Bpoints
550064.3105,7818899.828,-9054.450195,Bpoints
550289.3105,7817341.918,-9059.070313,Bpoints
550101.8105,7821546.398,-9169.900391,Bpoints
551214.3105,7819125.07,-9044.240234,Bpoints
552226.8105,7818299.188,-9042.049805,Bpoints
552089.3105,7818393.039,-9036.929688,Bpoints
551814.3105,7820514.051,-9031.459961,Bpoints
551239.3105,7816741.277,-9017.360352,Bpoints
551901.8105,7818073.949,-9000.099609,Bpoints
552189.3105,7818843.52,-9044.639648,Bpoints
548989.3105,7818430.578,-9133.990234,Bpoints
549164.3105,7816853.898,-9074.209961,Bpoints
549326.8105,7821133.457,-9180.389648,Bpoints
548889.3105,7820157.418,-9165.30957,Bpoints
549439.3105,7820682.98,-9162.209961,Bpoints
551814.3105,7818618.281,-9030.860352,Bpoints
549576.8105,7816872.668,-9051.519531,Bpoints
551776.8105,7818055.18,-9000.570313,Bpoints
551639.3105,7817510.848,-9021.5,Bpoints
550926.8105,7817135.449,-9033.620117,Bpoints
550976.8105,7818787.207,-9043.410156,Bpoints
549289.3105,7817923.789,-9091.320313,Bpoints
552451.8105,7819200.148,-9050.530273,Bpoints
549251.8105,7817229.301,-9019.230469,Bpoints
549289.3105,7820758.059,-9184.429688,Bpoints
551639.3105,7820945.758,-9096.879883,Bpoints
549576.8105,7818712.129,-9065.769531,Bpoints
549689.3105,7820232.5,-9091.099609,Bpoints
549339.3105,7818618.281,-9097.759766,Bpoints
549426.8105,7821058.379,-9171.080078,Bpoints
549851.8105,7819875.867,-9061.919922,Bpoints
551076.8105,7816760.051,-9029.580078,Bpoints
552301.8105,7816835.129,-8954.099609,Bpoints
549901.8105,7821321.16,-9164.639648,Bpoints
549789.3105,7817079.141,-9058.089844,Bpoints
551851.8105,7818224.109,-9014.450195,Bpoints
548914.3105,7821696.559,-9223.570313,Bpoints
552251.8105,7818486.891,-9046.629883,Bpoints
549364.3105,7819913.41,-9136.030273,Bpoints
550426.8105,7819631.859,-8972.160156,Bpoints
549176.8105,7818393.039,-9108.980469,Bpoints
549076.8105,7818505.66,-9124.900391,Bpoints
552364.3105,7817792.398,-8989.769531,Bpoints
549226.8105,7820514.051,-9167.919922,Bpoints
548876.8105,7818242.879,-9131.30957,Bpoints
549789.3105,7820964.531,-9159.219727,Bpoints
549289.3105,7816853.898,-9059.830078,Bpoints
551539.3105,7820082.34,-9019.509766,Bpoints
551776.8105,7817135.449,-9011.889648,Bpoints
549539.3105,7817135.449,-9034.5,Bpoints
550501.8105,7820626.668,-8992.360352,Bpoints
549651.8105,7817022.828,-9051.280273,Bpoints
549239.3105,7818430.578,-9109.799805,Bpoints
552451.8105,7819106.301,-9046.219727,Bpoints
548989.3105,7821246.078,-9196.200195,Bpoints
549089.3105,7818167.797,-9115.240234,Bpoints
550614.3105,7818336.73,-9056.849609,Bpoints
551226.8105,7818543.199,-9022.139648,Bpoints
551639.3105,7819143.84,-9043.389648,Bpoints
550076.8105,7816666.199,-9046.120117,Bpoints
551951.8105,7816684.969,-8987.110352,Bpoints
548926.8105,7817266.84,-9081.169922,Bpoints
549976.8105,7821321.16,-9160.790039,Bpoints
549389.3105,7817304.379,-8997.929688,Bpoints
549514.3105,7820833.141,-9166.099609,Bpoints
552014.3105,7817022.828,-8986.870117,Bpoints
549014.3105,7820532.82,-9183.589844,Bpoints
549639.3105,7818543.199,-9069.30957,Bpoints
549539.3105,7820964.531,-9162.860352,Bpoints
549126.8105,7819143.84,-9142.820313,Bpoints
549301.8105,7817661.008,-9051.839844,Bpoints
549164.3105,7816684.969,-9072.339844,Bpoints
552364.3105,7819106.301,-9047.410156,Bpoints
552226.8105,7820758.059,-9064.75,Bpoints
549789.3105,7818899.828,-9081.080078,Bpoints
549201.8105,7817248.07,-9021.540039,Bpoints
552201.8105,7818918.598,-9046.360352,Bpoints
548939.3105,7820889.449,-9199.030273,Bpoints
549226.8105,7819143.84,-9127.110352,Bpoints
549089.3105,7817867.48,-9084.009766,Bpoints
551926.8105,7821696.559,-9037.410156,Bpoints
551989.3105,7816853.898,-9000.790039,Bpoints
552064.3105,7820664.211,-9056.730469,Bpoints
549289.3105,7820495.281,-9156.070313,Bpoints
549376.8105,7818411.809,-9102.410156,Bpoints
550101.8105,7817154.219,-9054.450195,Bpoints
550714.3105,7817191.758,-9034.099609,Bpoints
548989.3105,7818167.797,-9117.570313,Bpoints
551164.3105,7818393.039,-9023.25,Bpoints
551639.3105,7821752.867,-9060.040039,Bpoints
549651.8105,7820157.418,-9103.549805,Bpoints
551626.8105,7818918.598,-9024.94043,Bpoints
549851.8105,7820213.73,-9049.389648,Bpoints
552201.8105,7819950.949,-9001.040039,Bpoints
551389.3105,7817041.598,-9029,Bpoints
552176.8105,7817905.02,-9008.929688,Bpoints
551376.8105,7817604.699,-9033.269531,Bpoints
550251.8105,7821246.078,-9140.019531,Bpoints
548989.3105,7818730.898,-9139.660156,Bpoints
549651.8105,7818355.5,-9083.919922,Bpoints
551789.3105,7816760.051,-9000.530273,Bpoints
549239.3105,7818787.207,-9110.169922,Bpoints
549414.3105,7817454.539,-9010.709961,Bpoints
549176.8105,7818299.188,-9107.860352,Bpoints
550176.8105,7817041.598,-9045.639648,Bpoints
549426.8105,7818430.578,-9094.230469,Bpoints
551389.3105,7818674.59,-9013.950195,Bpoints
549851.8105,7817079.141,-9057.169922,Bpoints
549351.8105,7817679.777,-9061.519531,Bpoints
550689.3105,7817116.68,-9040.070313,Bpoints
551501.8105,7819406.617,-9038.480469,Bpoints
551239.3105,7818505.66,-9019.070313,Bpoints
548901.8105,7818768.438,-9147.160156,Bpoints
550126.8105,7818918.598,-9048.700195,Bpoints
550101.8105,7818524.43,-9079.459961,Bpoints
549826.8105,7820776.828,-9128.269531,Bpoints
551501.8105,7817060.367,-9024.709961,Bpoints
550664.3105,7821208.539,-9138.709961,Bpoints
552114.3105,7817323.148,-8981.889648,Bpoints
552176.8105,7820776.828,-9067.410156,Bpoints
550601.8105,7817097.91,-9043.509766,Bpoints
549489.3105,7817905.02,-9082.75,Bpoints
549289.3105,7817060.367,-9035.30957,Bpoints
549589.3105,7820645.438,-9138.370117,Bpoints
552314.3105,7820138.648,-9019.179688,Bpoints
549076.8105,7818674.59,-9132.639648,Bpoints
549089.3105,7820270.039,-9151.519531,Bpoints
549814.3105,7820701.75,-9120.860352,Bpoints
549976.8105,7820007.258,-9034.910156,Bpoints
552214.3105,7816666.199,-8972.469727,Bpoints
549814.3105,7818486.891,-9067.129883,Bpoints
550864.3105,7816853.898,-9040.700195,Bpoints
549551.8105,7817679.777,-9054.719727,Bpoints
551501.8105,7818336.73,-9021.400391,Bpoints
549076.8105,7820551.59,-9181.929688,Bpoints
549589.3105,7816966.52,-9049,Bpoints
549001.8105,7819857.098,-9157.530273,Bpoints
549239.3105,7818336.73,-9107.110352,Bpoints
552126.8105,7820082.34,-8977.929688,Bpoints
552301.8105,7818730.898,-9054.019531,Bpoints
549151.8105,7818730.898,-9125.139648,Bpoints
548951.8105,7817398.227,-9068.969727,Bpoints
550251.8105,7821809.18,-9165.410156,Bpoints
549926.8105,7817961.328,-9095.950195,Bpoints
551826.8105,7817135.449,-9008.570313,Bpoints
550014.3105,7817060.367,-9049.980469,Bpoints
551351.8105,7817360.688,-9018.830078,Bpoints
549426.8105,7820795.598,-9174.070313,Bpoints
551226.8105,7821640.25,-9120.519531,Bpoints
550876.8105,7817229.301,-9028.30957,Bpoints
549551.8105,7821527.629,-9178.980469,Bpoints
552289.3105,7818374.27,-9045.469727,Bpoints
551451.8105,7818524.43,-9019.480469,Bpoints
550301.8105,7821058.379,-9114.889648,Bpoints
550664.3105,7817604.699,-9055.980469,Bpoints
549576.8105,7820194.961,-9115.509766,Bpoints
551776.8105,7818693.359,-9025.429688,Bpoints
550664.3105,7819594.32,-9011.769531,Bpoints
549076.8105,7817417,-9045.200195,Bpoints
550689.3105,7821583.941,-9152.230469,Bpoints
551864.3105,7817079.141,-9003.719727,Bpoints
549701.8105,7818468.117,-9071.910156,Bpoints
549101.8105,7820701.75,-9186.839844,Bpoints
549039.3105,7820814.371,-9188.769531,Bpoints
549326.8105,7820401.43,-9147.55957,Bpoints
550001.8105,7817004.059,-9053.700195,Bpoints
549326.8105,7820251.27,-9137.5,Bpoints
549151.8105,7820157.418,-9136.870117,Bpoints
552339.3105,7819218.918,-9053.169922,Bpoints
552189.3105,7819012.449,-9045.719727,Bpoints
552014.3105,7820664.211,-9053.490234,Bpoints
551789.3105,7821809.18,-9026.839844,Bpoints
552076.8105,7820589.129,-9038.639648,Bpoints
552301.8105,7817492.078,-8965.780273,Bpoints
550689.3105,7819162.609,-8984.589844,Bpoints
552251.8105,7819125.07,-9049.660156,Bpoints
549739.3105,7821527.629,-9176.540039,Bpoints
552001.8105,7820814.371,-9060.94043,Bpoints
550114.3105,7821077.148,-9130.620117,Bpoints
549689.3105,7816891.438,-9047.490234,Bpoints
548889.3105,7817417,-9074.820313,Bpoints
549139.3105,7820026.027,-9147.139648,Bpoints
551351.8105,7817473.309,-9027.730469,Bpoints
551814.3105,7821734.102,-9037.410156,Bpoints
549826.8105,7821508.859,-9181.30957,Bpoints
551676.8105,7816722.508,-9006.240234,Bpoints
548989.3105,7818824.75,-9142.120117,Bpoints
549164.3105,7821246.078,-9189.790039,Bpoints
552326.8105,7821302.391,-9071.639648,Bpoints
549126.8105,7818918.598,-9123.94043,Bpoints
552264.3105,7820870.68,-9066.019531,Bpoints
549301.8105,7818881.059,-9101.679688,Bpoints
552426.8105,7817548.387,-8951.200195,Bpoints
551951.8105,7818824.75,-9039.55957,Bpoints
549176.8105,7819369.078,-9141.679688,Bpoints
549289.3105,7821246.078,-9181.540039,Bpoints
550039.3105,7820758.059,-9090.339844,Bpoints
549514.3105,7818712.129,-9067.719727,Bpoints
550014.3105,7816928.98,-9058.740234,Bpoints
551751.8105,7821114.691,-9098.570313,Bpoints
551664.3105,7817942.559,-9019.570313,Bpoints
552039.3105,7820401.43,-8985.660156,Bpoints
551389.3105,7819594.32,-9038.799805,Bpoints
552339.3105,7819031.219,-9045.780273,Bpoints
549676.8105,7817097.91,-9051.370117,Bpoints
550489.3105,7816985.289,-9060.879883,Bpoints
552301.8105,7817022.828,-8925.110352,Bpoints
549376.8105,7816910.207,-9058.299805,Bpoints
550789.3105,7821640.25,-9145.19043,Bpoints
551301.8105,7817004.059,-9028.969727,Bpoints
549476.8105,7821302.391,-9172.320313,Bpoints
549826.8105,7816985.289,-9055.860352,Bpoints
551164.3105,7819049.988,-9035.849609,Bpoints
549276.8105,7819162.609,-9119.219727,Bpoints
549476.8105,7818055.18,-9093.129883,Bpoints
552101.8105,7820908.219,-9073.080078,Bpoints
549526.8105,7818993.68,-9086.200195,Bpoints
552439.3105,7820720.52,-9059.650391,Bpoints
552014.3105,7821527.629,-9059.679688,Bpoints
548976.8105,7820082.34,-9145.540039,Bpoints
549976.8105,7820044.801,-9036.5,Bpoints
548914.3105,7818505.66,-9139.950195,Bpoints
551551.8105,7820007.258,-9028.469727,Bpoints
551726.8105,7816797.59,-9009.679688,Bpoints
551776.8105,7816816.359,-9007.80957,Bpoints
551614.3105,7817022.828,-9019.400391,Bpoints
549989.3105,7819106.301,-9047.75,Bpoints
548989.3105,7821527.629,-9203.769531,Bpoints
549401.8105,7817135.449,-9034.509766,Bpoints
550689.3105,7819650.629,-9013.669922,Bpoints
551039.3105,7817154.219,-9032.330078,Bpoints
550039.3105,7820532.82,-9051.929688,Bpoints
552414.3105,7816741.277,-8931.849609,Bpoints
549801.8105,7817585.93,-9073.419922,Bpoints
550989.3105,7817079.141,-9037.639648,Bpoints
550414.3105,7820270.039,-8935.009766,Bpoints
549176.8105,7818524.43,-9117.299805,Bpoints
549576.8105,7818974.91,-9075.639648,Bpoints
549751.8105,7816816.359,-9051.280273,Bpoints
549651.8105,7821208.539,-9179.879883,Bpoints
549076.8105,7818637.047,-9131.299805,Bpoints
552051.8105,7820138.648,-8960.299805,Bpoints
549489.3105,7818618.281,-9078.419922,Bpoints
549689.3105,7821077.148,-9174.580078,Bpoints
552214.3105,7819988.488,-9010.480469,Bpoints
550376.8105,7816835.129,-9057.639648,Bpoints
552089.3105,7818749.668,-9042.049805,Bpoints
549314.3105,7817229.301,-9017.099609,Bpoints
551914.3105,7818242.879,-9020.900391,Bpoints
551226.8105,7817398.227,-9020.30957,Bpoints
552126.8105,7816703.738,-8973.070313,Bpoints
549751.8105,7820176.188,-9078.990234,Bpoints
551601.8105,7820138.648,-8999.089844,Bpoints
549089.3105,7818224.109,-9117.530273,Bpoints
549289.3105,7817886.25,-9085.610352,Bpoints
552439.3105,7818505.66,-9046.950195,Bpoints
549214.3105,7819462.93,-9137.990234,Bpoints
551276.8105,7817079.141,-9024.55957,Bpoints
550664.3105,7817285.609,-9040.730469,Bpoints
549126.8105,7816947.75,-9068.070313,Bpoints
549776.8105,7820007.258,-9082.830078,Bpoints
549126.8105,7819106.301,-9137.830078,Bpoints
549339.3105,7817079.141,-9038.19043,Bpoints
549076.8105,7820232.5,-9148.709961,Bpoints
549114.3105,7816666.199,-9082.299805,Bpoints
551514.3105,7817229.301,-9012.259766,Bpoints
549339.3105,7820776.828,-9182.070313,Bpoints
548901.8105,7816703.738,-9090.19043,Bpoints
551864.3105,7821039.609,-9086.679688,Bpoints
548989.3105,7817848.711,-9090.200195,Bpoints
550614.3105,7817060.367,-9048.530273,Bpoints
551964.3105,7817172.988,-9011.349609,Bpoints
551839.3105,7816741.277,-8995.110352,Bpoints
549664.3105,7820945.758,-9160.709961,Bpoints
549651.8105,7820664.211,-9134.299805,Bpoints
549051.8105,7819875.867,-9157.400391,Bpoints
552014.3105,7817905.02,-9012.280273,Bpoints
551014.3105,7819988.488,-9030.75,Bpoints
549826.8105,7818449.348,-9074.820313,Bpoints
550976.8105,7817154.219,-9032.480469,Bpoints
551764.3105,7818599.508,-9027.330078,Bpoints
552189.3105,7817341.918,-8978.519531,Bpoints
551714.3105,7820814.371,-9077.870117,Bpoints
549539.3105,7820664.211,-9146.5,Bpoints
549476.8105,7818092.719,-9095.5,Bpoints
549801.8105,7817529.617,-9069.129883,Bpoints
550001.8105,7816722.508,-9046.070313,Bpoints
549676.8105,7817510.848,-9053.299805,Bpoints
549226.8105,7819819.559,-9147.759766,Bpoints
549464.3105,7820270.039,-9132,Bpoints
550876.8105,7817135.449,-9034.129883,Bpoints
549676.8105,7817323.148,-9037.419922,Bpoints
552414.3105,7816910.207,-8904.919922,Bpoints
551876.8105,7820814.371,-9062.389648,Bpoints
551439.3105,7819369.078,-9040.049805,Bpoints
551951.8105,7817079.141,-8995.389648,Bpoints
552251.8105,7818730.898,-9050.879883,Bpoints
549376.8105,7821077.148,-9175.419922,Bpoints
551476.8105,7818843.52,-9019,Bpoints
552264.3105,7819031.219,-9046.950195,Bpoints
549101.8105,7820945.758,-9188.150391,Bpoints
549364.3105,7817210.527,-9019.530273,Bpoints
552326.8105,7820326.348,-9018.94043,Bpoints
549239.3105,7817097.91,-9031.429688,Bpoints
549776.8105,7821490.09,-9179.25,Bpoints
550614.3105,7819181.379,-8972.549805,Bpoints
549276.8105,7816703.738,-9060.639648,Bpoints
552139.3105,7816666.199,-8972.160156,Bpoints
550114.3105,7818674.59,-9059.959961,Bpoints
549114.3105,7820795.598,-9187.240234,Bpoints
551039.3105,7821133.457,-9128.25,Bpoints
551401.8105,7818449.348,-9018.44043,Bpoints
550714.3105,7817285.609,-9036.209961,Bpoints
551026.8105,7818787.207,-9040.80957,Bpoints
551639.3105,7818317.957,-9018.839844,Bpoints
549801.8105,7820194.961,-9064.150391,Bpoints
551514.3105,7817172.988,-9015.929688,Bpoints
551589.3105,7820964.531,-9100.290039,Bpoints
549276.8105,7820232.5,-9137.490234,Bpoints
549539.3105,7818918.598,-9074.740234,Bpoints
549701.8105,7821227.309,-9176.780273,Bpoints
552139.3105,7819106.301,-9044.19043,Bpoints
549739.3105,7818261.648,-9091.009766,Bpoints
551464.3105,7818167.797,-9009.019531,Bpoints
549651.8105,7818712.129,-9067.570313,Bpoints
552351.8105,7816947.75,-8917.419922,Bpoints
550351.8105,7820495.281,-8978.280273,Bpoints
551389.3105,7819087.527,-9039.839844,Bpoints
552176.8105,7820908.219,-9072.75,Bpoints
552376.8105,7818843.52,-9051.099609,Bpoints
548901.8105,7818674.59,-9143.55957,Bpoints
549601.8105,7817341.918,-9023.410156,Bpoints
549364.3105,7816816.359,-9065.139648,Bpoints
551689.3105,7816947.75,-9015.860352,Bpoints
548976.8105,7818899.828,-9144.179688,Bpoints
551339.3105,7819444.16,-9032.429688,Bpoints
551739.3105,7817266.84,-9005.179688,Bpoints
551801.8105,7818543.199,-9029.820313,Bpoints
551114.3105,7820401.43,-9043.860352,Bpoints
552214.3105,7816703.738,-8974.669922,Bpoints
552114.3105,7817754.859,-9009.820313,Bpoints
549239.3105,7820345.121,-9144.099609,Bpoints
549326.8105,7816985.289,-9044.379883,Bpoints
549364.3105,7817754.859,-9073.709961,Bpoints
551751.8105,7818167.797,-9003.639648,Bpoints
550276.8105,7820889.449,-9091.709961,Bpoints
551914.3105,7817417,-8995.169922,Bpoints
551364.3105,7817829.938,-9025.049805,Bpoints
550889.3105,7820082.34,-9019.519531,Bpoints
549226.8105,7821095.918,-9183.799805,Bpoints
551926.8105,7820401.43,-8995.099609,Bpoints
551901.8105,7818393.039,-9029.370117,Bpoints
549989.3105,7816778.816,-9054.740234,Bpoints
549489.3105,7821077.148,-9169.25,Bpoints
549464.3105,7816760.051,-9063.650391,Bpoints
552039.3105,7820908.219,-9073.179688,Bpoints
551326.8105,7820382.66,-9058,Bpoints
551314.3105,7819087.527,-9040.019531,Bpoints
552364.3105,7817379.461,-8962.080078,Bpoints
551439.3105,7818787.207,-9017.860352,Bpoints
550676.8105,7818092.719,-9051.709961,Bpoints
550864.3105,7816797.59,-9041.900391,Bpoints
549526.8105,7819969.719,-9118.580078,Bpoints
549176.8105,7816778.816,-9073.719727,Bpoints
549064.3105,7818918.598,-9133.379883,Bpoints
549176.8105,7819725.711,-9150.879883,Bpoints
551364.3105,7816741.277,-9016.719727,Bpoints
552201.8105,7820551.59,-9023.839844,Bpoints
548889.3105,7820044.801,-9151.419922,Bpoints
552314.3105,7820739.289,-9058.580078,Bpoints
549226.8105,7821152.23,-9186.709961,Bpoints
549626.8105,7816891.438,-9047.530273,Bpoints
549464.3105,7817191.758,-9021.980469,Bpoints
551026.8105,7821208.539,-9124.780273,Bpoints
552176.8105,7818805.98,-9044.230469,Bpoints
550376.8105,7820213.73,-8939.5,Bpoints
549126.8105,7819049.988,-9130.740234,Bpoints
549364.3105,7820438.969,-9149.200195,Bpoints
551564.3105,7818073.949,-9005.330078,Bpoints
551889.3105,7816835.129,-9002.570313,Bpoints
549189.3105,7817004.059,-9049.929688,Bpoints
549689.3105,7817454.539,-9047.849609,Bpoints
549326.8105,7819218.918,-9111.19043,Bpoints
551964.3105,7821133.457,-9091.849609,Bpoints
549451.8105,7817060.367,-9047.879883,Bpoints
549101.8105,7817266.84,-9043.389648,Bpoints
551364.3105,7818618.281,-9011.990234,Bpoints
549551.8105,7821095.918,-9167.580078,Bpoints
552251.8105,7819218.918,-9050.679688,Bpoints
551601.8105,7818317.957,-9021.490234,Bpoints
549614.3105,7821471.32,-9176.400391,Bpoints
552251.8105,7817811.168,-9011.75,Bpoints
551339.3105,7818092.719,-9016.900391,Bpoints
549289.3105,7816985.289,-9043.30957,Bpoints
549201.8105,7820870.68,-9186.959961,Bpoints
551689.3105,7820476.508,-9035.240234,Bpoints
549726.8105,7818618.281,-9054.980469,Bpoints
549201.8105,7817980.098,-9096.980469,Bpoints
549851.8105,7820945.758,-9149.179688,Bpoints
549289.3105,7819237.688,-9119.240234,Bpoints
552201.8105,7818712.129,-9048.099609,Bpoints
548876.8105,7821508.859,-9214.129883,Bpoints
549389.3105,7821208.539,-9177.299805,Bpoints
549239.3105,7818730.898,-9112.269531,Bpoints
549614.3105,7818017.637,-9091.759766,Bpoints
551951.8105,7817923.789,-9013.669922,Bpoints
549651.8105,7821471.32,-9176.099609,Bpoints
549289.3105,7821508.859,-9180.230469,Bpoints
550701.8105,7819519.238,-9009.469727,Bpoints
551114.3105,7820326.348,-9039.05957,Bpoints
548876.8105,7821246.078,-9200.55957,Bpoints
549476.8105,7816816.359,-9064.120117,Bpoints
548914.3105,7818055.18,-9112.070313,Bpoints
552139.3105,7816947.75,-8973.860352,Bpoints
549714.3105,7820007.258,-9093.030273,Bpoints
550851.8105,7820307.578,-8980.019531,Bpoints
550926.8105,7816797.59,-9032.509766,Bpoints
551176.8105,7821659.02,-9119.160156,Bpoints
549314.3105,7818749.668,-9101.099609,Bpoints
549926.8105,7821264.848,-9156.570313,Bpoints
549514.3105,7816741.277,-9062.280273,Bpoints
552414.3105,7818956.141,-9046.610352,Bpoints
549564.3105,7816760.051,-9056.389648,Bpoints
551226.8105,7819631.859,-9044.339844,Bpoints
549214.3105,7820138.648,-9139.660156,Bpoints
549176.8105,7818599.508,-9121.75,Bpoints
551051.8105,7816797.59,-9029.280273,Bpoints
552051.8105,7820326.348,-8968.290039,Bpoints
551701.8105,7818167.797,-9006.330078,Bpoints
549189.3105,7819237.688,-9138.080078,Bpoints
551264.3105,7819481.699,-9030.769531,Bpoints
551776.8105,7820570.359,-9041.730469,Bpoints
551439.3105,7817717.32,-9032.419922,Bpoints
551064.3105,7819932.18,-9032.580078,Bpoints
550489.3105,7819650.629,-8976.259766,Bpoints
549939.3105,7818486.891,-9073.480469,Bpoints
552026.8105,7818937.367,-9044.80957,Bpoints
549664.3105,7821152.23,-9180.480469,Bpoints
549276.8105,7818486.891,-9108.049805,Bpoints
552414.3105,7818393.039,-9047.099609,Bpoints
550889.3105,7820138.648,-9016.080078,Bpoints
549226.8105,7820945.758,-9182.269531,Bpoints
549326.8105,7818712.129,-9099.490234,Bpoints
549626.8105,7816816.359,-9047.370117,Bpoints
551439.3105,7821809.18,-9093.200195,Bpoints
549001.8105,7816853.898,-9092.780273,Bpoints
552451.8105,7819012.449,-9045.049805,Bpoints
552389.3105,7820701.75,-9058.129883,Bpoints
549951.8105,7820363.887,-9045.030273,Bpoints
549401.8105,7816666.199,-9061.179688,Bpoints
549339.3105,7820682.98,-9172.860352,Bpoints
549514.3105,7818543.199,-9080.75,Bpoints
549401.8105,7818768.438,-9088.150391,Bpoints
549551.8105,7818092.719,-9091.139648,Bpoints
549989.3105,7817829.938,-9092.700195,Bpoints
551151.8105,7821809.18,-9113.070313,Bpoints
549676.8105,7818899.828,-9079.820313,Bpoints
552314.3105,7820701.75,-9055.599609,Bpoints
548914.3105,7821358.699,-9202.589844,Bpoints
551926.8105,7820438.969,-9005.490234,Bpoints
549439.3105,7821152.23,-9173.450195,Bpoints
552414.3105,7818355.5,-9045.070313,Bpoints
550051.8105,7821827.949,-9180.94043,Bpoints
549576.8105,7818862.289,-9071.719727,Bpoints
550326.8105,7820889.449,-9087.400391,Bpoints
549514.3105,7816666.199,-9059.620117,Bpoints
548914.3105,7821077.148,-9207.209961,Bpoints
549376.8105,7817961.328,-9092.150391,Bpoints
550089.3105,7821734.102,-9176.280273,Bpoints
552439.3105,7818918.598,-9049.030273,Bpoints
549626.8105,7820908.219,-9159.889648,Bpoints
549489.3105,7821152.23,-9171.110352,Bpoints
549239.3105,7817004.059,-9043.629883,Bpoints
549451.8105,7816684.969,-9061.040039,Bpoints
549314.3105,7818805.98,-9100.009766,Bpoints
551801.8105,7821208.539,-9099.360352,Bpoints
552314.3105,7818317.957,-9043.780273,Bpoints
549951.8105,7821640.25,-9190.070313,Bpoints
549276.8105,7821095.918,-9182.080078,Bpoints
549539.3105,7818411.809,-9080.030273,Bpoints
548989.3105,7816684.969,-9094.240234,Bpoints
550089.3105,7821396.238,-9169.55957,Bpoints
550864.3105,7816741.277,-9046.219727,Bpoints
549114.3105,7820739.289,-9187.360352,Bpoints
549114.3105,7817961.328,-9095.780273,Bpoints
552001.8105,7818824.75,-9042.05957,Bpoints
549201.8105,7820345.121,-9146.990234,Bpoints
551926.8105,7818299.188,-9025.269531,Bpoints
548901.8105,7818299.188,-9135.480469,Bpoints
549889.3105,7821640.25,-9188.490234,Bpoints
551401.8105,7816966.52,-9029.089844,Bpoints
549639.3105,7816947.75,-9049.160156,Bpoints
551601.8105,7820026.027,-9012.650391,Bpoints
549226.8105,7816835.129,-9066.669922,Bpoints
549414.3105,7820833.141,-9175.820313,Bpoints
549389.3105,7820682.98,-9167.860352,Bpoints
552351.8105,7818374.27,-9046.69043,Bpoints
549226.8105,7817172.988,-9024.740234,Bpoints
549589.3105,7818599.508,-9071.860352,Bpoints
549414.3105,7820739.289,-9171.990234,Bpoints
551164.3105,7817154.219,-9024.780273,Bpoints
548914.3105,7820964.531,-9205.669922,Bpoints
550839.3105,7821377.469,-9142.790039,Bpoints
549576.8105,7821415.008,-9175.950195,Bpoints
549839.3105,7819500.469,-9055.049805,Bpoints
549276.8105,7818317.957,-9106.599609,Bpoints
550039.3105,7821471.32,-9178.490234,Bpoints
552364.3105,7818674.59,-9054.05957,Bpoints
549826.8105,7817792.398,-9087.94043,Bpoints
551526.8105,7818674.59,-9008.330078,Bpoints
551401.8105,7817905.02,-9022.25,Bpoints
551851.8105,7818768.438,-9030.150391,Bpoints
550001.8105,7821827.949,-9184.790039,Bpoints
550101.8105,7821471.32,-9171.219727,Bpoints
549376.8105,7818055.18,-9096.530273,Bpoints
551964.3105,7816760.051,-8992.230469,Bpoints
548914.3105,7817585.93,-9070.320313,Bpoints
549339.3105,7821302.391,-9179.419922,Bpoints
550989.3105,7816741.277,-9027.94043,Bpoints
549664.3105,7820082.34,-9105.589844,Bpoints
550289.3105,7818655.82,-9067.799805,Bpoints
550714.3105,7821377.469,-9144.679688,Bpoints
550139.3105,7821715.328,-9170.719727,Bpoints
549426.8105,7821227.309,-9173.150391,Bpoints
552114.3105,7819875.867,-8988.540039,Bpoints
549339.3105,7821508.859,-9182.950195,Bpoints
549001.8105,7818224.109,-9123.599609,Bpoints
551039.3105,7817210.527,-9026.820313,Bpoints
552439.3105,7817754.859,-8984.80957,Bpoints
549901.8105,7817154.219,-9056.349609,Bpoints
549139.3105,7820870.68,-9187.179688,Bpoints
551226.8105,7818693.359,-9026.320313,Bpoints
551826.8105,7816816.359,-9004.080078,Bpoints
549239.3105,7818655.82,-9114.299805,Bpoints
549089.3105,7818393.039,-9119.719727,Bpoints
551514.3105,7816985.289,-9025.959961,Bpoints
551739.3105,7816684.969,-8997.530273,Bpoints
552176.8105,7817398.227,-8979.599609,Bpoints
552114.3105,7818299.188,-9035.30957,Bpoints
549001.8105,7817792.398,-9086.089844,Bpoints
549464.3105,7820833.141,-9170.769531,Bpoints
549201.8105,7817548.387,-9027.370117,Bpoints
552289.3105,7817736.09,-9010.599609,Bpoints
549489.3105,7817060.367,-9047.530273,Bpoints
552251.8105,7821189.77,-9075.209961,Bpoints
549089.3105,7820870.68,-9188.919922,Bpoints
549939.3105,7821565.168,-9189.269531,Bpoints
551226.8105,7819181.379,-9049.879883,Bpoints
549051.8105,7818956.141,-9135.360352,Bpoints
549589.3105,7818092.719,-9090.950195,Bpoints
551901.8105,7818749.668,-9034.459961,Bpoints
549089.3105,7818430.578,-9121.320313,Bpoints
549064.3105,7817961.328,-9098.629883,Bpoints
549376.8105,7817998.871,-9094.870117,Bpoints
551339.3105,7821752.867,-9112.120117,Bpoints
549389.3105,7820326.348,-9140.860352,Bpoints
548914.3105,7816947.75,-9079.589844,Bpoints
551826.8105,7820570.359,-9040.700195,Bpoints
549264.3105,7820326.348,-9142.200195,Bpoints
548914.3105,7818355.5,-9136.980469,Bpoints
548914.3105,7818092.719,-9113.919922,Bpoints
552001.8105,7818730.898,-9039.94043,Bpoints
549301.8105,7817604.699,-9040.480469,Bpoints
549676.8105,7818937.367,-9077.040039,Bpoints
552339.3105,7818468.117,-9047.599609,Bpoints
548914.3105,7816778.816,-9095.169922,Bpoints
549239.3105,7819237.688,-9128.530273,Bpoints
549664.3105,7818749.668,-9070.040039,Bpoints
549801.8105,7818580.738,-9049.240234,Bpoints
550151.8105,7821415.008,-9163.110352,Bpoints
551351.8105,7819406.617,-9035.230469,Bpoints
550026.8105,7821677.789,-9182.929688,Bpoints
550451.8105,7820814.371,-9053.669922,Bpoints
551801.8105,7818167.797,-9001.969727,Bpoints
552201.8105,7816797.59,-8976.429688,Bpoints
549864.3105,7821246.078,-9159.540039,Bpoints
549714.3105,7819838.328,-9085.959961,Bpoints
549564.3105,7817435.77,-9025.490234,Bpoints
549876.8105,7817623.469,-9074.730469,Bpoints
551464.3105,7818261.648,-9013.740234,Bpoints
549151.8105,7817248.07,-9031.150391,Bpoints
549764.3105,7817022.828,-9055.200195,Bpoints
549264.3105,7818524.43,-9108.919922,Bpoints
548901.8105,7818543.199,-9140.709961,Bpoints
549389.3105,7819125.07,-9107.19043,Bpoints
549814.3105,7820101.109,-9073.820313,Bpoints
549476.8105,7821208.539,-9169.370117,Bpoints
551526.8105,7821152.23,-9113.259766,Bpoints
549414.3105,7819031.219,-9106.05957,Bpoints
550976.8105,7817210.527,-9027.839844,Bpoints
551939.3105,7818730.898,-9036.580078,Bpoints
549626.8105,7817417,-9032.299805,Bpoints
552126.8105,7819988.488,-8978.740234,Bpoints
549076.8105,7817473.309,-9043.650391,Bpoints
548901.8105,7817998.871,-9109.799805,Bpoints
551339.3105,7821715.328,-9112.30957,Bpoints
552101.8105,7818355.5,-9035.379883,Bpoints
551226.8105,7818449.348,-9017.879883,Bpoints
549576.8105,7818824.75,-9071.139648,Bpoints
548964.3105,7818655.82,-9139.160156,Bpoints
549526.8105,7816985.289,-9051.429688,Bpoints
549814.3105,7819706.938,-9065.320313,Bpoints
549526.8105,7816816.359,-9061.419922,Bpoints
552364.3105,7818730.898,-9054.700195,Bpoints
549251.8105,7818693.359,-9111.570313,Bpoints
551051.8105,7816666.199,-9031.040039,Bpoints
549226.8105,7820701.75,-9184.169922,Bpoints
549464.3105,7819031.219,-9099.830078,Bpoints
552326.8105,7818843.52,-9050.450195,Bpoints
549564.3105,7820908.219,-9162.240234,Bpoints
551764.3105,7818486.891,-9025.240234,Bpoints
551926.8105,7820589.129,-9040.700195,Bpoints
549676.8105,7821114.691,-9178.650391,Bpoints
549989.3105,7817154.219,-9054.169922,Bpoints
549214.3105,7821377.469,-9183.540039,Bpoints
550989.3105,7816872.668,-9029.139648,Bpoints
550139.3105,7821490.09,-9163.5,Bpoints
549739.3105,7819857.098,-9081.820313,Bpoints
552439.3105,7816684.969,-8931.080078,Bpoints
549401.8105,7820401.43,-9146.429688,Bpoints
549939.3105,7817004.059,-9057.429688,Bpoints
550926.8105,7816666.199,-9039.980469,Bpoints
550814.3105,7816872.668,-9046.05957,Bpoints
552139.3105,7819950.949,-8981.910156,Bpoints
551751.8105,7821809.18,-9031.139648,Bpoints
549364.3105,7821002.07,-9176.099609,Bpoints
549951.8105,7817154.219,-9054.540039,Bpoints
549114.3105,7821302.391,-9190.889648,Bpoints
550001.8105,7818599.508,-9060.009766,Bpoints
549901.8105,7820607.898,-9089.660156,Bpoints
550226.8105,7820457.738,-8987.549805,Bpoints
549139.3105,7818580.738,-9123.709961,Bpoints
550401.8105,7820401.43,-8958.55957,Bpoints
549189.3105,7817754.859,-9059.820313,Bpoints
549001.8105,7818393.039,-9132.450195,Bpoints
548889.3105,7818468.117,-9141,Bpoints
549489.3105,7820326.348,-9136.150391,Bpoints
548889.3105,7817679.777,-9085.740234,Bpoints
549514.3105,7820194.961,-9124.30957,Bpoints
551689.3105,7818092.719,-9004.709961,Bpoints
548914.3105,7817116.68,-9082.700195,Bpoints
549414.3105,7817923.789,-9084.900391,Bpoints
551826.8105,7817304.379,-8995.400391,Bpoints
548989.3105,7820814.371,-9190.719727,Bpoints
549651.8105,7820851.91,-9155.44043,Bpoints
549889.3105,7819631.859,-9048.660156,Bpoints
549439.3105,7820326.348,-9139.410156,Bpoints
551601.8105,7818186.57,-9008.740234,Bpoints
552289.3105,7818524.43,-9047.080078,Bpoints
552326.8105,7818224.109,-9042,Bpoints
549239.3105,7820983.297,-9180.450195,Bpoints
549689.3105,7821621.48,-9177.839844,Bpoints
549439.3105,7816985.289,-9054.509766,Bpoints
550226.8105,7820983.297,-9111.580078,Bpoints
549226.8105,7820908.219,-9185.200195,Bpoints
551976.8105,7817773.629,-9014.25,Bpoints
549464.3105,7816910.207,-9059.69043,Bpoints
550201.8105,7820307.578,-8950.290039,Bpoints
549464.3105,7817135.449,-9033.910156,Bpoints
551464.3105,7821490.09,-9109.459961,Bpoints
551926.8105,7820270.039,-8965.25,Bpoints
549889.3105,7821583.941,-9187.379883,Bpoints
549314.3105,7818167.797,-9103.679688,Bpoints
549814.3105,7820495.281,-9105.599609,Bpoints
550876.8105,7817304.379,-9023.05957,Bpoints
549001.8105,7820870.68,-9193.320313,Bpoints
550076.8105,7820851.91,-9102.209961,Bpoints
550014.3105,7820363.887,-9026.910156,Bpoints
552176.8105,7817829.938,-9015.450195,Bpoints
548901.8105,7820213.73,-9168.320313,Bpoints
549264.3105,7820138.648,-9141.769531,Bpoints
551826.8105,7818693.359,-9029.75,Bpoints
549276.8105,7817998.871,-9100.110352,Bpoints
551639.3105,7818149.027,-9005.889648,Bpoints
549914.3105,7818017.637,-9096.900391,Bpoints
549339.3105,7820889.449,-9181.769531,Bpoints
549301.8105,7819125.07,-9116.200195,Bpoints
549389.3105,7821152.23,-9176.570313,Bpoints
552439.3105,7821377.469,-9075.870117,Bpoints
549801.8105,7818730.898,-9054.730469,Bpoints
549139.3105,7817079.141,-9044.919922,Bpoints
550114.3105,7817097.91,-9048.530273,Bpoints
552239.3105,7817661.008,-9005.700195,Bpoints
552101.8105,7817623.469,-9005.599609,Bpoints
551301.8105,7816666.199,-9013.919922,Bpoints
550026.8105,7820926.988,-9122.030273,Bpoints
551439.3105,7817661.008,-9034.240234,Bpoints
551851.8105,7820420.199,-9007.139648,Bpoints
549064.3105,7820119.879,-9141.160156,Bpoints
549164.3105,7818768.438,-9121.669922,Bpoints
549451.8105,7821827.949,-9200.150391,Bpoints
551626.8105,7816928.98,-9018.299805,Bpoints
550789.3105,7817191.758,-9032.55957,Bpoints
550089.3105,7818993.68,-9055.139648,Bpoints
550026.8105,7820420.199,-9038.860352,Bpoints
552314.3105,7818299.188,-9043.450195,Bpoints
549926.8105,7821846.719,-9188.099609,Bpoints
550026.8105,7821640.25,-9182.839844,Bpoints
549526.8105,7818449.348,-9079.450195,Bpoints
551364.3105,7817191.758,-9015.009766,Bpoints
549401.8105,7818805.98,-9088.839844,Bpoints
550214.3105,7821339.93,-9153.339844,Bpoints
549126.8105,7819988.488,-9149.700195,Bpoints
551426.8105,7821565.168,-9107.740234,Bpoints
550864.3105,7817266.84,-9025.950195,Bpoints
549014.3105,7817736.09,-9078.299805,Bpoints
548876.8105,7820795.598,-9195.240234,Bpoints
551551.8105,7820213.73,-9014.110352,Bpoints
551301.8105,7817041.598,-9027.620117,Bpoints
549001.8105,7818261.648,-9126.900391,Bpoints
549364.3105,7818167.797,-9100.709961,Bpoints
551826.8105,7820476.508,-9023.870117,Bpoints
549989.3105,7818524.43,-9071.139648,Bpoints
550639.3105,7819631.859,-9010.549805,Bpoints
549864.3105,7820626.668,-9100.240234,Bpoints
548989.3105,7818862.289,-9142.950195,Bpoints
548926.8105,7817004.059,-9077.450195,Bpoints
549901.8105,7820044.801,-9061.75,Bpoints
551914.3105,7817379.461,-8990.80957,Bpoints
548876.8105,7818393.039,-9139.549805,Bpoints
552039.3105,7821058.379,-9083.269531,Bpoints
549376.8105,7819031.219,-9111.009766,Bpoints
549526.8105,7818505.66,-9079.410156,Bpoints
548989.3105,7816647.43,-9092.240234,Bpoints
549489.3105,7820739.289,-9161.160156,Bpoints
552389.3105,7816684.969,-8941.820313,Bpoints
549464.3105,7817998.871,-9089.099609,Bpoints
550514.3105,7820176.188,-8931.110352,Bpoints
549139.3105,7819012.449,-9126.339844,Bpoints
549239.3105,7817623.469,-9038.05957,Bpoints
549426.8105,7818956.141,-9095.669922,Bpoints
549426.8105,7816910.207,-9060.019531,Bpoints
550089.3105,7817473.309,-9059.44043,Bpoints
549076.8105,7817754.859,-9070.05957,Bpoints
551926.8105,7820363.887,-8986.089844,Bpoints
550914.3105,7820345.121,-8997.450195,Bpoints
549451.8105,7819143.84,-9103.540039,Bpoints
548889.3105,7819049.988,-9144.150391,Bpoints
549301.8105,7818843.52,-9101.089844,Bpoints
552239.3105,7818993.68,-9046.929688,Bpoints
552301.8105,7818449.348,-9047.230469,Bpoints
550401.8105,7820908.219,-9078.780273,Bpoints
549951.8105,7817848.711,-9094.290039,Bpoints
549064.3105,7817811.168,-9079.620117,Bpoints
551726.8105,7816741.277,-9003.910156,Bpoints
550401.8105,7820814.371,-9059.679688,Bpoints
549839.3105,7819387.852,-9047.370117,Bpoints
548889.3105,7817736.09,-9094.769531,Bpoints
550414.3105,7821246.078,-9126.480469,Bpoints
551464.3105,7819275.23,-9047.339844,Bpoints
549439.3105,7819106.301,-9104.879883,Bpoints
549076.8105,7818543.199,-9126.620117,Bpoints
551339.3105,7818730.898,-9020.849609,Bpoints
550614.3105,7821039.609,-9109.410156,Bpoints
548901.8105,7821396.238,-9205.69043,Bpoints
549901.8105,7818580.738,-9052.089844,Bpoints
549014.3105,7818674.59,-9136.30957,Bpoints
549451.8105,7818543.199,-9087.75,Bpoints
549214.3105,7819031.219,-9119.669922,Bpoints
552276.8105,7818618.281,-9050.950195,Bpoints
548889.3105,7817473.309,-9072.660156,Bpoints
550964.3105,7818730.898,-9046.799805,Bpoints
552151.8105,7818486.891,-9044.209961,Bpoints
550801.8105,7820176.188,-8992.650391,Bpoints
550089.3105,7818805.98,-9050.780273,Bpoints
549439.3105,7817642.238,-9056.389648,Bpoints
549739.3105,7820945.758,-9160.219727,Bpoints
551639.3105,7819087.527,-9038.780273,Bpoints
551251.8105,7819312.77,-9039.330078,Bpoints
551651.8105,7817172.988,-9013.790039,Bpoints
551289.3105,7816947.75,-9026.410156,Bpoints
549376.8105,7818843.52,-9092.709961,Bpoints
552376.8105,7817604.699,-8970.549805,Bpoints
549339.3105,7818524.43,-9100.389648,Bpoints
551239.3105,7816872.668,-9019.679688,Bpoints
550864.3105,7817060.367,-9039.990234,Bpoints
549164.3105,7820945.758,-9184.19043,Bpoints
549126.8105,7819237.688,-9148.05957,Bpoints
551676.8105,7818655.82,-9019.400391,Bpoints
549826.8105,7819932.18,-9070.009766,Bpoints
549164.3105,7821002.07,-9182.969727,Bpoints
549739.3105,7819763.25,-9082.139648,Bpoints
551576.8105,7820363.887,-9039.669922,Bpoints
549739.3105,7821752.867,-9185.379883,Bpoints
550426.8105,7821827.949,-9163.80957,Bpoints
551114.3105,7817248.07,-9019.490234,Bpoints
549876.8105,7819444.16,-9045.730469,Bpoints
552014.3105,7818899.828,-9044.549805,Bpoints
549851.8105,7818768.438,-9056.69043,Bpoints
551189.3105,7818805.98,-9029.030273,Bpoints
548964.3105,7818486.891,-9135.830078,Bpoints
550114.3105,7816853.898,-9060.240234,Bpoints
551164.3105,7817341.918,-9018.459961,Bpoints
548976.8105,7819049.988,-9141.44043,Bpoints
552301.8105,7817360.688,-8975.660156,Bpoints
549376.8105,7818956.141,-9103.25,Bpoints
549351.8105,7816666.199,-9061.490234,Bpoints
551364.3105,7819369.078,-9038.849609,Bpoints
551876.8105,7820570.359,-9040.330078,Bpoints
552189.3105,7818749.668,-9045.889648,Bpoints
552039.3105,7818730.898,-9041.44043,Bpoints
549951.8105,7816928.98,-9061.230469,Bpoints
551939.3105,7819012.449,-9044.209961,Bpoints
548939.3105,7820758.059,-9189.410156,Bpoints
549789.3105,7819575.551,-9067.740234,Bpoints
549539.3105,7818167.797,-9094.660156,Bpoints
548901.8105,7816760.051,-9093.969727,Bpoints
549501.8105,7817998.871,-9088.900391,Bpoints
549339.3105,7820345.121,-9143.450195,Bpoints
549276.8105,7818599.508,-9108.589844,Bpoints
549776.8105,7819331.539,-9056.099609,Bpoints
551264.3105,7818580.738,-9020.669922,Bpoints
552401.8105,7819031.219,-9044.69043,Bpoints
549189.3105,7819143.84,-9133.230469,Bpoints
551439.3105,7821827.949,-9093.110352,Bpoints
549351.8105,7817304.379,-8996.339844,Bpoints
548901.8105,7816928.98,-9081.959961,Bpoints
550689.3105,7817060.367,-9047.040039,Bpoints
550814.3105,7817135.449,-9035.589844,Bpoints
550751.8105,7816947.75,-9051.370117,Bpoints
551176.8105,7816872.668,-9023.69043,Bpoints
550414.3105,7821339.93,-9133.990234,Bpoints
551451.8105,7819331.539,-9043.75,Bpoints
549989.3105,7818956.141,-9064.129883,Bpoints
549439.3105,7818712.129,-9080.150391,Bpoints
549601.8105,7816684.969,-9047.540039,Bpoints
549051.8105,7819237.688,-9155.330078,Bpoints
549051.8105,7821527.629,-9196.980469,Bpoints
549126.8105,7817323.148,-9038.410156,Bpoints
550376.8105,7820044.801,-8946.30957,Bpoints
550676.8105,7816684.969,-9068.980469,Bpoints
549701.8105,7817022.828,-9052.980469,Bpoints
552051.8105,7816666.199,-8957.719727,Bpoints
551651.8105,7816872.668,-9014.929688,Bpoints
548976.8105,7817097.91,-9069.959961,Bpoints
552301.8105,7817548.387,-8973.480469,Bpoints
551964.3105,7821602.711,-9061.540039,Bpoints
549389.3105,7820514.051,-9152.25,Bpoints
549889.3105,7820007.258,-9062.759766,Bpoints
549114.3105,7819200.148,-9148.389648,Bpoints
549551.8105,7816666.199,-9054.19043,Bpoints
550876.8105,7817004.059,-9043.110352,Bpoints
548876.8105,7819125.07,-9153.320313,Bpoints
549464.3105,7821602.711,-9188,Bpoints
548914.3105,7819125.07,-9152.349609,Bpoints
549076.8105,7818862.289,-9130.650391,Bpoints
549051.8105,7821246.078,-9194.040039,Bpoints
550001.8105,7817998.871,-9096.929688,Bpoints
549876.8105,7819950.949,-9060.669922,Bpoints
552076.8105,7818993.68,-9043.089844,Bpoints
549264.3105,7819049.988,-9118.769531,Bpoints
549514.3105,7820476.508,-9145.620117,Bpoints
549751.8105,7817642.238,-9072.549805,Bpoints
549551.8105,7820607.898,-9141.900391,Bpoints
549439.3105,7820514.051,-9151.419922,Bpoints
552176.8105,7818224.109,-9041.540039,Bpoints
550064.3105,7818580.738,-9068.150391,Bpoints
549239.3105,7820795.598,-9189.419922,Bpoints
551301.8105,7817398.227,-9021.19043,Bpoints
549276.8105,7821377.469,-9180.419922,Bpoints
550776.8105,7817323.148,-9032.620117,Bpoints
552301.8105,7816966.52,-8928.490234,Bpoints
549851.8105,7821809.18,-9188,Bpoints
549276.8105,7818974.91,-9111.070313,Bpoints
549789.3105,7817135.449,-9058.320313,Bpoints
551064.3105,7818693.359,-9041.160156,Bpoints
549026.8105,7820739.289,-9186.330078,Bpoints
549539.3105,7820401.43,-9138.110352,Bpoints
550826.8105,7820082.34,-9008.320313,Bpoints
551889.3105,7818918.598,-9037.05957,Bpoints
548901.8105,7817792.398,-9091.879883,Bpoints
551739.3105,7818730.898,-9022,Bpoints
551326.8105,7819538.008,-9034.280273,Bpoints
550614.3105,7818167.797,-9058.740234,Bpoints
551076.8105,7818768.438,-9037.889648,Bpoints
549039.3105,7819200.148,-9155.099609,Bpoints
549039.3105,7819106.301,-9144.740234,Bpoints
548964.3105,7819200.148,-9158.69043,Bpoints
551876.8105,7818674.59,-9032.349609,Bpoints
550201.8105,7817285.609,-9055.980469,Bpoints
550689.3105,7816947.75,-9055.490234,Bpoints
549351.8105,7820514.051,-9153.240234,Bpoints
552426.8105,7818862.289,-9051.349609,Bpoints
552439.3105,7818730.898,-9053.040039,Bpoints
550814.3105,7820138.648,-9001.160156,Bpoints
550614.3105,7817792.398,-9065.469727,Bpoints
551601.8105,7820082.34,-9001.480469,Bpoints
548889.3105,7819200.148,-9162.519531,Bpoints
552364.3105,7818524.43,-9046.889648,Bpoints
552289.3105,7818655.82,-9052.839844,Bpoints
548976.8105,7819143.84,-9152.209961,Bpoints
551726.8105,7818674.59,-9022.179688,Bpoints
550614.3105,7820795.598,-9066.969727,Bpoints
549389.3105,7818693.359,-9089.080078,Bpoints
549951.8105,7818956.141,-9066.129883,Bpoints
548901.8105,7819012.449,-9142.75,Bpoints
549201.8105,7819068.758,-9124.419922,Bpoints
551176.8105,7816816.359,-9023.679688,Bpoints
550751.8105,7817060.367,-9043.469727,Bpoints
551426.8105,7816891.438,-9021.150391,Bpoints
548901.8105,7821114.691,-9205.570313,Bpoints
549664.3105,7820889.449,-9158.549805,Bpoints
549476.8105,7818956.141,-9087.870117,Bpoints
548989.3105,7816816.359,-9097.19043,Bpoints
549701.8105,7820026.027,-9096.389648,Bpoints
552039.3105,7818824.75,-9042.379883,Bpoints
549351.8105,7819125.07,-9110.44043,Bpoints
549301.8105,7816816.359,-9062.410156,Bpoints
550064.3105,7817510.848,-9060.94043,Bpoints
549551.8105,7817041.598,-9047.55957,Bpoints
549964.3105,7820926.988,-9130.599609,Bpoints
551889.3105,7819087.527,-9044.879883,Bpoints
551751.8105,7818543.199,-9025.580078,Bpoints
549114.3105,7820814.371,-9187.450195,Bpoints
552439.3105,7816778.816,-8925.75,Bpoints
550614.3105,7818224.109,-9056.919922,Bpoints
549476.8105,7818712.129,-9073.450195,Bpoints
549564.3105,7820251.27,-9117.55957,Bpoints
549851.8105,7818712.129,-9046.719727,Bpoints
552439.3105,7818824.75,-9052.160156,Bpoints
549989.3105,7819162.609,-9041.339844,Bpoints
551876.8105,7819031.219,-9043.25,Bpoints
552339.3105,7821171,-9066.980469,Bpoints
548951.8105,7817773.629,-9088.19043,Bpoints
549214.3105,7817886.25,-9082.200195,Bpoints
550351.8105,7820270.039,-8943.400391,Bpoints
552426.8105,7818768.438,-9052.650391,Bpoints
552239.3105,7817492.078,-8976.700195,Bpoints
552239.3105,7817360.688,-8975.280273,Bpoints
551914.3105,7818843.52,-9036.320313,Bpoints
550751.8105,7817004.059,-9049.139648,Bpoints
550614.3105,7819237.688,-8971.740234,Bpoints
550489.3105,7820701.75,-9013.599609,Bpoints
548951.8105,7817548.387,-9064.820313,Bpoints
551289.3105,7818224.109,-9019.480469,Bpoints
548964.3105,7819969.719,-9150.839844,Bpoints
549689.3105,7821827.949,-9184.820313,Bpoints
551114.3105,7816872.668,-9029.480469,Bpoints
552264.3105,7818956.141,-9047.30957,Bpoints
549764.3105,7817698.547,-9076.009766,Bpoints
552064.3105,7817097.91,-8980.919922,Bpoints
551926.8105,7817229.301,-9013.410156,Bpoints
551026.8105,7820438.969,-9031.650391,Bpoints
550076.8105,7820363.887,-9006.070313,Bpoints
551764.3105,7816891.438,-9012.969727,Bpoints
552389.3105,7821302.391,-9073.650391,Bpoints
550814.3105,7817004.059,-9045.450195,Bpoints
549039.3105,7817266.84,-9055.450195,Bpoints
551339.3105,7817548.387,-9029.780273,Bpoints
549001.8105,7821171,-9198.44043,Bpoints
551914.3105,7821621.48,-9055.889648,Bpoints
551539.3105,7817135.449,-9017.929688,Bpoints
551789.3105,7817998.871,-9007.540039,Bpoints
551526.8105,7819275.23,-9047.290039,Bpoints
550614.3105,7817848.711,-9064.360352,Bpoints
549326.8105,7816928.98,-9052.30957,Bpoints
549114.3105,7821527.629,-9194.389648,Bpoints
550051.8105,7816853.898,-9058.419922,Bpoints
549889.3105,7820345.121,-9058.370117,Bpoints
550164.3105,7820363.887,-8972.519531,Bpoints
549051.8105,7819143.84,-9149.290039,Bpoints
550089.3105,7819932.18,-8989.730469,Bpoints
550039.3105,7817567.16,-9066.05957,Bpoints
550126.8105,7818486.891,-9084.389648,Bpoints
548976.8105,7819237.688,-9159.200195,Bpoints
549189.3105,7817679.777,-9046.379883,Bpoints
549064.3105,7818055.18,-9107.400391,Bpoints
552376.8105,7817473.309,-8951.009766,Bpoints
551276.8105,7818693.359,-9022.379883,Bpoints
551251.8105,7818242.879,-9023.530273,Bpoints
551376.8105,7817773.629,-9028.150391,Bpoints
549014.3105,7817604.699,-9058.019531,Bpoints
549564.3105,7821752.867,-9196.019531,Bpoints
552439.3105,7817679.777,-8978.950195,Bpoints
551851.8105,7816985.289,-9005.780273,Bpoints
552439.3105,7820270.039,-9029.910156,Bpoints
549414.3105,7817848.711,-9078.959961,Bpoints
549839.3105,7818993.68,-9062.110352,Bpoints
548951.8105,7820382.66,-9172.429688,Bpoints
549051.8105,7820964.531,-9190.349609,Bpoints
552201.8105,7821152.23,-9078.950195,Bpoints
550101.8105,7820457.738,-9023.55957,Bpoints
549076.8105,7817604.699,-9046.360352,Bpoints
549614.3105,7817923.789,-9091.650391,Bpoints
549789.3105,7816666.199,-9063.790039,Bpoints
549226.8105,7818824.75,-9109.490234,Bpoints
549801.8105,7821734.102,-9185.55957,Bpoints
549014.3105,7817548.387,-9055.740234,Bpoints
551951.8105,7818937.367,-9042.299805,Bpoints
549039.3105,7819932.18,-9154.700195,Bpoints
550614.3105,7817905.02,-9062.879883,Bpoints
551364.3105,7818299.188,-9014.379883,Bpoints
549014.3105,7818505.66,-9131.450195,Bpoints
550614.3105,7817736.09,-9064.740234,Bpoints
550489.3105,7821790.41,-9165.509766,Bpoints
549064.3105,7818824.75,-9132.009766,Bpoints
548901.8105,7819237.688,-9163.290039,Bpoints
552351.8105,7818561.969,-9047.769531,Bpoints
548964.3105,7819106.301,-9147.580078,Bpoints
550414.3105,7819481.699,-8987.780273,Bpoints
551976.8105,7819218.918,-9042.870117,Bpoints
550689.3105,7817004.059,-9053.879883,Bpoints
550839.3105,7821827.949,-9152.780273,Bpoints
551926.8105,7818674.59,-9033.719727,Bpoints
548964.3105,7819012.449,-9140.759766,Bpoints
550614.3105,7820701.75,-9041.400391,Bpoints
550814.3105,7820044.801,-9006.540039,Bpoints
550614.3105,7817022.828,-9054.129883,Bpoints
552201.8105,7818468.117,-9045.570313,Bpoints
549589.3105,7818149.027,-9092.839844,Bpoints
551226.8105,7818824.75,-9027.389648,Bpoints
550614.3105,7816853.898,-9058.450195,Bpoints
551126.8105,7820270.039,-9040.75,Bpoints
549089.3105,7818355.5,-9118.44043,Bpoints
548914.3105,7820570.359,-9183.980469,Bpoints
551539.3105,7818242.879,-9014.879883,Bpoints
550176.8105,7818524.43,-9082.280273,Bpoints
551114.3105,7817304.379,-9017.009766,Bpoints
549076.8105,7818580.738,-9128.419922,Bpoints
551276.8105,7818805.98,-9026.030273,Bpoints
550051.8105,7819031.219,-9057.280273,Bpoints
549714.3105,7817886.25,-9089.950195,Bpoints
552089.3105,7819125.07,-9042.370117,Bpoints
549164.3105,7818637.047,-9124.030273,Bpoints
549501.8105,7818149.027,-9096.410156,Bpoints
550726.8105,7820157.418,-8972.629883,Bpoints
552339.3105,7818937.367,-9046.860352,Bpoints
549889.3105,7818655.82,-9042.849609,Bpoints
551151.8105,7818430.578,-9024.269531,Bpoints
552439.3105,7817417,-8925.129883,Bpoints
551876.8105,7818993.68,-9041.019531,Bpoints
550401.8105,7821208.539,-9123.110352,Bpoints
549901.8105,7819406.617,-9040.549805,Bpoints
551964.3105,7819031.219,-9044.650391,Bpoints
550964.3105,7817266.84,-9022.530273,Bpoints
549251.8105,7817679.777,-9050.230469,Bpoints
548889.3105,7820870.68,-9200.759766,Bpoints
552426.8105,7817792.398,-8988.179688,Bpoints
550939.3105,7817004.059,-9039.700195,Bpoints
549351.8105,7818261.648,-9102.549805,Bpoints
549614.3105,7817585.93,-9050.620117,Bpoints
548889.3105,7821302.391,-9201.709961,Bpoints
551189.3105,7817285.609,-9015.040039,Bpoints
549139.3105,7817604.699,-9036.780273,Bpoints
551289.3105,7818111.488,-9017.120117,Bpoints
549051.8105,7820026.027,-9146.19043,Bpoints
550501.8105,7817829.938,-9069.219727,Bpoints
549214.3105,7821302.391,-9184.639648,Bpoints
550001.8105,7818468.117,-9080.209961,Bpoints
549876.8105,7819688.168,-9051.980469,Bpoints
552339.3105,7816778.816,-8950.429688,Bpoints
552064.3105,7819218.918,-9040.969727,Bpoints
549339.3105,7818674.59,-9097.490234,Bpoints
549389.3105,7816985.289,-9051.150391,Bpoints
550289.3105,7818712.129,-9058.700195,Bpoints
549164.3105,7821452.551,-9187.509766,Bpoints
551014.3105,7820626.668,-9060.55957,Bpoints
552389.3105,7818468.117,-9047.5,Bpoints
550464.3105,7820420.199,-8969.480469,Bpoints
551176.8105,7819894.641,-9046.830078,Bpoints
549939.3105,7816722.508,-9055.719727,Bpoints
551439.3105,7818186.57,-9009.719727,Bpoints
549489.3105,7818787.207,-9073.700195,Bpoints
552339.3105,7818899.828,-9048.110352,Bpoints
549939.3105,7818655.82,-9045.959961,Bpoints
552426.8105,7817379.461,-8930.150391,Bpoints
551226.8105,7817341.918,-9017.349609,Bpoints
551626.8105,7819744.48,-9032.570313,Bpoints
550014.3105,7817604.699,-9070.660156,Bpoints
551314.3105,7818937.367,-9030.519531,Bpoints
549051.8105,7818993.68,-9135.269531,Bpoints
550614.3105,7818111.488,-9058.509766,Bpoints
550114.3105,7818618.281,-9067.599609,Bpoints
551326.8105,7818599.508,-9014.570313,Bpoints
551539.3105,7818036.41,-9007.589844,Bpoints
549076.8105,7818768.438,-9131.120117,Bpoints
548889.3105,7821020.84,-9208.969727,Bpoints
549451.8105,7820401.43,-9145,Bpoints
550614.3105,7816647.43,-9071.429688,Bpoints
552289.3105,7820026.027,-9034.459961,Bpoints
551314.3105,7819575.551,-9037.490234,Bpoints
549151.8105,7818224.109,-9111.030273,Bpoints
549989.3105,7817961.328,-9096.30957,Bpoints
551176.8105,7818693.359,-9030.900391,Bpoints
551839.3105,7818918.598,-9035.339844,Bpoints
549876.8105,7818561.969,-9053.339844,Bpoints
551339.3105,7819312.77,-9042.200195,Bpoints
549289.3105,7820551.59,-9162.5,Bpoints
549914.3105,7819350.309,-9038.129883,Bpoints
551989.3105,7818299.188,-9029.110352,Bpoints
552164.3105,7818899.828,-9045.209961,Bpoints
551139.3105,7820026.027,-9047.400391,Bpoints
549676.8105,7817172.988,-9047.69043,Bpoints
550664.3105,7820082.34,-8969.019531,Bpoints
548926.8105,7818393.039,-9137.620117,Bpoints
550589.3105,7816928.98,-9059.530273,Bpoints
551776.8105,7819106.301,-9039.700195,Bpoints
552076.8105,7818824.75,-9042.44043,Bpoints
551339.3105,7818036.41,-9016.089844,Bpoints
552114.3105,7818993.68,-9043.959961,Bpoints
549364.3105,7820232.5,-9136.299805,Bpoints
549714.3105,7820363.887,-9104.169922,Bpoints
549489.3105,7820420.199,-9143.879883,Bpoints
550601.8105,7818393.039,-9060.849609,Bpoints
549201.8105,7818242.879,-9107.230469,Bpoints
551789.3105,7817717.32,-9019.280273,Bpoints
550664.3105,7818186.57,-9054.400391,Bpoints
551151.8105,7818468.117,-9025.230469,Bpoints
549651.8105,7818599.508,-9067.209961,Bpoints
550614.3105,7816835.129,-9059.150391,Bpoints
550614.3105,7816985.289,-9058.25,Bpoints
549314.3105,7816760.051,-9062.419922,Bpoints
550751.8105,7820119.879,-8987.950195,Bpoints
549451.8105,7818167.797,-9097.990234,Bpoints
549089.3105,7818299.188,-9118.139648,Bpoints
551301.8105,7820889.449,-9102.94043,Bpoints
550201.8105,7817360.688,-9056.730469,Bpoints
549739.3105,7818712.129,-9058.980469,Bpoints
549839.3105,7819331.539,-9045.709961,Bpoints
551126.8105,7818749.668,-9034.540039,Bpoints
549889.3105,7817567.16,-9071.110352,Bpoints
551039.3105,7818881.059,-9036.080078,Bpoints
549489.3105,7818881.059,-9078.290039,Bpoints
549001.8105,7821452.551,-9197.040039,Bpoints
551251.8105,7817304.379,-9013.730469,Bpoints
551639.3105,7820532.82,-9044.509766,Bpoints
552014.3105,7819031.219,-9042.900391,Bpoints
549126.8105,7819932.18,-9151.900391,Bpoints
549576.8105,7816816.359,-9053.990234,Bpoints
550351.8105,7817341.918,-9060.769531,Bpoints
549314.3105,7821002.07,-9179.870117,Bpoints
549301.8105,7819049.988,-9117.610352,Bpoints
549414.3105,7817754.859,-9071.400391,Bpoints
550101.8105,7818843.52,-9050.700195,Bpoints
548901.8105,7818862.289,-9150.400391,Bpoints
549876.8105,7819556.777,-9050.330078,Bpoints
550301.8105,7820476.508,-8983.519531,Bpoints
552201.8105,7818655.82,-9048.740234,Bpoints
551826.8105,7818843.52,-9030.450195,Bpoints
549939.3105,7817567.16,-9069.230469,Bpoints
551239.3105,7819519.238,-9034.719727,Bpoints
550776.8105,7820607.898,-9029.150391,Bpoints
549914.3105,7819744.48,-9045.339844,Bpoints
549151.8105,7818881.059,-9118.969727,Bpoints
549514.3105,7821677.789,-9193.629883,Bpoints
551376.8105,7817961.328,-9017.959961,Bpoints
548989.3105,7818561.969,-9133.830078,Bpoints
548976.8105,7817041.598,-9070.570313,Bpoints
549214.3105,7816778.816,-9067.669922,Bpoints
549789.3105,7821020.84,-9166.370117,Bpoints
548901.8105,7818580.738,-9141.120117,Bpoints
551126.8105,7819988.488,-9043.379883,Bpoints
549901.8105,7818712.129,-9044.589844,Bpoints
549014.3105,7817341.918,-9058.330078,Bpoints
550151.8105,7818561.969,-9077.679688,Bpoints
549951.8105,7819800.789,-9037.480469,Bpoints
549876.8105,7819125.07,-9045.549805,Bpoints
552114.3105,7820682.98,-9058.629883,Bpoints
550639.3105,7816910.207,-9057.299805,Bpoints
549876.8105,7817004.059,-9057.740234,Bpoints
550614.3105,7816797.59,-9062.5,Bpoints
551564.3105,7820307.578,-9031.969727,Bpoints
550726.8105,7820551.59,-9009.730469,Bpoints
549014.3105,7818036.41,-9106.540039,Bpoints
550814.3105,7816666.199,-9056.820313,Bpoints
548901.8105,7818805.98,-9148.80957,Bpoints
550251.8105,7817379.461,-9057.709961,Bpoints
549339.3105,7819031.219,-9114.599609,Bpoints
551314.3105,7817473.309,-9025.910156,Bpoints
550364.3105,7820589.129,-8998.030273,Bpoints
550226.8105,7818787.207,-9050.75,Bpoints
551101.8105,7819894.641,-9037.450195,Bpoints
549364.3105,7817829.938,-9081.259766,Bpoints
551939.3105,7818899.828,-9040.280273,Bpoints
551076.8105,7818618.281,-9039.169922,Bpoints
549226.8105,7818580.738,-9115.69043,Bpoints
550026.8105,7818768.438,-9050.259766,Bpoints
548939.3105,7817736.09,-9087.009766,Bpoints
548989.3105,7820739.289,-9186.589844,Bpoints
552126.8105,7818843.52,-9043.349609,Bpoints
550701.8105,7818186.57,-9052.69043,Bpoints
550439.3105,7820720.52,-9024.75,Bpoints
551239.3105,7819237.688,-9048.269531,Bpoints
552264.3105,7818787.207,-9049.169922,Bpoints
551189.3105,7818899.828,-9032.299805,Bpoints
549451.8105,7819218.918,-9101.889648,Bpoints
552364.3105,7817435.77,-8959.089844,Bpoints
549926.8105,7817736.09,-9084.099609,Bpoints
550951.8105,7820739.289,-9071.259766,Bpoints
549939.3105,7818862.289,-9063.339844,Bpoints
551139.3105,7818805.98,-9032.679688,Bpoints
550676.8105,7818261.648,-9051.360352,Bpoints
548901.8105,7820682.98,-9186.799805,Bpoints
548889.3105,7817360.688,-9080.19043,Bpoints
549851.8105,7820476.508,-9095.240234,Bpoints
551689.3105,7816666.199,-9000.990234,Bpoints
551314.3105,7820007.258,-9054.44043,Bpoints
551226.8105,7820926.988,-9106.240234,Bpoints
552339.3105,7819312.77,-9053.5,Bpoints
550276.8105,7818543.199,-9079.75,Bpoints
551651.8105,7821602.711,-9088.69043,Bpoints
549951.8105,7817248.07,-9059.769531,Bpoints
550489.3105,7817191.758,-9048.240234,Bpoints
550489.3105,7821377.469,-9137.400391,Bpoints
550164.3105,7820889.449,-9093.870117,Bpoints
551876.8105,7821809.18,-9021.709961,Bpoints
550226.8105,7820926.988,-9099.379883,Bpoints
552051.8105,7820044.801,-8967.290039,Bpoints
551076.8105,7820138.648,-9044.209961,Bpoints
549976.8105,7818149.027,-9099.830078,Bpoints
551951.8105,7819744.48,-9008.269531,Bpoints
552389.3105,7819556.777,-9042.650391,Bpoints
550326.8105,7820758.059,-9053.169922,Bpoints
549576.8105,7820457.738,-9138,Bpoints
550164.3105,7818730.898,-9054.969727,Bpoints
549839.3105,7818655.82,-9042.94043,Bpoints
549814.3105,7817642.238,-9075.69043,Bpoints
552039.3105,7819068.758,-9041.879883,Bpoints
551014.3105,7818637.047,-9044.44043,Bpoints
550001.8105,7819857.098,-9021.120117,Bpoints
551489.3105,7817435.77,-9020.830078,Bpoints
551239.3105,7818881.059,-9029.519531,Bpoints
551739.3105,7820551.59,-9040.330078,Bpoints
550476.8105,7821152.23,-9107.759766,Bpoints
550126.8105,7817379.461,-9057.889648,Bpoints
551864.3105,7819218.918,-9037.089844,Bpoints
549939.3105,7817623.469,-9073.349609,Bpoints
551339.3105,7817248.07,-9011.730469,Bpoints
551639.3105,7820589.129,-9051.950195,Bpoints
551114.3105,7818693.359,-9036.719727,Bpoints
549864.3105,7817529.617,-9069.709961,Bpoints
550664.3105,7820044.801,-8975.610352,Bpoints
550201.8105,7817398.227,-9057.450195,Bpoints
549726.8105,7818749.668,-9065.879883,Bpoints
551414.3105,7818205.34,-9010.570313,Bpoints
549301.8105,7820307.578,-9140.830078,Bpoints
550751.8105,7816722.508,-9061.320313,Bpoints
549764.3105,7819631.859,-9073.94043,Bpoints
550614.3105,7821133.457,-9122.700195,Bpoints
549814.3105,7819425.391,-9053.5,Bpoints
551351.8105,7817886.25,-9021.94043,Bpoints
549726.8105,7817079.141,-9055.450195,Bpoints
551351.8105,7818186.57,-9015.030273,Bpoints
551264.3105,7819800.789,-9052.349609,Bpoints
551976.8105,7818224.109,-9025.080078,Bpoints
549876.8105,7817736.09,-9084.019531,Bpoints
551851.8105,7818393.039,-9026.879883,Bpoints
551301.8105,7819218.918,-9046.259766,Bpoints
549826.8105,7816928.98,-9055,Bpoints
549289.3105,7820645.438,-9172.950195,Bpoints
551464.3105,7817867.48,-9023.150391,Bpoints
551164.3105,7817398.227,-9019.150391,Bpoints
550789.3105,7817736.09,-9053.959961,Bpoints
550714.3105,7817623.469,-9052.549805,Bpoints
550651.8105,7820551.59,-9002.070313,Bpoints
551526.8105,7817773.629,-9025.870117,Bpoints
550676.8105,7819049.988,-9004.44043,Bpoints
549876.8105,7817304.379,-9062.379883,Bpoints
549714.3105,7819331.539,-9071.75,Bpoints
550426.8105,7821621.48,-9159.980469,Bpoints
550489.3105,7820758.059,-9033.120117,Bpoints
551589.3105,7817773.629,-9025.650391,Bpoints
551539.3105,7817980.098,-9012.139648,Bpoints
550414.3105,7821152.23,-9113.320313,Bpoints
549589.3105,7819331.539,-9097.75,Bpoints
551651.8105,7819387.852,-9044.759766,Bpoints
550626.8105,7821302.391,-9140.900391,Bpoints
549651.8105,7819294,-9086.349609,Bpoints
549739.3105,7817172.988,-9055.280273,Bpoints
549876.8105,7817679.777,-9078.30957,Bpoints
551276.8105,7821208.539,-9120.959961,Bpoints
551189.3105,7820232.5,-9045.950195,Bpoints
552114.3105,7819387.852,-9035.129883,Bpoints
549414.3105,7819294,-9106.009766,Bpoints
551739.3105,7819932.18,-9012.80957,Bpoints
549201.8105,7818937.367,-9112.610352,Bpoints
551589.3105,7819913.41,-9038.120117,Bpoints
550476.8105,7821208.539,-9118.360352,Bpoints
548876.8105,7820645.438,-9186.709961,Bpoints
551501.8105,7817379.461,-9014.160156,Bpoints
551701.8105,7820551.59,-9042.419922,Bpoints
550389.3105,7817266.84,-9057.910156,Bpoints
552226.8105,7819444.16,-9038.139648,Bpoints
551626.8105,7817266.84,-9007.839844,Bpoints
549939.3105,7817679.777,-9077.799805,Bpoints
550151.8105,7817341.918,-9056.610352,Bpoints
551014.3105,7820157.418,-9037.379883,Bpoints
551414.3105,7817848.711,-9025.480469,Bpoints
549839.3105,7817942.559,-9093.730469,Bpoints
551339.3105,7817285.609,-9012.259766,Bpoints
550726.8105,7820795.598,-9083.919922,Bpoints
551851.8105,7819181.379,-9038.910156,Bpoints
552089.3105,7819068.758,-9041.990234,Bpoints
551626.8105,7821133.457,-9111.209961,Bpoints
549301.8105,7817323.148,-8994.910156,Bpoints
551376.8105,7817661.008,-9033.719727,Bpoints
550226.8105,7818730.898,-9056.580078,Bpoints
551376.8105,7818918.598,-9026.240234,Bpoints
550376.8105,7820739.289,-9040,Bpoints
550226.8105,7818543.199,-9081.139648,Bpoints
551501.8105,7820326.348,-9039.75,Bpoints
550714.3105,7820514.051,-8998.110352,Bpoints
551964.3105,7819125.07,-9045.379883,Bpoints
549976.8105,7819012.449,-9061.030273,Bpoints
550614.3105,7821546.398,-9152.509766,Bpoints
552026.8105,7816778.816,-8982.269531,Bpoints
550339.3105,7817266.84,-9057.429688,Bpoints
550089.3105,7818749.668,-9052.179688,Bpoints
552339.3105,7820607.898,-9044.910156,Bpoints
549839.3105,7820570.359,-9103.160156,Bpoints
549801.8105,7821827.949,-9186.009766,Bpoints
552039.3105,7819350.309,-9040.160156,Bpoints
551289.3105,7818749.668,-9023.969727,Bpoints
549339.3105,7819331.539,-9120.179688,Bpoints
552114.3105,7818899.828,-9044.620117,Bpoints
549814.3105,7817266.84,-9057.839844,Bpoints
551464.3105,7819782.02,-9050.55957,Bpoints
552151.8105,7819481.699,-9026.820313,Bpoints
549614.3105,7816741.277,-9047.519531,Bpoints
551376.8105,7817717.32,-9031.69043,Bpoints
551789.3105,7819744.48,-9020,Bpoints
551626.8105,7820270.039,-9020.200195,Bpoints
548889.3105,7820739.289,-9190.280273,Bpoints
551401.8105,7819744.48,-9050.709961,Bpoints
551301.8105,7818862.289,-9027.780273,Bpoints
548914.3105,7817905.02,-9098.870117,Bpoints
550651.8105,7820176.188,-8946.269531,Bpoints
550364.3105,7821396.238,-9139.950195,Bpoints
549876.8105,7817792.398,-9089.419922,Bpoints
551051.8105,7817341.918,-9015.120117,Bpoints
551039.3105,7818843.52,-9037.290039,Bpoints
550226.8105,7818468.117,-9084.620117,Bpoints
552439.3105,7817942.559,-9006.429688,Bpoints
549939.3105,7817360.688,-9063.69043,Bpoints
552439.3105,7818449.348,-9047.040039,Bpoints
551476.8105,7818017.637,-9011.5,Bpoints
552376.8105,7819350.309,-9053.44043,Bpoints
550489.3105,7817041.598,-9053.860352,Bpoints
551451.8105,7820326.348,-9042.330078,Bpoints
549864.3105,7817961.328,-9094.389648,Bpoints
552151.8105,7817585.93,-8999.790039,Bpoints
551689.3105,7818261.648,-9015.759766,Bpoints
549851.8105,7817135.449,-9057.849609,Bpoints
551614.3105,7817604.699,-9027.089844,Bpoints
550489.3105,7821114.691,-9101.009766,Bpoints
549626.8105,7820476.508,-9132.419922,Bpoints
549789.3105,7817848.711,-9089.69043,Bpoints
552214.3105,7821095.918,-9078.780273,Bpoints
552389.3105,7820551.59,-9045.889648,Bpoints
552051.8105,7819556.777,-9012.910156,Bpoints
551176.8105,7819782.02,-9048.469727,Bpoints
551089.3105,7820082.34,-9044.530273,Bpoints
549539.3105,7817867.48,-9084.429688,Bpoints
549501.8105,7820514.051,-9148.049805,Bpoints
549501.8105,7819162.609,-9102.719727,Bpoints
549001.8105,7820607.898,-9186.169922,Bpoints
550489.3105,7820401.43,-8971.669922,Bpoints
550126.8105,7816816.359,-9060.269531,Bpoints
549114.3105,7821020.84,-9186.469727,Bpoints
551864.3105,7821565.168,-9069.650391,Bpoints
549264.3105,7818937.367,-9107.5,Bpoints
551651.8105,7817417,-9014.25,Bpoints
550664.3105,7820101.109,-8964.719727,Bpoints
550489.3105,7820101.109,-8940.339844,Bpoints
549164.3105,7818674.59,-9124.629883,Bpoints
552164.3105,7817998.871,-9019.459961,Bpoints
551576.8105,7819049.988,-9035.610352,Bpoints
551739.3105,7817323.148,-9004.990234,Bpoints
550364.3105,7817079.141,-9053.740234,Bpoints
552276.8105,7820251.27,-9007.240234,Bpoints
552264.3105,7819275.23,-9049.969727,Bpoints
549464.3105,7819369.078,-9105,Bpoints
551901.8105,7816760.051,-8997.429688,Bpoints
550489.3105,7819706.938,-8977.080078,Bpoints
549914.3105,7818186.57,-9095.019531,Bpoints
549901.8105,7819894.641,-9050.679688,Bpoints
551514.3105,7820363.887,-9046.259766,Bpoints
549726.8105,7817135.449,-9054.969727,Bpoints
550364.3105,7821152.23,-9117.889648,Bpoints
552214.3105,7819275.23,-9044.969727,Bpoints
551326.8105,7818674.59,-9017.879883,Bpoints
550439.3105,7821415.008,-9141.570313,Bpoints
552251.8105,7820326.348,-9001.80957,Bpoints
552239.3105,7817961.328,-9018.75,Bpoints
549851.8105,7819294,-9044.629883,Bpoints
550414.3105,7817116.68,-9052.139648,Bpoints
550614.3105,7821752.867,-9162.530273,Bpoints
548889.3105,7817848.711,-9092.360352,Bpoints
551526.8105,7819950.949,-9042.660156,Bpoints
551814.3105,7817492.078,-9008.919922,Bpoints
551839.3105,7819838.328,-9018.169922,Bpoints
549614.3105,7821321.16,-9175.620117,Bpoints
549639.3105,7819932.18,-9098.209961,Bpoints
552101.8105,7819688.168,-9010.519531,Bpoints
550839.3105,7821490.09,-9139.450195,Bpoints
549764.3105,7820457.738,-9113.400391,Bpoints
550714.3105,7821546.398,-9146.549805,Bpoints
550489.3105,7819294,-8972.799805,Bpoints
549314.3105,7818092.719,-9101.639648,Bpoints
551839.3105,7820138.648,-8960.490234,Bpoints
551401.8105,7820307.578,-9042.719727,Bpoints
549476.8105,7818261.648,-9094.330078,Bpoints
551314.3105,7817154.219,-9017.410156,Bpoints
551326.8105,7821621.48,-9116.419922,Bpoints
551214.3105,7821583.941,-9122.099609,Bpoints
552089.3105,7816797.59,-8982.629883,Bpoints
549364.3105,7820176.188,-9138.19043,Bpoints
549264.3105,7818055.18,-9102.769531,Bpoints
551364.3105,7818543.199,-9012.80957,Bpoints
549739.3105,7819913.41,-9082.759766,Bpoints
550451.8105,7817323.148,-9060.620117,Bpoints
549176.8105,7819819.559,-9151.610352,Bpoints
552451.8105,7820063.57,-9023.5,Bpoints
549826.8105,7818242.879,-9090.379883,Bpoints
550376.8105,7816947.75,-9064.040039,Bpoints
549289.3105,7819613.09,-9136.169922,Bpoints
551214.3105,7819012.449,-9035.120117,Bpoints
552026.8105,7820476.508,-9008.080078,Bpoints
551839.3105,7819744.48,-9019.389648,Bpoints
551201.8105,7819838.328,-9050.160156,Bpoints
551476.8105,7818580.738,-9015.480469,Bpoints
551189.3105,7820044.801,-9052.820313,Bpoints
551901.8105,7819800.789,-9013.450195,Bpoints
552439.3105,7817060.367,-8875.459961,Bpoints
549151.8105,7819857.098,-9152.400391,Bpoints
550939.3105,7821246.078,-9124.129883,Bpoints
550014.3105,7820138.648,-9011.759766,Bpoints
549351.8105,7818092.719,-9098.959961,Bpoints
552301.8105,7820082.34,-9020.259766,Bpoints
550026.8105,7821227.309,-9146.80957,Bpoints
551714.3105,7818411.809,-9017.19043,Bpoints
552126.8105,7819181.379,-9043.870117,Bpoints
552439.3105,7820514.051,-9047.019531,Bpoints
549689.3105,7820476.508,-9125.990234,Bpoints
549439.3105,7819857.098,-9130.129883,Bpoints
550726.8105,7821621.48,-9152.330078,Bpoints
549426.8105,7818224.109,-9097.639648,Bpoints
550451.8105,7820476.508,-8973.919922,Bpoints
551776.8105,7820176.188,-8967.379883,Bpoints
551964.3105,7819913.41,-8997.209961,Bpoints
549726.8105,7819575.551,-9079.200195,Bpoints
549776.8105,7817754.859,-9081.55957,Bpoints
552101.8105,7819782.02,-9010.129883,Bpoints
548926.8105,7818130.258,-9115.870117,Bpoints
551551.8105,7819481.699,-9039.240234,Bpoints
550176.8105,7820514.051,-9015.629883,Bpoints
549739.3105,7817567.16,-9068.759766,Bpoints
551989.3105,7820213.73,-8955.089844,Bpoints
551964.3105,7821508.859,-9080.969727,Bpoints
552176.8105,7820589.129,-9034,Bpoints
549926.8105,7817492.078,-9065.990234,Bpoints
549864.3105,7818317.957,-9087.830078,Bpoints
550964.3105,7820363.887,-9011.620117,Bpoints
552389.3105,7820645.438,-9054.469727,Bpoints
550439.3105,7820589.129,-8985.360352,Bpoints
551601.8105,7819387.852,-9042.419922,Bpoints
551764.3105,7819350.309,-9041.05957,Bpoints
551114.3105,7821077.148,-9126.259766,Bpoints
551076.8105,7818561.969,-9037.259766,Bpoints
550426.8105,7816966.52,-9062.219727,Bpoints
550614.3105,7820607.898,-9014.69043,Bpoints
550351.8105,7820420.199,-8965.469727,Bpoints
551214.3105,7821208.539,-9127.570313,Bpoints
552339.3105,7819444.16,-9050.139648,Bpoints
551939.3105,7818468.117,-9035.400391,Bpoints
551814.3105,7817529.617,-9010.610352,Bpoints
551839.3105,7820682.98,-9055.450195,Bpoints
549989.3105,7817717.32,-9081.69043,Bpoints
552389.3105,7819688.168,-9032.900391,Bpoints
551739.3105,7819650.629,-9027.919922,Bpoints
550751.8105,7817961.328,-9048.040039,Bpoints
549514.3105,7819500.469,-9102.740234,Bpoints
549051.8105,7820664.211,-9186.049805,Bpoints
551389.3105,7821546.398,-9112.459961,Bpoints
550164.3105,7818805.98,-9049.620117,Bpoints
549614.3105,7817848.711,-9084.900391,Bpoints
552026.8105,7819162.609,-9042.240234,Bpoints
550151.8105,7817285.609,-9056.969727,Bpoints
550889.3105,7821452.551,-9137.129883,Bpoints
550289.3105,7817285.609,-9057.679688,Bpoints
549226.8105,7819650.629,-9143.660156,Bpoints
551239.3105,7820138.648,-9054.370117,Bpoints
552276.8105,7819613.09,-9044.620117,Bpoints
551514.3105,7817323.148,-9010.480469,Bpoints
551851.8105,7821264.848,-9096.929688,Bpoints
550276.8105,7817191.758,-9051.769531,Bpoints
551176.8105,7818637.047,-9031.070313,Bpoints
551651.8105,7819988.488,-9010.759766,Bpoints
550001.8105,7821715.328,-9185.719727,Bpoints
550064.3105,7820157.418,-8991.009766,Bpoints
549401.8105,7819613.09,-9124.820313,Bpoints
550151.8105,7821827.949,-9174.950195,Bpoints
549276.8105,7819838.328,-9143.570313,Bpoints
550501.8105,7819369.078,-8975.169922,Bpoints
550489.3105,7821583.941,-9156.980469,Bpoints
552214.3105,7818561.969,-9047.410156,Bpoints
550414.3105,7819538.008,-8984.55957,Bpoints
550451.8105,7820664.211,-9005.160156,Bpoints
549989.3105,7818280.418,-9091.339844,Bpoints
551726.8105,7819237.688,-9044.200195,Bpoints
551526.8105,7817848.711,-9022.089844,Bpoints
550301.8105,7821715.328,-9159.400391,Bpoints
551451.8105,7819950.949,-9051.480469,Bpoints
551676.8105,7819650.629,-9030.150391,Bpoints
550689.3105,7819237.688,-8988.120117,Bpoints
550764.3105,7819162.609,-8993.44043,Bpoints
550714.3105,7820307.578,-8950.759766,Bpoints
550464.3105,7820251.27,-8934.040039,Bpoints
551376.8105,7821790.41,-9105.570313,Bpoints
550614.3105,7820964.531,-9097.299805,Bpoints
550501.8105,7821039.609,-9088.950195,Bpoints
551576.8105,7821827.949,-9067.110352,Bpoints
551364.3105,7820213.73,-9044.459961,Bpoints
550089.3105,7817304.379,-9057.839844,Bpoints
550739.3105,7819218.918,-8992.179688,Bpoints
550651.8105,7820307.578,-8952.589844,Bpoints
550464.3105,7820945.758,-9075.019531,Bpoints
550001.8105,7817905.02,-9095.509766,Bpoints
551239.3105,7820438.969,-9061.509766,Bpoints
552401.8105,7819932.18,-9019.509766,Bpoints
551376.8105,7820626.668,-9079.139648,Bpoints
549976.8105,7817679.777,-9077.929688,Bpoints
551964.3105,7819068.758,-9045.080078,Bpoints
550664.3105,7818993.68,-9017.230469,Bpoints
549751.8105,7817304.379,-9051.540039,Bpoints
549526.8105,7821039.609,-9165.379883,Bpoints
551539.3105,7818749.668,-9011.25,Bpoints
549714.3105,7819294,-9071.679688,Bpoints
550426.8105,7821659.02,-9161.799805,Bpoints
551589.3105,7817811.168,-9024.580078,Bpoints
550414.3105,7821095.918,-9103.830078,Bpoints
551651.8105,7819350.309,-9045.790039,Bpoints
551014.3105,7820101.109,-9038.490234,Bpoints
549939.3105,7817792.398,-9090.049805,Bpoints
551276.8105,7821246.078,-9122.540039,Bpoints
550489.3105,7821546.398,-9155.169922,Bpoints
551589.3105,7819950.949,-9031.519531,Bpoints
550476.8105,7821246.078,-9124.030273,Bpoints
549814.3105,7817304.379,-9058.790039,Bpoints
552214.3105,7818524.43,-9046.580078,Bpoints
552339.3105,7820645.438,-9050.110352,Bpoints
552014.3105,7818993.68,-9043.55957,Bpoints
549201.8105,7818130.258,-9105.759766,Bpoints
549614.3105,7820589.129,-9132.540039,Bpoints
550439.3105,7820626.668,-8995.290039,Bpoints
549789.3105,7819932.18,-9076.540039,Bpoints
551276.8105,7818637.047,-9021.120117,Bpoints
551639.3105,7820363.887,-9032.44043,Bpoints
548951.8105,7820645.438,-9185.209961,Bpoints
549976.8105,7818242.879,-9093.849609,Bpoints
551726.8105,7819200.148,-9043.129883,Bpoints
551514.3105,7818280.418,-9017.629883,Bpoints
548939.3105,7820814.371,-9193.830078,Bpoints
551326.8105,7820570.359,-9074.820313,Bpoints
551501.8105,7820438.969,-9058.94043,Bpoints
552289.3105,7816891.438,-8946.610352,Bpoints
550764.3105,7821546.398,-9142.280273,Bpoints
549701.8105,7819387.852,-9075.219727,Bpoints
551676.8105,7819613.09,-9031.980469,Bpoints
549664.3105,7820345.121,-9109.860352,Bpoints
550839.3105,7820570.359,-9024.009766,Bpoints
551889.3105,7819275.23,-9036.120117,Bpoints
550689.3105,7819200.148,-8984.679688,Bpoints
551589.3105,7820532.82,-9050.19043,Bpoints
551426.8105,7821752.867,-9098.25,Bpoints
552289.3105,7817135.449,-8946.030273,Bpoints
550714.3105,7820270.039,-8949.009766,Bpoints
550614.3105,7821846.719,-9164.320313,Bpoints
550026.8105,7818411.809,-9086.240234,Bpoints
551101.8105,7818937.367,-9034.75,Bpoints
551989.3105,7821002.07,-9084.009766,Bpoints
550614.3105,7820870.68,-9082.320313,Bpoints
550114.3105,7817248.07,-9057.839844,Bpoints
552014.3105,7819875.867,-9001.620117,Bpoints
551626.8105,7817360.688,-9009.719727,Bpoints
551576.8105,7821790.41,-9067.44043,Bpoints
552226.8105,7817097.91,-8947.830078,Bpoints
551364.3105,7820251.27,-9042.269531,Bpoints
550064.3105,7817341.918,-9057.820313,Bpoints
549664.3105,7819613.09,-9090.799805,Bpoints
551226.8105,7818749.668,-9025.660156,Bpoints
549376.8105,7819200.148,-9103.910156,Bpoints
550514.3105,7818036.41,-9069.320313,Bpoints
550501.8105,7817923.789,-9068.360352,Bpoints
550501.8105,7819237.688,-8969.009766,Bpoints
550464.3105,7820983.297,-9079.709961,Bpoints
549951.8105,7817905.02,-9095.490234,Bpoints
551239.3105,7820476.508,-9066.139648,Bpoints
552389.3105,7816966.52,-8898.990234,Bpoints
549601.8105,7817661.008,-9057.150391,Bpoints
551389.3105,7819894.641,-9055.730469,Bpoints
550701.8105,7820795.598,-9084,Bpoints
550851.8105,7820363.887,-8980.429688,Bpoints
551664.3105,7817792.398,-9027.55957,Bpoints
550014.3105,7817661.008,-9076.610352,Bpoints
549801.8105,7818655.82,-9045.459961,Bpoints
551314.3105,7820532.82,-9072.900391,Bpoints
551164.3105,7821246.078,-9132.419922,Bpoints
551526.8105,7819763.25,-9044.980469,Bpoints
552239.3105,7818092.719,-9037.860352,Bpoints
549826.8105,7817679.777,-9077.75,Bpoints
550414.3105,7820739.289,-9034.44043,Bpoints
550726.8105,7820607.898,-9028.200195,Bpoints
550639.3105,7819556.777,-9005.240234,Bpoints
550651.8105,7820514.051,-8992.519531,Bpoints
551751.8105,7818393.039,-9018.009766,Bpoints
551164.3105,7821077.148,-9122.980469,Bpoints
552026.8105,7819106.301,-9042.280273,Bpoints
550751.8105,7817717.32,-9054.509766,Bpoints
552339.3105,7819650.629,-9037.69043,Bpoints
551776.8105,7818317.957,-9018.009766,Bpoints
550839.3105,7820645.438,-9044.009766,Bpoints
549389.3105,7817698.547,-9066.75,Bpoints
549639.3105,7817661.008,-9061.839844,Bpoints
551514.3105,7821283.617,-9119.950195,Bpoints
550414.3105,7821039.609,-9094.370117,Bpoints
551076.8105,7820044.801,-9041.370117,Bpoints
551176.8105,7820176.188,-9049.349609,Bpoints
551726.8105,7820138.648,-8972.110352,Bpoints
551039.3105,7818599.508,-9041.179688,Bpoints
552164.3105,7819312.77,-9039.299805,Bpoints
549326.8105,7819650.629,-9133.730469,Bpoints
549651.8105,7819331.539,-9086.259766,Bpoints
551464.3105,7817811.168,-9025.929688,Bpoints
549964.3105,7819875.867,-9032.629883,Bpoints
549576.8105,7819462.93,-9096.44043,Bpoints
550651.8105,7820270.039,-8947.080078,Bpoints
552451.8105,7817886.25,-8995.320313,Bpoints
552076.8105,7821583.941,-9034.870117,Bpoints
552139.3105,7817698.547,-9012.730469,Bpoints
551451.8105,7821452.551,-9111.44043,Bpoints
552076.8105,7818899.828,-9044.589844,Bpoints
551964.3105,7818017.637,-9006.889648,Bpoints
552439.3105,7819725.711,-9031.660156,Bpoints
550464.3105,7821058.379,-9091.419922,Bpoints
551201.8105,7817229.301,-9015.549805,Bpoints
550739.3105,7819275.23,-9000.19043,Bpoints
550276.8105,7820720.52,-9053.549805,Bpoints
550826.8105,7821246.078,-9134.730469,Bpoints
552439.3105,7817341.918,-8926.360352,Bpoints
551326.8105,7820420.199,-9064.379883,Bpoints
549514.3105,7819556.777,-9108.349609,Bpoints
550189.3105,7821020.84,-9120.589844,Bpoints
551801.8105,7817867.48,-9022.660156,Bpoints
551726.8105,7819706.938,-9024.129883,Bpoints
552289.3105,7818073.949,-9036,Bpoints
551101.8105,7820476.508,-9052.150391,Bpoints
551076.8105,7818899.828,-9034.990234,Bpoints
552264.3105,7819481.699,-9045.599609,Bpoints
551339.3105,7818805.98,-9024.679688,Bpoints
551939.3105,7816853.898,-9002.349609,Bpoints
550026.8105,7818749.668,-9050.139648,Bpoints
550026.8105,7819068.758,-9053.910156,Bpoints
552351.8105,7820026.027,-9028.160156,Bpoints
548889.3105,7817961.328,-9106.879883,Bpoints
552014.3105,7821677.789,-9038.110352,Bpoints
549726.8105,7817848.711,-9087.05957,Bpoints
552214.3105,7819782.02,-9017.469727,Bpoints
552376.8105,7817736.09,-8986.360352,Bpoints
549551.8105,7817585.93,-9043.570313,Bpoints
551151.8105,7817229.301,-9018.759766,Bpoints
550614.3105,7821809.18,-9164.099609,Bpoints
551276.8105,7817435.77,-9023.129883,Bpoints
550626.8105,7817172.988,-9037.900391,Bpoints
550051.8105,7818618.281,-9062.05957,Bpoints
551464.3105,7819857.098,-9054.700195,Bpoints
549439.3105,7818505.66,-9090.259766,Bpoints
551289.3105,7819725.711,-9050.620117,Bpoints
549664.3105,7816647.43,-9048.719727,Bpoints
550776.8105,7821039.609,-9117.150391,Bpoints
550389.3105,7820870.68,-9073.950195,Bpoints
551239.3105,7820082.34,-9055.75,Bpoints
552001.8105,7819706.938,-9005.580078,Bpoints
549551.8105,7820551.59,-9142.320313,Bpoints
551426.8105,7818055.18,-9012.490234,Bpoints
552126.8105,7817961.328,-9012.05957,Bpoints
552026.8105,7821152.23,-9086.639648,Bpoints
552014.3105,7817980.098,-9010.25,Bpoints
552001.8105,7820082.34,-8960.990234,Bpoints
552451.8105,7817248.07,-8912.349609,Bpoints
551776.8105,7817360.688,-9003.599609,Bpoints
549226.8105,7819369.078,-9136.69043,Bpoints
549426.8105,7819218.918,-9101.5,Bpoints
551514.3105,7817661.008,-9032.839844,Bpoints
551926.8105,7817454.539,-8998.69043,Bpoints
551726.8105,7817604.699,-9020.419922,Bpoints
550739.3105,7820026.027,-8995.320313,Bpoints
550239.3105,7817266.84,-9055.650391,Bpoints
552201.8105,7820232.5,-8987.44043,Bpoints
550739.3105,7820063.57,-8992.450195,Bpoints
552451.8105,7820363.887,-9032.580078,Bpoints
549051.8105,7819800.789,-9158.849609,Bpoints
549764.3105,7819406.617,-9061.450195,Bpoints
549576.8105,7818261.648,-9093.019531,Bpoints
549201.8105,7819875.867,-9148.450195,Bpoints
549639.3105,7819500.469,-9091.019531,Bpoints
551439.3105,7821321.16,-9118.219727,Bpoints
551564.3105,7817623.469,-9030.660156,Bpoints
551476.8105,7817754.859,-9028.700195,Bpoints
551251.8105,7820607.898,-9076.780273,Bpoints
551251.8105,7819875.867,-9052.660156,Bpoints
552101.8105,7820194.961,-8967.650391,Bpoints
550839.3105,7820401.43,-8984.730469,Bpoints
550501.8105,7820270.039,-8939.120117,Bpoints
551389.3105,7818242.879,-9011.80957,Bpoints
549264.3105,7820401.43,-9147.790039,Bpoints
549564.3105,7819125.07,-9095.55957,Bpoints
551426.8105,7817773.629,-9029.040039,Bpoints
551614.3105,7819650.629,-9035.849609,Bpoints
550426.8105,7819406.617,-8987.459961,Bpoints
551076.8105,7819988.488,-9036.919922,Bpoints
549026.8105,7817942.559,-9098.75,Bpoints
550464.3105,7817154.219,-9048.709961,Bpoints
551389.3105,7821208.539,-9117.650391,Bpoints
550076.8105,7817229.301,-9058.019531,Bpoints
550039.3105,7818824.75,-9052.419922,Bpoints
550989.3105,7821583.941,-9119.730469,Bpoints
551451.8105,7820382.66,-9054.700195,Bpoints
551576.8105,7819200.148,-9048.730469,Bpoints
551926.8105,7817661.008,-9011.860352,Bpoints
549714.3105,7821471.32,-9177.099609,Bpoints
550651.8105,7820645.438,-9034.019531,Bpoints
549514.3105,7819875.867,-9120.230469,Bpoints
550414.3105,7817191.758,-9053.610352,Bpoints
550776.8105,7821452.551,-9142.990234,Bpoints
549076.8105,7817116.68,-9052.480469,Bpoints
550076.8105,7821227.309,-9143.629883,Bpoints
551526.8105,7819857.098,-9049.400391,Bpoints
549601.8105,7817717.32,-9063.959961,Bpoints
550726.8105,7820232.5,-8956.05957,Bpoints
551451.8105,7820532.82,-9071.269531,Bpoints
549876.8105,7818411.809,-9081.200195,Bpoints
551164.3105,7821452.551,-9128.469727,Bpoints
552451.8105,7819387.852,-9055.110352,Bpoints
551389.3105,7820589.129,-9076.700195,Bpoints
549876.8105,7817398.227,-9066.049805,Bpoints
551801.8105,7818937.367,-9036.55957,Bpoints
549326.8105,7820138.648,-9142.240234,Bpoints
549951.8105,7819913.41,-9036.509766,Bpoints
549589.3105,7817529.617,-9040.830078,Bpoints
552276.8105,7818561.969,-9048.19043,Bpoints
550039.3105,7818261.648,-9094.679688,Bpoints
551539.3105,7817398.227,-9013.080078,Bpoints
552164.3105,7819782.02,-9014.75,Bpoints
552226.8105,7820626.668,-9043.910156,Bpoints
551726.8105,7817886.25,-9025.660156,Bpoints
550201.8105,7820645.438,-9051.05957,Bpoints
551139.3105,7818862.289,-9033.530273,Bpoints
549814.3105,7817191.758,-9058.709961,Bpoints
550939.3105,7821621.48,-9127.330078,Bpoints
549526.8105,7819406.617,-9099.299805,Bpoints
552289.3105,7820457.738,-9022.879883,Bpoints
549564.3105,7819594.32,-9104.69043,Bpoints
550951.8105,7821152.23,-9119.429688,Bpoints
551176.8105,7818580.738,-9029.200195,Bpoints
552101.8105,7820814.371,-9064.719727,Bpoints
551589.3105,7817529.617,-9024.719727,Bpoints
550126.8105,7816778.816,-9059.339844,Bpoints
552351.8105,7820420.199,-9029.900391,Bpoints
551001.8105,7821790.41,-9135.540039,Bpoints
549564.3105,7821358.699,-9176.650391,Bpoints
549939.3105,7821396.238,-9173.509766,Bpoints
549689.3105,7819519.238,-9083.330078,Bpoints
549051.8105,7820382.66,-9168.280273,Bpoints
550014.3105,7817229.301,-9058.150391,Bpoints
552439.3105,7819969.719,-9025.160156,Bpoints
549451.8105,7819462.93,-9108.509766,Bpoints
550601.8105,7817285.609,-9046.30957,Bpoints
550439.3105,7820044.801,-8946.099609,Bpoints
550201.8105,7821302.391,-9151.25,Bpoints
550189.3105,7821508.859,-9155.419922,Bpoints
552114.3105,7820739.289,-9063.480469,Bpoints
551151.8105,7821546.398,-9124.080078,Bpoints
550664.3105,7817923.789,-9058.049805,Bpoints
550051.8105,7817398.227,-9058.219727,Bpoints
551701.8105,7819838.328,-9025.370117,Bpoints
552139.3105,7818055.18,-9023.980469,Bpoints
550339.3105,7821227.309,-9127.969727,Bpoints
551001.8105,7821377.469,-9130.459961,Bpoints
550464.3105,7820870.68,-9064.490234,Bpoints
549764.3105,7820532.82,-9116.490234,Bpoints
551351.8105,7820889.449,-9103.419922,Bpoints
551064.3105,7820908.219,-9101.900391,Bpoints
550139.3105,7816647.43,-9060.769531,Bpoints
551714.3105,7819125.07,-9040.299805,Bpoints
550676.8105,7817529.617,-9049.05957,Bpoints
552164.3105,7817172.988,-8976.540039,Bpoints
552439.3105,7820119.879,-9024.040039,Bpoints
549439.3105,7820476.508,-9149.469727,Bpoints
549176.8105,7820457.738,-9168.19043,Bpoints
551451.8105,7818092.719,-9009.839844,Bpoints
549314.3105,7820945.758,-9181.660156,Bpoints
551114.3105,7819857.098,-9040.69043,Bpoints
549901.8105,7821790.41,-9188.769531,Bpoints
551701.8105,7818561.969,-9021.469727,Bpoints
552351.8105,7818036.41,-9027.19043,Bpoints
552439.3105,7819519.238,-9044.259766,Bpoints
551114.3105,7818637.047,-9036.570313,Bpoints
552176.8105,7818055.18,-9028.540039,Bpoints
549951.8105,7818712.129,-9045.910156,Bpoints
550489.3105,7816891.438,-9060.530273,Bpoints
551176.8105,7818749.668,-9029.570313,Bpoints
549989.3105,7818899.828,-9061.679688,Bpoints
549814.3105,7817736.09,-9082.200195,Bpoints
551801.8105,7819650.629,-9027.370117,Bpoints
551301.8105,7820251.27,-9045.410156,Bpoints
551376.8105,7818055.18,-9015.540039,Bpoints
552389.3105,7817848.711,-8992.429688,Bpoints
549526.8105,7818224.109,-9095.419922,Bpoints
551539.3105,7817942.559,-9015.259766,Bpoints
549839.3105,7820889.449,-9142.679688,Bpoints
550789.3105,7820532.82,-9010.419922,Bpoints
551526.8105,7817811.168,-9023.839844,Bpoints
550614.3105,7820101.109,-8950.259766,Bpoints
549689.3105,7821002.07,-9164.370117,Bpoints
550776.8105,7819237.688,-8998.950195,Bpoints
551664.3105,7817886.25,-9025.650391,Bpoints
549201.8105,7818974.91,-9115.480469,Bpoints
551326.8105,7821827.949,-9113.5,Bpoints
552339.3105,7817229.301,-8944.849609,Bpoints
549226.8105,7816947.75,-9054.44043,Bpoints
551451.8105,7819913.41,-9054.179688,Bpoints
550601.8105,7817248.07,-9043.089844,Bpoints
549551.8105,7819875.867,-9113.240234,Bpoints
550589.3105,7817154.219,-9039.740234,Bpoints
551539.3105,7817886.25,-9019.519531,Bpoints
549789.3105,7818974.91,-9070.990234,Bpoints
549776.8105,7819294,-9055.980469,Bpoints
549476.8105,7819763.25,-9125.19043,Bpoints
550389.3105,7817323.148,-9060.94043,Bpoints
551551.8105,7817717.32,-9028.709961,Bpoints
550614.3105,7821715.328,-9161.169922,Bpoints
552451.8105,7816966.52,-8878.169922,Bpoints
549589.3105,7819294,-9098.740234,Bpoints
551851.8105,7817980.098,-9010.179688,Bpoints
551089.3105,7818824.75,-9035.299805,Bpoints
550951.8105,7820701.75,-9064.790039,Bpoints
551651.8105,7817829.938,-9027.320313,Bpoints
548889.3105,7820926.988,-9204.570313,Bpoints
549376.8105,7819237.688,-9104.709961,Bpoints
550851.8105,7820532.82,-9017.780273,Bpoints
552339.3105,7817191.758,-8941.400391,Bpoints
550314.3105,7820626.668,-9021.769531,Bpoints
550614.3105,7817229.301,-9040.820313,Bpoints
551364.3105,7819688.168,-9047.44043,Bpoints
549751.8105,7817266.84,-9052.419922,Bpoints
552239.3105,7820044.801,-9016.179688,Bpoints
549614.3105,7820570.359,-9132.830078,Bpoints
551601.8105,7817717.32,-9027.580078,Bpoints
552039.3105,7818336.73,-9032.049805,Bpoints
551739.3105,7818092.719,-9000.94043,Bpoints
552126.8105,7820532.82,-9018.070313,Bpoints
550614.3105,7818017.637,-9058.919922,Bpoints
550726.8105,7821152.23,-9135.099609,Bpoints
549751.8105,7821152.23,-9177.25,Bpoints
549139.3105,7818974.91,-9124.379883,Bpoints
552389.3105,7817022.828,-8891.759766,Bpoints
550764.3105,7820307.578,-8958.160156,Bpoints
550639.3105,7819706.938,-9009.910156,Bpoints
551064.3105,7821039.609,-9123.259766,Bpoints
549889.3105,7817848.711,-9093.269531,Bpoints
550076.8105,7820945.758,-9117.269531,Bpoints
552389.3105,7818073.949,-9025.280273,Bpoints
549414.3105,7818317.957,-9095.629883,Bpoints
551889.3105,7817510.848,-9005.629883,Bpoints
550776.8105,7820495.281,-9001.150391,Bpoints
550501.8105,7819481.699,-8974.870117,Bpoints
549464.3105,7817435.77,-9012.080078,Bpoints
551264.3105,7821058.379,-9113.040039,Bpoints
551789.3105,7817642.238,-9016.599609,Bpoints
552239.3105,7820157.418,-8998.540039,Bpoints
549176.8105,7819444.16,-9140.169922,Bpoints
549626.8105,7820251.27,-9105.469727,Bpoints
549714.3105,7818374.27,-9083.860352,Bpoints
549089.3105,7817154.219,-9046.509766,Bpoints
551689.3105,7818524.43,-9020.69043,Bpoints
549001.8105,7820176.188,-9151.370117,Bpoints
550739.3105,7819462.93,-9013.080078,Bpoints
549989.3105,7821565.168,-9187.110352,Bpoints
549826.8105,7819650.629,-9061.610352,Bpoints
552451.8105,7817154.219,-8889.360352,Bpoints
552376.8105,7816872.668,-8929.009766,Bpoints
549739.3105,7819012.449,-9068.599609,Bpoints
552076.8105,7820495.281,-9009.459961,Bpoints
551676.8105,7820795.598,-9077.110352,Bpoints
552189.3105,7819200.148,-9046.55957,Bpoints
550251.8105,7821696.559,-9159.900391,Bpoints
552289.3105,7817679.777,-9005.389648,Bpoints
550439.3105,7820194.961,-8931.25,Bpoints
552176.8105,7817792.398,-9017.429688,Bpoints
552276.8105,7817942.559,-9014.139648,Bpoints
551901.8105,7819725.711,-9015.070313,Bpoints
549351.8105,7819763.25,-9137.389648,Bpoints
549926.8105,7819125.07,-9045.629883,Bpoints
549776.8105,7818768.438,-9064.209961,Bpoints
552389.3105,7820326.348,-9026.799805,Bpoints
551726.8105,7817773.629,-9025.790039,Bpoints
549376.8105,7819838.328,-9135.799805,Bpoints
551064.3105,7821827.949,-9126.400391,Bpoints
551576.8105,7818730.898,-9011.230469,Bpoints
551026.8105,7820532.82,-9049.25,Bpoints
550001.8105,7817341.918,-9060.099609,Bpoints
549876.8105,7816835.129,-9057.870117,Bpoints
551101.8105,7821452.551,-9127.679688,Bpoints
551726.8105,7817811.168,-9027.040039,Bpoints
549801.8105,7821677.789,-9183.129883,Bpoints
549964.3105,7821020.84,-9139.870117,Bpoints
552151.8105,7820138.648,-8978.889648,Bpoints
549714.3105,7817398.227,-9046.740234,Bpoints
551926.8105,7820964.531,-9081.610352,Bpoints
551664.3105,7818224.109,-9014.459961,Bpoints
552276.8105,7820645.438,-9047.69043,Bpoints
551801.8105,7818261.648,-9017.450195,Bpoints
548889.3105,7819369.078,-9160.879883,Bpoints
548876.8105,7817022.828,-9085.69043,Bpoints
549301.8105,7819294,-9122.919922,Bpoints
551689.3105,7820983.297,-9096.19043,Bpoints
551514.3105,7819012.449,-9032.980469,Bpoints
550889.3105,7821077.148,-9114.330078,Bpoints
549414.3105,7817567.16,-9045.240234,Bpoints
549701.8105,7819087.527,-9067.25,Bpoints
551514.3105,7817266.84,-9010.719727,Bpoints
549414.3105,7817604.699,-9052.790039,Bpoints
551189.3105,7820138.648,-9051.950195,Bpoints
551926.8105,7819218.918,-9040.830078,Bpoints
549076.8105,7820476.508,-9177.400391,Bpoints
550989.3105,7821283.617,-9126.240234,Bpoints
551314.3105,7818993.68,-9033.929688,Bpoints
551501.8105,7819181.379,-9047.879883,Bpoints
550126.8105,7816985.289,-9048.419922,Bpoints
551726.8105,7819613.09,-9030.820313,Bpoints
551451.8105,7819049.988,-9036.820313,Bpoints
551951.8105,7818524.43,-9036.099609,Bpoints
552451.8105,7820664.211,-9059.030273,Bpoints
549326.8105,7818355.5,-9106.490234,Bpoints
550476.8105,7819613.09,-8974.990234,Bpoints
551889.3105,7820682.98,-9051.389648,Bpoints
549514.3105,7817435.77,-9018.990234,Bpoints
551801.8105,7819894.641,-9016.019531,Bpoints
550326.8105,7820026.027,-8951.009766,Bpoints
549589.3105,7820420.199,-9133.589844,Bpoints
549126.8105,7816853.898,-9079.660156,Bpoints
552376.8105,7820101.109,-9023.700195,Bpoints
551851.8105,7817041.598,-9004.320313,Bpoints
551739.3105,7820626.668,-9052.320313,Bpoints
550114.3105,7818336.73,-9089.299805,Bpoints
551589.3105,7816647.43,-9011.709961,Bpoints
552189.3105,7816891.438,-8968.919922,Bpoints
549676.8105,7821527.629,-9174.759766,Bpoints
551714.3105,7819294,-9045.120117,Bpoints
552389.3105,7817116.68,-8902.490234,Bpoints
549989.3105,7818655.82,-9051.089844,Bpoints
549001.8105,7819763.25,-9157.360352,Bpoints
551139.3105,7819950.949,-9042.959961,Bpoints
549951.8105,7820983.297,-9137.860352,Bpoints
551389.3105,7819312.77,-9044.299805,Bpoints
550389.3105,7820664.211,-9015.160156,Bpoints
551364.3105,7821246.078,-9117.620117,Bpoints
551789.3105,7819200.148,-9038.980469,Bpoints
551839.3105,7819650.629,-9026.480469,Bpoints
550626.8105,7821227.309,-9135.929688,Bpoints
551701.8105,7820945.758,-9091.570313,Bpoints
549751.8105,7817210.527,-9054.910156,Bpoints
549676.8105,7818205.34,-9094.389648,Bpoints
551651.8105,7819181.379,-9045.650391,Bpoints
549939.3105,7816797.59,-9056.599609,Bpoints
549989.3105,7818712.129,-9048.080078,Bpoints
551401.8105,7821490.09,-9111.230469,Bpoints
549576.8105,7819688.168,-9106.990234,Bpoints
551889.3105,7819556.777,-9030.44043,Bpoints
550201.8105,7821640.25,-9157.799805,Bpoints
551926.8105,7819275.23,-9038.80957,Bpoints
549689.3105,7819763.25,-9090.769531,Bpoints
550414.3105,7821565.168,-9157.450195,Bpoints
551664.3105,7820026.027,-8998.900391,Bpoints
550101.8105,7820326.348,-8983.200195,Bpoints
549276.8105,7819744.48,-9143.30957,Bpoints
549264.3105,7819932.18,-9144.490234,Bpoints
550201.8105,7816891.438,-9060.959961,Bpoints
551914.3105,7818580.738,-9032.490234,Bpoints
551064.3105,7820251.27,-9036.209961,Bpoints
551776.8105,7819444.16,-9038.990234,Bpoints
551064.3105,7821490.09,-9125.719727,Bpoints
551601.8105,7820814.371,-9082.509766,Bpoints
549826.8105,7818824.75,-9069.200195,Bpoints
551701.8105,7817923.789,-9022.19043,Bpoints
550939.3105,7817060.367,-9038.610352,Bpoints
549001.8105,7819519.238,-9148,Bpoints
551101.8105,7821264.848,-9130.089844,Bpoints
551901.8105,7819650.629,-9022.580078,Bpoints
551376.8105,7820495.281,-9072.110352,Bpoints
551026.8105,7821546.398,-9120.110352,Bpoints
551526.8105,7816891.438,-9019.530273,Bpoints
550414.3105,7820983.297,-9086.219727,Bpoints
551789.3105,7819932.18,-9009.69043,Bpoints
551489.3105,7817698.547,-9031.900391,Bpoints
549151.8105,7820420.199,-9166.400391,Bpoints
551726.8105,7817642.238,-9022.070313,Bpoints
550264.3105,7821565.168,-9149.509766,Bpoints
551864.3105,7817867.48,-9018.889648,Bpoints
549064.3105,7819763.25,-9158.19043,Bpoints
549201.8105,7819913.41,-9148.490234,Bpoints
552239.3105,7816928.98,-8952.530273,Bpoints
549626.8105,7819444.16,-9091.009766,Bpoints
551501.8105,7821321.16,-9119.919922,Bpoints
551201.8105,7820570.359,-9073.570313,Bpoints
551614.3105,7816684.969,-9010.339844,Bpoints
551576.8105,7817585.93,-9028.94043,Bpoints
551264.3105,7819913.41,-9052.879883,Bpoints
551701.8105,7818618.281,-9021.339844,Bpoints
552151.8105,7820194.961,-8977.019531,Bpoints
550626.8105,7819294,-8980.219727,Bpoints
551314.3105,7820607.898,-9077,Bpoints
551614.3105,7819594.32,-9037.339844,Bpoints
551339.3105,7821208.539,-9117.580078,Bpoints
550776.8105,7821133.457,-9126.669922,Bpoints
551051.8105,7821583.941,-9116.540039,Bpoints
551126.8105,7819012.449,-9033.780273,Bpoints
550426.8105,7817229.301,-9055.320313,Bpoints
551639.3105,7819838.328,-9034.719727,Bpoints
551514.3105,7819819.559,-9049.219727,Bpoints
550051.8105,7818224.109,-9097.629883,Bpoints
548914.3105,7820626.668,-9185.410156,Bpoints
551264.3105,7818956.141,-9032.44043,Bpoints
549951.8105,7819950.949,-9038.549805,Bpoints
549664.3105,7821565.168,-9174.820313,Bpoints
549039.3105,7820326.348,-9161.450195,Bpoints
551314.3105,7821659.02,-9116.419922,Bpoints
552439.3105,7820157.418,-9025.570313,Bpoints
551589.3105,7819218.918,-9049.169922,Bpoints
551001.8105,7820345.121,-9020.450195,Bpoints
551851.8105,7817942.559,-9014.580078,Bpoints
552276.8105,7819444.16,-9047.759766,Bpoints
551814.3105,7817567.16,-9012.019531,Bpoints
549576.8105,7819782.02,-9108.860352,Bpoints
549589.3105,7817848.711,-9084.419922,Bpoints
550164.3105,7817248.07,-9056,Bpoints
550701.8105,7819406.617,-9008.230469,Bpoints
549389.3105,7819650.629,-9127.030273,Bpoints
550676.8105,7819350.309,-8998.849609,Bpoints
551189.3105,7820288.809,-9043.129883,Bpoints
552276.8105,7817266.84,-8967.019531,Bpoints
551689.3105,7818299.188,-9015.799805,Bpoints
551876.8105,7819462.93,-9033.740234,Bpoints
551464.3105,7819425.391,-9035.700195,Bpoints
551826.8105,7818449.348,-9028.339844,Bpoints
551876.8105,7817454.539,-9001.719727,Bpoints
549901.8105,7820476.508,-9081.049805,Bpoints
552064.3105,7818167.797,-9030.240234,Bpoints
551851.8105,7821602.711,-9061.839844,Bpoints
551951.8105,7818261.648,-9025.320313,Bpoints
550326.8105,7818618.281,-9069.849609,Bpoints
551464.3105,7817923.789,-9018.69043,Bpoints
549964.3105,7817548.387,-9066.679688,Bpoints
552051.8105,7818449.348,-9037.400391,Bpoints
550139.3105,7818768.438,-9051.730469,Bpoints
551214.3105,7821490.09,-9127.759766,Bpoints
549851.8105,7819725.711,-9057.580078,Bpoints
549626.8105,7820363.887,-9119.599609,Bpoints
550151.8105,7818862.289,-9047.480469,Bpoints
551576.8105,7818130.258,-9004.860352,Bpoints
551151.8105,7819800.789,-9046.769531,Bpoints
549839.3105,7820551.59,-9102.75,Bpoints
550126.8105,7820232.5,-8960.009766,Bpoints
549314.3105,7820007.258,-9144.219727,Bpoints
549926.8105,7819838.328,-9043.419922,Bpoints
550114.3105,7820814.371,-9089.089844,Bpoints
550239.3105,7820514.051,-9004.589844,Bpoints
551951.8105,7820213.73,-8955.69043,Bpoints
550264.3105,7821396.238,-9150.94043,Bpoints
552164.3105,7819650.629,-9024.129883,Bpoints
549664.3105,7817792.398,-9078.080078,Bpoints
549064.3105,7819444.16,-9146.320313,Bpoints
548989.3105,7820026.027,-9147.089844,Bpoints
550664.3105,7821827.949,-9158.519531,Bpoints
550826.8105,7820739.289,-9065.240234,Bpoints
551139.3105,7820645.438,-9079.330078,Bpoints
551939.3105,7820307.578,-8972.480469,Bpoints
551251.8105,7819950.949,-9052.719727,Bpoints
551876.8105,7820138.648,-8958.419922,Bpoints
552164.3105,7820232.5,-8979.700195,Bpoints
549201.8105,7817829.938,-9072.44043,Bpoints
551826.8105,7819969.719,-8996.30957,Bpoints
551589.3105,7817398.227,-9012.150391,Bpoints
549101.8105,7819556.777,-9146.219727,Bpoints
550751.8105,7818073.949,-9044.679688,Bpoints
549926.8105,7821077.148,-9149.519531,Bpoints
551176.8105,7821715.328,-9115.169922,Bpoints
548926.8105,7820251.27,-9166.150391,Bpoints
549489.3105,7817829.938,-9075.469727,Bpoints
549964.3105,7818768.438,-9049.599609,Bpoints
549689.3105,7818524.43,-9066.870117,Bpoints
551051.8105,7820945.758,-9108.290039,Bpoints
550189.3105,7820607.898,-9041.490234,Bpoints
552226.8105,7819613.09,-9039.410156,Bpoints
549614.3105,7820288.809,-9110.849609,Bpoints
549389.3105,7819988.488,-9136.209961,Bpoints
550301.8105,7821152.23,-9123.69043,Bpoints
551689.3105,7817323.148,-9007.290039,Bpoints
551814.3105,7819387.852,-9036.469727,Bpoints
551739.3105,7821490.09,-9097.219727,Bpoints
550176.8105,7818693.359,-9059.769531,Bpoints
549089.3105,7820176.188,-9141.900391,Bpoints
550664.3105,7820908.219,-9100.339844,Bpoints
552039.3105,7818599.508,-9040.480469,Bpoints
550064.3105,7818449.348,-9085.339844,Bpoints
550289.3105,7821002.07,-9110.910156,Bpoints
550876.8105,7820983.297,-9109.240234,Bpoints
550214.3105,7817154.219,-9049,Bpoints
552439.3105,7817510.848,-8940.419922,Bpoints
551839.3105,7818355.5,-9024.05957,Bpoints
550664.3105,7817848.711,-9060.209961,Bpoints
551751.8105,7817529.617,-9014.959961,Bpoints
552276.8105,7816778.816,-8964.5,Bpoints
550689.3105,7821396.238,-9143.44043,Bpoints
551839.3105,7819143.84,-9040.429688,Bpoints
550739.3105,7817661.008,-9052.349609,Bpoints
551589.3105,7817867.48,-9022.589844,Bpoints
550151.8105,7818637.047,-9067.259766,Bpoints
548889.3105,7820551.59,-9183.44043,Bpoints
550714.3105,7819350.309,-9007.679688,Bpoints
550989.3105,7820983.297,-9115.19043,Bpoints
549514.3105,7819650.629,-9115.599609,Bpoints
549289.3105,7819331.539,-9127.549805,Bpoints
550601.8105,7817604.699,-9059.120117,Bpoints
550726.8105,7821752.867,-9152.230469,Bpoints
549414.3105,7820232.5,-9133.290039,Bpoints
552389.3105,7820157.418,-9025.25,Bpoints
551901.8105,7817492.078,-9003.459961,Bpoints
552314.3105,7820270.039,-9015.900391,Bpoints
548951.8105,7819294,-9160.219727,Bpoints
550026.8105,7821020.84,-9132.330078,Bpoints
551676.8105,7817698.547,-9026.139648,Bpoints
551564.3105,7819725.711,-9040.009766,Bpoints
551264.3105,7819857.098,-9053.230469,Bpoints
552276.8105,7820607.898,-9040.099609,Bpoints
549201.8105,7820044.801,-9147.129883,Bpoints
549889.3105,7819519.238,-9046.740234,Bpoints
550351.8105,7821809.18,-9162.120117,Bpoints
551351.8105,7821264.848,-9117.94043,Bpoints
551701.8105,7817360.688,-9009.69043,Bpoints
551014.3105,7820194.961,-9034.169922,Bpoints
549676.8105,7817398.227,-9039.389648,Bpoints
550901.8105,7820401.43,-8998.820313,Bpoints
551114.3105,7821490.09,-9126.75,Bpoints
551389.3105,7820438.969,-9066.860352,Bpoints
549564.3105,7820514.051,-9140.959961,Bpoints
552414.3105,7817980.098,-9013.290039,Bpoints
552089.3105,7819500.469,-9023,Bpoints
550914.3105,7821659.02,-9132.740234,Bpoints
549476.8105,7819406.617,-9103.570313,Bpoints
551589.3105,7819857.098,-9042.150391,Bpoints
549976.8105,7819068.758,-9053.44043,Bpoints
551664.3105,7819800.789,-9029.849609,Bpoints
550751.8105,7817980.098,-9047.030273,Bpoints
551101.8105,7817341.918,-9016.349609,Bpoints
552189.3105,7820363.887,-8988.610352,Bpoints
549964.3105,7821152.23,-9149.370117,Bpoints
549839.3105,7818881.059,-9072.879883,Bpoints
550001.8105,7818355.5,-9087.870117,Bpoints
550276.8105,7820514.051,-8998.230469,Bpoints
551901.8105,7819143.84,-9043.5,Bpoints
550001.8105,7817417,-9059.870117,Bpoints
549926.8105,7816760.051,-9056.669922,Bpoints
551389.3105,7821452.551,-9112.75,Bpoints
549539.3105,7819669.398,-9112.570313,Bpoints
550776.8105,7821208.539,-9137.19043,Bpoints
548939.3105,7819331.539,-9159.730469,Bpoints
551939.3105,7819312.77,-9038.980469,Bpoints
549739.3105,7819519.238,-9073.969727,Bpoints
551176.8105,7821490.09,-9127.129883,Bpoints
549164.3105,7819481.699,-9140.740234,Bpoints
551214.3105,7821058.379,-9116.709961,Bpoints
550151.8105,7820307.578,-8959.929688,Bpoints
549226.8105,7819744.48,-9147.360352,Bpoints
550789.3105,7820476.508,-8997.290039,Bpoints
551926.8105,7818618.281,-9032.459961,Bpoints
551764.3105,7819481.699,-9038.740234,Bpoints
552239.3105,7818899.828,-9046.669922,Bpoints
551051.8105,7821452.551,-9127.990234,Bpoints
551939.3105,7819519.238,-9028.919922,Bpoints
551614.3105,7820776.828,-9077.459961,Bpoints
551926.8105,7819556.777,-9028.120117,Bpoints
551739.3105,7817942.559,-9018.290039,Bpoints
551051.8105,7817248.07,-9022.480469,Bpoints
550876.8105,7820814.371,-9079.339844,Bpoints
551239.3105,7820570.359,-9073.719727,Bpoints
549051.8105,7819538.008,-9146.919922,Bpoints
551251.8105,7821152.23,-9120.709961,Bpoints
551089.3105,7821321.16,-9128.610352,Bpoints
549789.3105,7818017.637,-9097.549805,Bpoints
551914.3105,7819613.09,-9025.219727,Bpoints
551039.3105,7821527.629,-9122.089844,Bpoints
550389.3105,7820964.531,-9088.870117,Bpoints
552026.8105,7821114.691,-9085.820313,Bpoints
551926.8105,7818430.578,-9033.410156,Bpoints
551726.8105,7818336.73,-9015.089844,Bpoints
550801.8105,7820307.578,-8966.379883,Bpoints
552251.8105,7820213.73,-9000.25,Bpoints
551664.3105,7820739.289,-9070.179688,Bpoints
549989.3105,7817773.629,-9087.730469,Bpoints
550701.8105,7817905.02,-9054.929688,Bpoints
551776.8105,7817398.227,-9007.25,Bpoints
552439.3105,7819688.168,-9033.540039,Bpoints
549676.8105,7819481.699,-9083.769531,Bpoints
549514.3105,7819444.16,-9100.139648,Bpoints
550501.8105,7820476.508,-8978.700195,Bpoints
552026.8105,7819200.148,-9041.980469,Bpoints
549539.3105,7817097.91,-9040.44043,Bpoints
549489.3105,7817585.93,-9044.320313,Bpoints
551301.8105,7821152.23,-9116.509766,Bpoints
549901.8105,7818224.109,-9091.540039,Bpoints
551514.3105,7819106.301,-9041.780273,Bpoints
550739.3105,7819106.301,-8994.780273,Bpoints
551676.8105,7817041.598,-9015.820313,Bpoints
550239.3105,7818693.359,-9062,Bpoints
549126.8105,7820514.051,-9178.870117,Bpoints
551264.3105,7820251.27,-9046.129883,Bpoints
551589.3105,7816666.199,-9012.299805,Bpoints
550776.8105,7820345.121,-8961.919922,Bpoints
549676.8105,7816778.816,-9047,Bpoints
552151.8105,7819819.559,-9003.150391,Bpoints
550826.8105,7820945.758,-9101.929688,Bpoints
549764.3105,7821283.617,-9168.700195,Bpoints
551889.3105,7820044.801,-8970.799805,Bpoints
551164.3105,7818524.43,-9027.330078,Bpoints
552176.8105,7816853.898,-8976.150391,Bpoints
549014.3105,7820664.211,-9185.639648,Bpoints
551714.3105,7819519.238,-9037.370117,Bpoints
549464.3105,7819500.469,-9109.280273,Bpoints
549739.3105,7819462.93,-9070.179688,Bpoints
552089.3105,7819181.379,-9042.549805,Bpoints
552301.8105,7820194.961,-9014.589844,Bpoints
549801.8105,7818149.027,-9093.69043,Bpoints
549651.8105,7818468.117,-9071.480469,Bpoints
550776.8105,7820908.219,-9101.570313,Bpoints
550876.8105,7821415.008,-9138.900391,Bpoints
551989.3105,7819481.699,-9026.299805,Bpoints
550276.8105,7817248.07,-9055.379883,Bpoints
551326.8105,7817079.141,-9024.200195,Bpoints
551501.8105,7818130.258,-9006.950195,Bpoints
551989.3105,7817848.711,-9013.099609,Bpoints
549639.3105,7817492.078,-9044.299805,Bpoints
549276.8105,7819650.629,-9139.160156,Bpoints
551876.8105,7821771.641,-9025.75,Bpoints
551339.3105,7821415.008,-9117.099609,Bpoints
551701.8105,7818224.109,-9013.410156,Bpoints
551939.3105,7820007.258,-8973.839844,Bpoints
549651.8105,7819425.391,-9086.480469,Bpoints
550939.3105,7820908.219,-9098.389648,Bpoints
549151.8105,7820363.887,-9157.5,Bpoints
550926.8105,7820307.578,-9002.780273,Bpoints
550839.3105,7820251.27,-8986.490234,Bpoints
549051.8105,7820870.68,-9190.719727,Bpoints
552401.8105,7819387.852,-9053,Bpoints
549801.8105,7819481.699,-9060.139648,Bpoints
550301.8105,7817022.828,-9054.25,Bpoints
549076.8105,7817567.16,-9043.900391,Bpoints
549664.3105,7818430.578,-9074.959961,Bpoints
550301.8105,7820251.27,-8949.80957,Bpoints
550664.3105,7821077.148,-9124.549805,Bpoints
550339.3105,7820795.598,-9061.849609,Bpoints
551939.3105,7817304.379,-8995.709961,Bpoints
551314.3105,7820326.348,-9048.209961,Bpoints
552326.8105,7819613.09,-9042.240234,Bpoints
550089.3105,7818280.418,-9091.599609,Bpoints
551114.3105,7818974.91,-9034.389648,Bpoints
552339.3105,7817980.098,-9019.80957,Bpoints
549739.3105,7821114.691,-9178.410156,Bpoints
549639.3105,7817717.32,-9066.929688,Bpoints
551426.8105,7817379.461,-9020.519531,Bpoints
551701.8105,7817510.848,-9018.450195,Bpoints
549864.3105,7817492.078,-9068.049805,Bpoints
551689.3105,7818956.141,-9032.650391,Bpoints
549814.3105,7821321.16,-9168.160156,Bpoints
550614.3105,7818073.949,-9057.969727,Bpoints
549289.3105,7819706.938,-9140.669922,Bpoints
550664.3105,7817736.09,-9061.490234,Bpoints
550026.8105,7818149.027,-9101.660156,Bpoints
550739.3105,7817792.398,-9056.519531,Bpoints
550064.3105,7817022.828,-9048.639648,Bpoints
550201.8105,7820701.75,-9063.69043,Bpoints
551989.3105,7819350.309,-9040.730469,Bpoints
550939.3105,7820776.828,-9075.259766,Bpoints
551726.8105,7817736.09,-9024.349609,Bpoints
551326.8105,7819875.867,-9054.919922,Bpoints
550464.3105,7819425.391,-8980.849609,Bpoints
552389.3105,7817210.527,-8920.650391,Bpoints
549601.8105,7818768.438,-9069.679688,Bpoints
551051.8105,7821246.078,-9126.490234,Bpoints
551076.8105,7820607.898,-9068.620117,Bpoints
551751.8105,7820945.758,-9084.299805,Bpoints
551851.8105,7821302.391,-9096.370117,Bpoints
549626.8105,7819556.777,-9095.129883,Bpoints
551176.8105,7820476.508,-9062.070313,Bpoints
551001.8105,7820945.758,-9107.719727,Bpoints
550614.3105,7817642.238,-9060.860352,Bpoints
551851.8105,7819613.09,-9029.30957,Bpoints
549939.3105,7817304.379,-9062.200195,Bpoints
550739.3105,7821715.328,-9152.669922,Bpoints
549401.8105,7820270.039,-9135.700195,Bpoints
551801.8105,7819237.688,-9038.05957,Bpoints
549264.3105,7820082.34,-9145.870117,Bpoints
552376.8105,7820288.809,-9025.540039,Bpoints
550014.3105,7820983.297,-9130.030273,Bpoints
551851.8105,7821659.02,-9049.769531,Bpoints
550289.3105,7817210.527,-9052.969727,Bpoints
551614.3105,7817679.777,-9028.089844,Bpoints
551576.8105,7819763.25,-9039.839844,Bpoints
550051.8105,7819988.488,-9003.870117,Bpoints
551376.8105,7819181.379,-9046.150391,Bpoints
549689.3105,7819049.988,-9067.740234,Bpoints
550901.8105,7820532.82,-9026.299805,Bpoints
550376.8105,7820645.438,-9011.860352,Bpoints
549489.3105,7820607.898,-9150.839844,Bpoints
551689.3105,7817379.461,-9011.459961,Bpoints
551289.3105,7821377.469,-9122.730469,Bpoints
550251.8105,7820607.898,-9032.549805,Bpoints
551001.8105,7820232.5,-9028.230469,Bpoints
550889.3105,7820438.969,-9005.599609,Bpoints
552001.8105,7818336.73,-9030.30957,Bpoints
549139.3105,7820326.348,-9153.080078,Bpoints
551226.8105,7819575.551,-9040.379883,Bpoints
551376.8105,7820476.508,-9070.879883,Bpoints
552401.8105,7817998.871,-9017.160156,Bpoints
548989.3105,7819800.789,-9157.259766,Bpoints
549964.3105,7820232.5,-9015.040039,Bpoints
550764.3105,7820814.371,-9085.469727,Bpoints
552076.8105,7819519.238,-9019.30957,Bpoints
550901.8105,7821677.789,-9136.5,Bpoints
551764.3105,7821696.559,-9052.450195,Bpoints
551576.8105,7819819.559,-9042.75,Bpoints
551651.8105,7819782.02,-9030.759766,Bpoints
552201.8105,7820326.348,-8988.919922,Bpoints
549976.8105,7821208.539,-9149.450195,Bpoints
549826.8105,7818918.598,-9074.669922,Bpoints
550001.8105,7818317.957,-9089.700195,Bpoints
551726.8105,7820664.211,-9058.19043,Bpoints
550026.8105,7821133.457,-9141.879883,Bpoints
548964.3105,7820476.508,-9179.69043,Bpoints
551451.8105,7820551.59,-9072.05957,Bpoints
549039.3105,7820589.129,-9185.780273,Bpoints
551864.3105,7818824.75,-9031.629883,Bpoints
550426.8105,7819556.777,-8981.379883,Bpoints
552051.8105,7819819.559,-9005.259766,Bpoints
550201.8105,7818824.75,-9047.639648,Bpoints
551614.3105,7818242.879,-9015.980469,Bpoints
551126.8105,7818580.738,-9033.769531,Bpoints
549489.3105,7819725.711,-9121.990234,Bpoints
549814.3105,7817210.527,-9058.419922,Bpoints
550889.3105,7821621.48,-9132.549805,Bpoints
549701.8105,7817585.93,-9065.269531,Bpoints
548976.8105,7817942.559,-9101.589844,Bpoints
551426.8105,7818280.418,-9013.5,Bpoints
551201.8105,7818336.73,-9023.839844,Bpoints
551814.3105,7817829.938,-9022.589844,Bpoints
552076.8105,7820438.969,-8992.730469,Bpoints
551514.3105,7817567.16,-9031.799805,Bpoints
550151.8105,7821339.93,-9158.650391,Bpoints
549226.8105,7819406.617,-9136.980469,Bpoints
550714.3105,7817548.387,-9048.280273,Bpoints
549851.8105,7821189.77,-9161.129883,Bpoints
552051.8105,7817754.859,-9011.730469,Bpoints
549776.8105,7818055.18,-9097.349609,Bpoints
550889.3105,7820776.828,-9073.259766,Bpoints
550339.3105,7820833.141,-9072.040039,Bpoints
551701.8105,7821827.949,-9036.610352,Bpoints
551989.3105,7817661.008,-9011.009766,Bpoints
549076.8105,7817529.617,-9043.200195,Bpoints
551789.3105,7817905.02,-9020.400391,Bpoints
550114.3105,7820007.258,-8982.389648,Bpoints
549039.3105,7820908.219,-9191.910156,Bpoints
552364.3105,7817661.008,-8979.169922,Bpoints
549626.8105,7821677.789,-9187.80957,Bpoints
549876.8105,7821077.148,-9157.120117,Bpoints
550926.8105,7820270.039,-9007.019531,Bpoints
551439.3105,7818336.73,-9017.5,Bpoints
551701.8105,7820870.68,-9085.05957,Bpoints
551939.3105,7819969.719,-8982.870117,Bpoints
551551.8105,7818899.828,-9022.370117,Bpoints
551589.3105,7818524.43,-9018.990234,Bpoints
550239.3105,7820551.59,-9017.169922,Bpoints
550251.8105,7816891.438,-9062.240234,Bpoints
550314.3105,7816816.359,-9059.769531,Bpoints
550764.3105,7820664.211,-9044.299805,Bpoints
550289.3105,7817116.68,-9049.650391,Bpoints
549401.8105,7818130.258,-9098.620117,Bpoints
550139.3105,7820664.211,-9059.5,Bpoints
549876.8105,7819162.609,-9044.929688,Bpoints
551964.3105,7821227.309,-9094.719727,Bpoints
551989.3105,7819969.719,-8980.169922,Bpoints
551539.3105,7818186.57,-9009.240234,Bpoints
549664.3105,7820795.598,-9148.290039,Bpoints
551001.8105,7820776.828,-9080.150391,Bpoints
551951.8105,7819688.168,-9012.110352,Bpoints
551639.3105,7821659.02,-9077.459961,Bpoints
551576.8105,7817229.301,-9010.69043,Bpoints
551501.8105,7819125.07,-9043.759766,Bpoints
551514.3105,7821189.77,-9116.980469,Bpoints
549339.3105,7821583.941,-9182.910156,Bpoints
550251.8105,7816853.898,-9061.980469,Bpoints
551839.3105,7821827.949,-9021.19043,Bpoints
551314.3105,7818280.418,-9017.05957,Bpoints
550764.3105,7816891.438,-9050.139648,Bpoints
551326.8105,7817116.68,-9020.889648,Bpoints
552339.3105,7817060.367,-8916.740234,Bpoints
551314.3105,7816797.59,-9014.330078,Bpoints
551826.8105,7820026.027,-8981.070313,Bpoints
550289.3105,7821264.848,-9137.530273,Bpoints
549276.8105,7819462.93,-9131.549805,Bpoints
552164.3105,7819256.457,-9042.580078,Bpoints
552126.8105,7816891.438,-8981.759766,Bpoints
550614.3105,7821396.238,-9141.05957,Bpoints
551189.3105,7820758.059,-9090.019531,Bpoints
551401.8105,7819782.02,-9053.410156,Bpoints
549464.3105,7819331.539,-9104.719727,Bpoints
551689.3105,7820363.887,-9024.669922,Bpoints
551789.3105,7819706.938,-9022.269531,Bpoints
549589.3105,7819969.719,-9109.509766,Bpoints
552339.3105,7819932.18,-9023.549805,Bpoints
549389.3105,7819331.539,-9112.080078,Bpoints
548876.8105,7818130.258,-9118.589844,Bpoints
551126.8105,7820176.188,-9046.790039,Bpoints
552001.8105,7820026.027,-8967.860352,Bpoints
550739.3105,7821490.09,-9142.519531,Bpoints
551601.8105,7821602.711,-9092.009766,Bpoints
549414.3105,7819406.617,-9111.75,Bpoints
552001.8105,7819763.25,-9006.080078,Bpoints
550926.8105,7817341.918,-9017.179688,Bpoints
552226.8105,7817435.77,-8975.679688,Bpoints
549764.3105,7821246.078,-9169.299805,Bpoints
551251.8105,7820701.75,-9083.700195,Bpoints
551551.8105,7821490.09,-9109.919922,Bpoints
551976.8105,7818505.66,-9037.30957,Bpoints
550964.3105,7820570.359,-9044.269531,Bpoints
549814.3105,7819218.918,-9048.769531,Bpoints
550839.3105,7820983.297,-9106.040039,Bpoints
549676.8105,7817923.789,-9092.469727,Bpoints
550189.3105,7816816.359,-9061.980469,Bpoints
551476.8105,7820908.219,-9098.870117,Bpoints
551101.8105,7820514.051,-9058.19043,Bpoints
551064.3105,7820833.141,-9090.110352,Bpoints
551239.3105,7816647.43,-9016.589844,Bpoints
552376.8105,7817323.148,-8954.360352,Bpoints
551314.3105,7819838.328,-9054.910156,Bpoints
552176.8105,7821546.398,-9047.660156,Bpoints
549751.8105,7821846.719,-9183.790039,Bpoints
551676.8105,7821339.93,-9117.070313,Bpoints
552014.3105,7821734.102,-9026.269531,Bpoints
551114.3105,7820983.297,-9113.929688,Bpoints
551464.3105,7816741.277,-9019.799805,Bpoints
551576.8105,7821095.918,-9107.419922,Bpoints
552101.8105,7820288.809,-8968.339844,Bpoints
552064.3105,7817961.328,-9010.709961,Bpoints
551514.3105,7821827.949,-9081.080078,Bpoints
550176.8105,7820176.188,-8955.530273,Bpoints
551764.3105,7817454.539,-9011.519531,Bpoints
550376.8105,7816891.438,-9061.929688,Bpoints
549964.3105,7820307.578,-9025.950195,Bpoints
549514.3105,7817736.09,-9061.480469,Bpoints
551689.3105,7821095.918,-9106.450195,Bpoints
549339.3105,7819575.551,-9129.070313,Bpoints
551514.3105,7818449.348,-9028.700195,Bpoints
551176.8105,7820870.68,-9101.349609,Bpoints
550426.8105,7821696.559,-9163.790039,Bpoints
549001.8105,7819706.938,-9155.070313,Bpoints
552289.3105,7819969.719,-9032.900391,Bpoints
552264.3105,7821621.48,-9037.230469,Bpoints
551939.3105,7817754.859,-9014.990234,Bpoints
549664.3105,7819256.457,-9083.599609,Bpoints
549276.8105,7821133.457,-9183.459961,Bpoints
549089.3105,7820607.898,-9184.650391,Bpoints
552189.3105,7821602.711,-9037.929688,Bpoints
549126.8105,7819650.629,-9150.980469,Bpoints
549164.3105,7818036.41,-9102.730469,Bpoints
552439.3105,7819763.25,-9029.30957,Bpoints
551901.8105,7819913.41,-9002.330078,Bpoints
551451.8105,7821133.457,-9115.580078,Bpoints
551389.3105,7820345.121,-9049.110352,Bpoints
551564.3105,7816797.59,-9015.969727,Bpoints
549414.3105,7817172.988,-9026.259766,Bpoints
551551.8105,7820776.828,-9079.05957,Bpoints
551364.3105,7820176.188,-9048.230469,Bpoints
551939.3105,7820063.57,-8963.240234,Bpoints
550914.3105,7821752.867,-9145.599609,Bpoints
549776.8105,7820776.828,-9136.740234,Bpoints
552439.3105,7821546.398,-9055.290039,Bpoints
551989.3105,7817473.309,-8999.639648,Bpoints
550326.8105,7816741.277,-9061.740234,Bpoints
550951.8105,7820964.531,-9110.950195,Bpoints
551476.8105,7821152.23,-9116.280273,Bpoints
551301.8105,7819387.852,-9034.219727,Bpoints
551114.3105,7821583.941,-9120.799805,Bpoints
552426.8105,7818017.637,-9016.040039,Bpoints
551189.3105,7819969.719,-9049.30957,Bpoints
551676.8105,7819706.938,-9027.490234,Bpoints
549926.8105,7818055.18,-9098.129883,Bpoints
551876.8105,7819369.078,-9035.30957,Bpoints
550864.3105,7816947.75,-9044.469727,Bpoints
549276.8105,7821339.93,-9180.25,Bpoints
550076.8105,7816741.277,-9052.049805,Bpoints
549189.3105,7820626.668,-9180.219727,Bpoints
551164.3105,7821302.391,-9132.389648,Bpoints
550776.8105,7817604.699,-9047.019531,Bpoints
551464.3105,7819688.168,-9045.269531,Bpoints
550801.8105,7820232.5,-8980.44043,Bpoints
551426.8105,7819669.398,-9044.639648,Bpoints
551139.3105,7820138.648,-9048.889648,Bpoints
551464.3105,7816947.75,-9027.160156,Bpoints
549764.3105,7819143.84,-9054.860352,Bpoints
549301.8105,7819387.852,-9127.75,Bpoints
549239.3105,7817304.379,-9009.820313,Bpoints
549889.3105,7821433.781,-9180.099609,Bpoints
550264.3105,7816647.43,-9067.200195,Bpoints
551439.3105,7820664.211,-9082.110352,Bpoints
551376.8105,7821002.07,-9110.019531,Bpoints
551264.3105,7821621.48,-9118.259766,Bpoints
550151.8105,7820758.059,-9075.719727,Bpoints
552314.3105,7821452.551,-9063.110352,Bpoints
552376.8105,7821546.398,-9051.799805,Bpoints
552264.3105,7821302.391,-9073.599609,Bpoints
551651.8105,7816797.59,-9012.740234,Bpoints
551776.8105,7821452.551,-9094.910156,Bpoints
551489.3105,7820476.508,-9063.620117,Bpoints
550714.3105,7821283.617,-9145.870117,Bpoints
550114.3105,7820101.109,-8980.259766,Bpoints
551851.8105,7821415.008,-9090.80957,Bpoints
552139.3105,7821621.48,-9034.139648,Bpoints
551989.3105,7817548.387,-9006.05957,Bpoints
549089.3105,7820382.66,-9167.009766,Bpoints
552439.3105,7821208.539,-9068.919922,Bpoints
550301.8105,7816966.52,-9061.30957,Bpoints
551526.8105,7821077.148,-9109.650391,Bpoints
552126.8105,7821302.391,-9076.610352,Bpoints
549201.8105,7818055.18,-9103.540039,Bpoints
552001.8105,7818393.039,-9032.910156,Bpoints
551414.3105,7820007.258,-9050.589844,Bpoints
550701.8105,7818036.41,-9049.599609,Bpoints
551614.3105,7821452.551,-9113.660156,Bpoints
549951.8105,7820551.59,-9074.040039,Bpoints
552276.8105,7819800.789,-9012.450195,Bpoints
551564.3105,7817323.148,-9008.610352,Bpoints
551414.3105,7820926.988,-9105.200195,Bpoints
548951.8105,7817492.078,-9066.450195,Bpoints
550939.3105,7820476.508,-9022.919922,Bpoints
550151.8105,7817191.758,-9054.990234,Bpoints
551651.8105,7819294,-9047.360352,Bpoints
551701.8105,7821734.102,-9054.120117,Bpoints
549826.8105,7817341.918,-9061.19043,Bpoints
550201.8105,7821415.008,-9157.080078,Bpoints
550801.8105,7816797.59,-9049.009766,Bpoints
551589.3105,7819275.23,-9048.179688,Bpoints
552276.8105,7821433.781,-9064.69043,Bpoints
551639.3105,7818524.43,-9018.280273,Bpoints
551464.3105,7820232.5,-9030.509766,Bpoints
549126.8105,7819369.078,-9144.980469,Bpoints
549589.3105,7819387.852,-9096.05957,Bpoints
549139.3105,7817398.227,-9031.629883,Bpoints
552139.3105,7821452.551,-9063.129883,Bpoints
549126.8105,7819312.77,-9146.759766,Bpoints
552101.8105,7817191.758,-8988.549805,Bpoints
550476.8105,7817266.84,-9055.110352,Bpoints
549176.8105,7819294,-9141.240234,Bpoints
549639.3105,7818073.949,-9092.009766,Bpoints
549176.8105,7817379.461,-9023.089844,Bpoints
551926.8105,7820514.051,-9028.580078,Bpoints
550651.8105,7820345.121,-8958.490234,Bpoints
549814.3105,7818411.809,-9081.639648,Bpoints
549814.3105,7821152.23,-9168.290039,Bpoints
551101.8105,7817154.219,-9030.040039,Bpoints
551851.8105,7821339.93,-9094.549805,Bpoints
552326.8105,7820964.531,-9062.080078,Bpoints
552051.8105,7821339.93,-9085,Bpoints
551101.8105,7821171,-9131.040039,Bpoints
549764.3105,7816891.438,-9050.009766,Bpoints
551426.8105,7820138.648,-9041.820313,Bpoints
552001.8105,7817379.461,-8986.599609,Bpoints
551576.8105,7820607.898,-9060.599609,Bpoints
552039.3105,7817679.777,-9011.080078,Bpoints
551164.3105,7821189.77,-9130.959961,Bpoints
551439.3105,7820758.059,-9086.450195,Bpoints
549101.8105,7819857.098,-9155.820313,Bpoints
549814.3105,7819125.07,-9047.919922,Bpoints
549726.8105,7817754.859,-9077.230469,Bpoints
551326.8105,7816891.438,-9019.599609,Bpoints
551301.8105,7820138.648,-9054.480469,Bpoints
551926.8105,7817829.938,-9015.370117,Bpoints
551801.8105,7821264.848,-9100.860352,Bpoints
550189.3105,7817116.68,-9047.290039,Bpoints
552401.8105,7821715.328,-9029.25,Bpoints
552076.8105,7821527.629,-9044.200195,Bpoints
551251.8105,7820739.289,-9086.650391,Bpoints
551551.8105,7816722.508,-9016.490234,Bpoints
551701.8105,7821790.41,-9041.919922,Bpoints
549114.3105,7818036.41,-9104.259766,Bpoints
551989.3105,7817698.547,-9012.530273,Bpoints
550651.8105,7817191.758,-9036.950195,Bpoints
549876.8105,7819200.148,-9044.69043,Bpoints
551701.8105,7819350.309,-9045.349609,Bpoints
550626.8105,7819125.07,-8980.769531,Bpoints
550926.8105,7821696.559,-9136.110352,Bpoints
551789.3105,7817942.559,-9015.910156,Bpoints
551614.3105,7821490.09,-9109.549805,Bpoints
549664.3105,7819237.688,-9083.320313,Bpoints
550239.3105,7820138.648,-8953.429688,Bpoints
550114.3105,7820044.801,-8982.639648,Bpoints
549351.8105,7817454.539,-9005.150391,Bpoints
550489.3105,7819556.777,-8975.349609,Bpoints
550314.3105,7821396.238,-9145.080078,Bpoints
552389.3105,7817679.777,-8979.080078,Bpoints
549864.3105,7820420.199,-9083.910156,Bpoints
549626.8105,7821696.559,-9189.660156,Bpoints
550951.8105,7821490.09,-9128.30957,Bpoints
549626.8105,7821077.148,-9169.049805,Bpoints
550176.8105,7820101.109,-8962.419922,Bpoints
552326.8105,7820833.141,-9060.320313,Bpoints
551389.3105,7820964.531,-9108.419922,Bpoints
551839.3105,7821490.09,-9084,Bpoints
551939.3105,7817548.387,-9006.709961,Bpoints
549851.8105,7821095.918,-9162.179688,Bpoints
550101.8105,7820889.449,-9104.80957,Bpoints
551464.3105,7818355.5,-9020.459961,Bpoints
551726.8105,7820889.449,-9083.910156,Bpoints
551489.3105,7818749.668,-9012.30957,Bpoints
552114.3105,7817829.938,-9008.580078,Bpoints
552076.8105,7821715.328,-9022.759766,Bpoints
551589.3105,7821020.84,-9103.870117,Bpoints
552051.8105,7817435.77,-8993.820313,Bpoints
551989.3105,7820926.988,-9076.280273,Bpoints
551426.8105,7816647.43,-9020.150391,Bpoints
550451.8105,7816910.207,-9060.5,Bpoints
552151.8105,7821227.309,-9079.179688,Bpoints
551076.8105,7820664.211,-9075.389648,Bpoints
549701.8105,7816722.508,-9052.299805,Bpoints
551389.3105,7820701.75,-9085.580078,Bpoints
550251.8105,7816910.207,-9061.55957,Bpoints
550314.3105,7816835.129,-9060.669922,Bpoints
549451.8105,7821640.25,-9191.679688,Bpoints
550289.3105,7817154.219,-9050.459961,Bpoints
551464.3105,7821039.609,-9110.799805,Bpoints
550014.3105,7817454.539,-9059.049805,Bpoints
550826.8105,7821621.48,-9138.360352,Bpoints
549839.3105,7818036.41,-9096.849609,Bpoints
549714.3105,7820420.199,-9116.740234,Bpoints
549414.3105,7818167.797,-9098.959961,Bpoints
551964.3105,7821189.77,-9093.730469,Bpoints
552201.8105,7821433.781,-9065.660156,Bpoints
552076.8105,7819725.711,-9008.719727,Bpoints
549351.8105,7819425.391,-9120.820313,Bpoints
549351.8105,7819462.93,-9121.919922,Bpoints
552451.8105,7820213.73,-9028.459961,Bpoints
552014.3105,7819988.488,-8975.080078,Bpoints
552289.3105,7817417,-8972.259766,Bpoints
548889.3105,7819969.719,-9148.129883,Bpoints
551289.3105,7819162.609,-9046.349609,Bpoints
551001.8105,7820814.371,-9083.990234,Bpoints
552326.8105,7821565.168,-9045.299805,Bpoints
549751.8105,7819218.918,-9060.370117,Bpoints
551751.8105,7819031.219,-9039.549805,Bpoints
548876.8105,7817548.387,-9070.490234,Bpoints
549614.3105,7818242.879,-9093.969727,Bpoints
551514.3105,7821227.309,-9119.110352,Bpoints
549014.3105,7817379.461,-9058.099609,Bpoints
551576.8105,7820495.281,-9049.009766,Bpoints
549339.3105,7821621.48,-9184.709961,Bpoints
551626.8105,7821283.617,-9117,Bpoints
551551.8105,7818993.68,-9030.509766,Bpoints
551151.8105,7821133.457,-9129.009766,Bpoints
550726.8105,7821189.77,-9139.299805,Bpoints
550251.8105,7816816.359,-9061.129883,Bpoints
551339.3105,7818242.879,-9014.730469,Bpoints
551451.8105,7821189.77,-9118.759766,Bpoints
551114.3105,7821790.41,-9115.450195,Bpoints
550739.3105,7816872.668,-9051.929688,Bpoints
551976.8105,7821433.781,-9088.019531,Bpoints
551839.3105,7820345.121,-8991.959961,Bpoints
550201.8105,7820026.027,-8961.349609,Bpoints
551451.8105,7821659.02,-9099.230469,Bpoints
549664.3105,7819125.07,-9078.519531,Bpoints
552351.8105,7817022.828,-8907.900391,Bpoints
552339.3105,7818167.797,-9039.200195,Bpoints
552289.3105,7821827.949,-9016.650391,Bpoints
552164.3105,7817548.387,-8995.900391,Bpoints
551289.3105,7816816.359,-9014.889648,Bpoints
550826.8105,7821734.102,-9150.120117,Bpoints
551364.3105,7819969.719,-9053.240234,Bpoints
550401.8105,7820457.738,-8966.75,Bpoints
552026.8105,7817623.469,-9009.009766,Bpoints
551789.3105,7819838.328,-9020.230469,Bpoints
550301.8105,7821227.309,-9132,Bpoints
552214.3105,7821227.309,-9078.070313,Bpoints
552076.8105,7821790.41,-9010.879883,Bpoints
552239.3105,7820457.738,-9011.820313,Bpoints
549276.8105,7819500.469,-9132.230469,Bpoints
551389.3105,7818336.73,-9015.799805,Bpoints
550714.3105,7820851.91,-9097.55957,Bpoints
550464.3105,7821734.102,-9165.5,Bpoints
552139.3105,7816853.898,-8983.080078,Bpoints
551489.3105,7819988.488,-9043.769531,Bpoints
550626.8105,7821358.699,-9141.080078,Bpoints
551739.3105,7818974.91,-9037.69043,Bpoints
551276.8105,7821339.93,-9124.099609,Bpoints
551189.3105,7820720.52,-9087.05957,Bpoints
549064.3105,7820082.34,-9141.44043,Bpoints
549464.3105,7819294,-9104.05957,Bpoints
552201.8105,7821321.16,-9076.200195,Bpoints
549889.3105,7818881.059,-9069.980469,Bpoints
551876.8105,7817154.219,-9013.889648,Bpoints
551689.3105,7820420.199,-9030.389648,Bpoints
551651.8105,7820101.109,-8988.639648,Bpoints
549439.3105,7821546.398,-9187.950195,Bpoints
549889.3105,7817229.301,-9059.570313,Bpoints
549601.8105,7819932.18,-9104.929688,Bpoints
552289.3105,7819932.18,-9027.290039,Bpoints
550476.8105,7821640.25,-9160.370117,Bpoints
550489.3105,7820345.121,-8960.459961,Bpoints
549526.8105,7817266.84,-9015.879883,Bpoints
549664.3105,7819200.148,-9081.959961,Bpoints
548889.3105,7818167.797,-9122.070313,Bpoints
549026.8105,7817661.008,-9063.30957,Bpoints
552326.8105,7820870.68,-9060.240234,Bpoints
549864.3105,7816778.816,-9057.549805,Bpoints
551589.3105,7816891.438,-9017.589844,Bpoints
552051.8105,7821377.469,-9082.839844,Bpoints
551176.8105,7816647.43,-9022.339844,Bpoints
550726.8105,7821452.551,-9142.959961,Bpoints
549526.8105,7819294,-9104.259766,Bpoints
551601.8105,7821546.398,-9101.669922,Bpoints
552414.3105,7821752.867,-9024.549805,Bpoints
549401.8105,7819500.469,-9117.69043,Bpoints
549664.3105,7819162.609,-9080.349609,Bpoints
549414.3105,7819387.852,-9111.410156,Bpoints
549539.3105,7817792.398,-9072.55957,Bpoints
550689.3105,7816853.898,-9055.259766,Bpoints
550939.3105,7817304.379,-9019,Bpoints
552251.8105,7817417,-8971.620117,Bpoints
552339.3105,7821433.781,-9066.660156,Bpoints
551251.8105,7820664.211,-9080.839844,Bpoints
552064.3105,7818073.949,-9016.959961,Bpoints
550176.8105,7816947.75,-9053.839844,Bpoints
551889.3105,7820476.508,-9019.759766,Bpoints
550789.3105,7820983.297,-9109.370117,Bpoints
551051.8105,7816835.129,-9030.589844,Bpoints
551551.8105,7821527.629,-9105.719727,Bpoints
551789.3105,7820345.121,-9001.629883,Bpoints
550239.3105,7820063.57,-8953.650391,Bpoints
551951.8105,7820701.75,-9048.519531,Bpoints
549939.3105,7816853.898,-9059.129883,Bpoints
552126.8105,7817060.367,-8967.709961,Bpoints
548901.8105,7817210.527,-9086.080078,Bpoints
549701.8105,7816985.289,-9051.400391,Bpoints
551364.3105,7820101.109,-9052.200195,Bpoints
551639.3105,7821790.41,-9054.400391,Bpoints
549889.3105,7818055.18,-9097.320313,Bpoints
551464.3105,7821621.48,-9100.049805,Bpoints
549664.3105,7817961.328,-9093.610352,Bpoints
550189.3105,7816853.898,-9061.820313,Bpoints
550089.3105,7821152.23,-9137.269531,Bpoints
551376.8105,7819012.449,-9033.009766,Bpoints
551426.8105,7817229.301,-9015.139648,Bpoints
550751.8105,7819312.77,-9008.179688,Bpoints
550276.8105,7820758.059,-9061.889648,Bpoints
551526.8105,7821752.867,-9080.240234,Bpoints
551876.8105,7821734.102,-9032.240234,Bpoints
551989.3105,7820607.898,-9044.910156,Bpoints
551451.8105,7816760.051,-9019.269531,Bpoints
551476.8105,7820926.988,-9101.410156,Bpoints
549726.8105,7816760.051,-9053.049805,Bpoints
549526.8105,7819594.32,-9110.089844,Bpoints
552289.3105,7818017.637,-9028.490234,Bpoints
550464.3105,7821321.16,-9132.790039,Bpoints
552326.8105,7819500.469,-9049.139648,Bpoints
551176.8105,7820420.199,-9053.830078,Bpoints
552439.3105,7819556.777,-9041.160156,Bpoints
551726.8105,7820420.199,-9025.5,Bpoints
551064.3105,7820776.828,-9084.75,Bpoints
552051.8105,7821677.789,-9030.860352,Bpoints
552214.3105,7819819.559,-9006.400391,Bpoints
550251.8105,7820438.969,-8978.410156,Bpoints
552339.3105,7818073.949,-9031.769531,Bpoints
551476.8105,7819819.559,-9052.19043,Bpoints
551339.3105,7819725.711,-9051.160156,Bpoints
549664.3105,7816684.969,-9047.910156,Bpoints
551664.3105,7821677.789,-9071.230469,Bpoints
550776.8105,7821077.148,-9120.599609,Bpoints
551251.8105,7820026.027,-9054.969727,Bpoints
551364.3105,7820063.57,-9052.669922,Bpoints
551876.8105,7820082.34,-8964.480469,Bpoints
552114.3105,7818017.637,-9016.030273,Bpoints
551914.3105,7819181.379,-9042.219727,Bpoints
548901.8105,7817229.301,-9086.209961,Bpoints
552014.3105,7818017.637,-9008.280273,Bpoints
551239.3105,7816684.969,-9016.919922,Bpoints
552389.3105,7817248.07,-8931.25,Bpoints
551426.8105,7817191.758,-9016.709961,Bpoints
552001.8105,7816760.051,-8986.280273,Bpoints
551714.3105,7819556.777,-9034.5,Bpoints
551451.8105,7819725.711,-9047.040039,Bpoints
551989.3105,7819387.852,-9038.009766,Bpoints
552201.8105,7819481.699,-9031.929688,Bpoints
551601.8105,7819481.699,-9040.5,Bpoints
549889.3105,7816910.207,-9060.070313,Bpoints
549876.8105,7816816.359,-9057.509766,Bpoints
550301.8105,7820420.199,-8969.639648,Bpoints
549814.3105,7818111.488,-9096.30957,Bpoints
551564.3105,7820270.039,-9023.80957,Bpoints
549539.3105,7819200.148,-9102.730469,Bpoints
550776.8105,7820870.68,-9095.299805,Bpoints
550414.3105,7817154.219,-9051.980469,Bpoints
552101.8105,7819350.309,-9036.990234,Bpoints
551676.8105,7820101.109,-8981.959961,Bpoints
550939.3105,7821415.008,-9131.299805,Bpoints
551351.8105,7819838.328,-9055.759766,Bpoints
550114.3105,7817022.828,-9046.410156,Bpoints
551989.3105,7819444.16,-9031.120117,Bpoints
550401.8105,7821396.238,-9138.740234,Bpoints
551651.8105,7817454.539,-9017.160156,Bpoints
550614.3105,7821602.711,-9155.790039,Bpoints
550714.3105,7820889.449,-9104.009766,Bpoints
551489.3105,7818073.949,-9008.049805,Bpoints
552201.8105,7817135.449,-8961.129883,Bpoints
550389.3105,7820176.188,-8935.540039,Bpoints
551364.3105,7820007.258,-9052.950195,Bpoints
549564.3105,7819162.609,-9098.459961,Bpoints
551314.3105,7819969.719,-9053.75,Bpoints
549976.8105,7818186.57,-9098.410156,Bpoints
551451.8105,7821677.789,-9097.769531,Bpoints
550301.8105,7818580.738,-9075.75,Bpoints
551664.3105,7821565.168,-9095.669922,Bpoints
552289.3105,7819331.539,-9050.889648,Bpoints
551664.3105,7818430.578,-9018.049805,Bpoints
551526.8105,7818167.797,-9007.889648,Bpoints
551651.8105,7817585.93,-9024.780273,Bpoints
552176.8105,7817961.328,-9015.730469,Bpoints
552289.3105,7821790.41,-9019.669922,Bpoints
552389.3105,7819500.469,-9046.160156,Bpoints
550326.8105,7820720.52,-9043.110352,Bpoints
551014.3105,7820682.98,-9069.25,Bpoints
549751.8105,7819237.688,-9061.30957,Bpoints
551939.3105,7820814.371,-9060.349609,Bpoints
552176.8105,7821527.629,-9050.959961,Bpoints
551676.8105,7816985.289,-9016.410156,Bpoints
552314.3105,7817435.77,-8969.870117,Bpoints
550364.3105,7820551.59,-8987.830078,Bpoints
551626.8105,7820307.578,-9026.299805,Bpoints
551339.3105,7819256.457,-9045.320313,Bpoints
552014.3105,7817829.938,-9012.379883,Bpoints
549789.3105,7821640.25,-9180.679688,Bpoints
551751.8105,7820382.66,-9016,Bpoints
550426.8105,7821771.641,-9164.660156,Bpoints
552339.3105,7820514.051,-9035.709961,Bpoints
551976.8105,7819162.609,-9044.160156,Bpoints
550839.3105,7821771.641,-9151.719727,Bpoints
550414.3105,7821283.617,-9129.990234,Bpoints
552001.8105,7820889.449,-9071.429688,Bpoints
549051.8105,7820438.969,-9174.540039,Bpoints
551326.8105,7821377.469,-9118.19043,Bpoints
550364.3105,7821077.148,-9107.990234,Bpoints
552076.8105,7821752.867,-9014.799805,Bpoints
551226.8105,7821752.867,-9119.879883,Bpoints
551326.8105,7819031.219,-9035.959961,Bpoints
549651.8105,7819387.852,-9085.990234,Bpoints
550951.8105,7820870.68,-9089.910156,Bpoints
550989.3105,7821321.16,-9128.490234,Bpoints
550876.8105,7820251.27,-8996.599609,Bpoints
551626.8105,7819706.938,-9033.009766,Bpoints
549364.3105,7817492.078,-9018.669922,Bpoints
550239.3105,7816985.289,-9053.240234,Bpoints
550876.8105,7821039.609,-9112.490234,Bpoints
549789.3105,7819538.008,-9065.950195,Bpoints
551714.3105,7819387.852,-9044.540039,Bpoints
550301.8105,7817079.141,-9050.679688,Bpoints
551139.3105,7820082.34,-9049.379883,Bpoints
550651.8105,7821039.609,-9117.610352,Bpoints
551551.8105,7816760.051,-9017,Bpoints
552289.3105,7817980.098,-9021.80957,Bpoints
551689.3105,7819744.48,-9025.070313,Bpoints
551301.8105,7816872.668,-9017.669922,Bpoints
551614.3105,7820194.961,-9002.820313,Bpoints
551526.8105,7820532.82,-9060.150391,Bpoints
549751.8105,7821809.18,-9185.009766,Bpoints
551089.3105,7820551.59,-9062.410156,Bpoints
550064.3105,7818317.957,-9090.769531,Bpoints
551126.8105,7820232.5,-9043.019531,Bpoints
549739.3105,7821058.379,-9173.400391,Bpoints
551451.8105,7817341.918,-9016.040039,Bpoints
550301.8105,7820213.73,-8949.669922,Bpoints
551676.8105,7821377.469,-9115.700195,Bpoints
549414.3105,7817510.848,-9029.089844,Bpoints
550514.3105,7818149.027,-9069.839844,Bpoints
550614.3105,7820438.969,-8975.75,Bpoints
551689.3105,7818993.68,-9035.419922,Bpoints
549226.8105,7819706.938,-9146.070313,Bpoints
550064.3105,7816985.289,-9050.980469,Bpoints
550939.3105,7820833.141,-9083.009766,Bpoints
552014.3105,7821771.641,-9018.679688,Bpoints
549926.8105,7817285.609,-9061.769531,Bpoints
551726.8105,7817698.547,-9023.580078,Bpoints
551501.8105,7818993.68,-9031.269531,Bpoints
551339.3105,7817980.098,-9016.290039,Bpoints
551001.8105,7821246.078,-9123.919922,Bpoints
551751.8105,7821002.07,-9088.549805,Bpoints
549226.8105,7821246.078,-9185.839844,Bpoints
549864.3105,7818224.109,-9091.209961,Bpoints
550489.3105,7821302.391,-9130.950195,Bpoints
549776.8105,7817792.398,-9085.089844,Bpoints
550939.3105,7821095.918,-9118.830078,Bpoints
549726.8105,7819444.16,-9071.5,Bpoints
552101.8105,7820870.68,-9068.980469,Bpoints
551589.3105,7817492.078,-9021.150391,Bpoints
550139.3105,7816722.508,-9059.919922,Bpoints
552139.3105,7821827.949,-9006.049805,Bpoints
551826.8105,7817360.688,-8997.099609,Bpoints
551114.3105,7820945.758,-9108.669922,Bpoints
552339.3105,7820082.34,-9022.290039,Bpoints
549689.3105,7820532.82,-9125.80957,Bpoints
549551.8105,7817642.238,-9050.280273,Bpoints
551314.3105,7820457.738,-9068.44043,Bpoints
551939.3105,7820833.141,-9063.129883,Bpoints
551739.3105,7819763.25,-9021.219727,Bpoints
552389.3105,7820495.281,-9041.089844,Bpoints
551451.8105,7816778.816,-9018.580078,Bpoints
551464.3105,7816722.508,-9020.009766,Bpoints
550601.8105,7817323.148,-9049.44043,Bpoints
552126.8105,7817022.828,-8968.360352,Bpoints
550364.3105,7817004.059,-9060.660156,Bpoints
550489.3105,7821846.719,-9164.540039,Bpoints
549226.8105,7819594.32,-9140.950195,Bpoints
550689.3105,7816891.438,-9054.860352,Bpoints
551514.3105,7819706.938,-9043.889648,Bpoints
550464.3105,7820908.219,-9070.400391,Bpoints
549551.8105,7817266.84,-9019.69043,Bpoints
549801.8105,7821095.918,-9170.530273,Bpoints
551389.3105,7818787.207,-9021.589844,Bpoints
551276.8105,7821302.391,-9124,Bpoints
550139.3105,7816703.738,-9060.330078,Bpoints
551701.8105,7819068.758,-9038.719727,Bpoints
549114.3105,7819800.789,-9156.610352,Bpoints
548926.8105,7817961.328,-9105.780273,Bpoints
551439.3105,7820438.969,-9064.969727,Bpoints
551951.8105,7821565.168,-9070.129883,Bpoints
552164.3105,7820270.039,-8979.980469,Bpoints
552326.8105,7816891.438,-8937.730469,Bpoints
552226.8105,7820589.129,-9034.400391,Bpoints
549514.3105,7819125.07,-9100.370117,Bpoints
550101.8105,7821827.949,-9177.450195,Bpoints
549901.8105,7818299.188,-9087.009766,Bpoints
549976.8105,7817454.539,-9061.44043,Bpoints
549989.3105,7821771.641,-9185.719727,Bpoints
549589.3105,7817248.07,-9027.040039,Bpoints
552114.3105,7817792.398,-9009.879883,Bpoints
551814.3105,7819031.219,-9041.139648,Bpoints
552064.3105,7817998.871,-9010.870117,Bpoints
552164.3105,7817210.527,-8982.660156,Bpoints
551214.3105,7818618.281,-9026.969727,Bpoints
552401.8105,7820589.129,-9050.639648,Bpoints
550314.3105,7821771.641,-9160.929688,Bpoints
549901.8105,7817905.02,-9094.089844,Bpoints
550889.3105,7821508.859,-9135.25,Bpoints
549751.8105,7821208.539,-9173.240234,Bpoints
551301.8105,7820176.188,-9052.259766,Bpoints
550426.8105,7817022.828,-9058.259766,Bpoints
551764.3105,7819406.617,-9040.530273,Bpoints
551064.3105,7820870.68,-9095.580078,Bpoints
550426.8105,7820551.59,-8978,Bpoints
551589.3105,7819331.539,-9044.389648,Bpoints
550626.8105,7819744.48,-9006.480469,Bpoints
550614.3105,7820532.82,-8994.389648,Bpoints
551201.8105,7818956.141,-9033.480469,Bpoints
550489.3105,7821452.551,-9145.900391,Bpoints
551214.3105,7821246.078,-9129.25,Bpoints
552214.3105,7821039.609,-9078.169922,Bpoints
550501.8105,7820063.57,-8946.419922,Bpoints
552389.3105,7817923.789,-9005.530273,Bpoints
549626.8105,7820532.82,-9132.389648,Bpoints
550489.3105,7817229.301,-9051.030273,Bpoints
551439.3105,7819988.488,-9049.629883,Bpoints
550489.3105,7821415.008,-9141.459961,Bpoints
550251.8105,7818505.66,-9082.650391,Bpoints
550664.3105,7820138.648,-8955.290039,Bpoints
552226.8105,7820270.039,-8994.259766,Bpoints
552439.3105,7820551.59,-9050.370117,Bpoints
550226.8105,7820870.68,-9087.639648,Bpoints
552189.3105,7821208.539,-9079.19043,Bpoints
551051.8105,7817285.609,-9019.110352,Bpoints
552139.3105,7821790.41,-9009.719727,Bpoints
551451.8105,7819650.629,-9044.070313,Bpoints
551676.8105,7817548.387,-9021.980469,Bpoints
549864.3105,7817454.539,-9066.94043,Bpoints
549551.8105,7818768.438,-9067.570313,Bpoints
549789.3105,7817886.25,-9091.55957,Bpoints
549576.8105,7819538.008,-9100.099609,Bpoints
548876.8105,7819406.617,-9160.330078,Bpoints
549264.3105,7820044.801,-9147.290039,Bpoints
550051.8105,7820044.801,-9005.519531,Bpoints
550901.8105,7820589.129,-9035.160156,Bpoints
551276.8105,7821415.008,-9124.709961,Bpoints
551789.3105,7817792.398,-9022.870117,Bpoints
551651.8105,7819237.688,-9047.679688,Bpoints
551876.8105,7819500.469,-9032.969727,Bpoints
550964.3105,7820551.59,-9041.599609,Bpoints
550439.3105,7821546.398,-9156.360352,Bpoints
551764.3105,7817492.078,-9012.629883,Bpoints
551064.3105,7820232.5,-9037.69043,Bpoints
551514.3105,7817604.699,-9033.110352,Bpoints
550926.8105,7817079.141,-9037.25,Bpoints
551376.8105,7820532.82,-9074.080078,Bpoints
551539.3105,7816928.98,-9021.660156,Bpoints
549864.3105,7821152.23,-9160.709961,Bpoints
550251.8105,7821602.711,-9151.219727,Bpoints
551864.3105,7817829.938,-9019.509766,Bpoints
549876.8105,7818824.75,-9064.450195,Bpoints
552251.8105,7816966.52,-8942.870117,Bpoints
552089.3105,7820401.43,-8982.860352,Bpoints
552289.3105,7818899.828,-9047.860352,Bpoints
550826.8105,7821114.691,-9116.759766,Bpoints
551314.3105,7820701.75,-9084.089844,Bpoints
551539.3105,7820945.758,-9099.910156,Bpoints
549964.3105,7820270.039,-9018.400391,Bpoints
551901.8105,7817942.559,-9013.919922,Bpoints
549589.3105,7819744.48,-9106.290039,Bpoints
550751.8105,7819406.617,-9016.259766,Bpoints
550626.8105,7819350.309,-8984.19043,Bpoints
551826.8105,7819481.699,-9034.5,Bpoints
551414.3105,7819425.391,-9034.459961,Bpoints
550176.8105,7820945.758,-9104.610352,Bpoints
550764.3105,7820964.531,-9110.589844,Bpoints
551864.3105,7818449.348,-9031.089844,Bpoints
550376.8105,7821809.18,-9162.830078,Bpoints
550776.8105,7820776.828,-9074.929688,Bpoints
550351.8105,7818637.047,-9064.549805,Bpoints
550714.3105,7817736.09,-9057.570313,Bpoints
552001.8105,7818449.348,-9036.150391,Bpoints
550789.3105,7817792.398,-9055.259766,Bpoints
549701.8105,7818993.68,-9069.320313,Bpoints
551226.8105,7821452.551,-9128.709961,Bpoints
549351.8105,7819369.078,-9120.099609,Bpoints
549489.3105,7819650.629,-9118.700195,Bpoints
551539.3105,7818111.488,-9005.30957,Bpoints
549339.3105,7819988.488,-9141.080078,Bpoints
551676.8105,7820701.75,-9065.139648,Bpoints
551901.8105,7820213.73,-8957.379883,Bpoints
550251.8105,7821433.781,-9152.75,Bpoints
552214.3105,7819650.629,-9037.709961,Bpoints
552101.8105,7819556.777,-9014.519531,Bpoints
549676.8105,7817754.859,-9073.929688,Bpoints
549051.8105,7819481.699,-9146.299805,Bpoints
548939.3105,7820026.027,-9148.30957,Bpoints
550276.8105,7820964.531,-9106.349609,Bpoints
551589.3105,7819294,-9046.969727,Bpoints
549864.3105,7820382.66,-9075.700195,Bpoints
549039.3105,7817172.988,-9056.830078,Bpoints
550839.3105,7820701.75,-9057.629883,Bpoints
551126.8105,7820682.98,-9082.200195,Bpoints
549214.3105,7820082.34,-9144.620117,Bpoints
551451.8105,7816985.289,-9029.94043,Bpoints
551889.3105,7820307.578,-8976.549805,Bpoints
552101.8105,7820232.5,-8967.740234,Bpoints
549164.3105,7817811.168,-9069.290039,Bpoints
550889.3105,7820926.988,-9101.900391,Bpoints
551689.3105,7821133.457,-9110.709961,Bpoints
551601.8105,7817435.77,-9015.419922,Bpoints
551889.3105,7820176.188,-8956.490234,Bpoints
550364.3105,7821452.551,-9146.490234,Bpoints
550751.8105,7818017.637,-9045.139648,Bpoints
551164.3105,7821752.867,-9113.219727,Bpoints
550176.8105,7816910.207,-9058.799805,Bpoints
552151.8105,7818580.738,-9045.339844,Bpoints
548939.3105,7820307.578,-9166.530273,Bpoints
549464.3105,7817848.711,-9076.450195,Bpoints
549914.3105,7818768.438,-9051.5,Bpoints
549676.8105,7818561.969,-9065.209961,Bpoints
551051.8105,7820983.297,-9115.070313,Bpoints
550139.3105,7820626.668,-9050.44043,Bpoints
552164.3105,7819594.32,-9022.080078,Bpoints
551639.3105,7821827.949,-9050.780273,Bpoints
551464.3105,7821602.711,-9101.570313,Bpoints
549401.8105,7820026.027,-9137.740234,Bpoints
551826.8105,7819331.539,-9036.269531,Bpoints
551714.3105,7821527.629,-9095.30957,Bpoints
550676.8105,7819294,-8993.820313,Bpoints
552126.8105,7821208.539,-9079.179688,Bpoints
552026.8105,7818561.969,-9039.200195,Bpoints
550101.8105,7818430.578,-9087.660156,Bpoints
551489.3105,7820795.598,-9083.629883,Bpoints
552176.8105,7817435.77,-8983.839844,Bpoints
551589.3105,7817923.789,-9018.280273,Bpoints
551551.8105,7816684.969,-9016.129883,Bpoints
552401.8105,7820213.73,-9027.339844,Bpoints
550214.3105,7817210.527,-9052.799805,Bpoints
552439.3105,7817473.309,-8931.969727,Bpoints
552451.8105,7820607.898,-9055.219727,Bpoints
549826.8105,7821358.699,-9172.549805,Bpoints
550714.3105,7817848.711,-9055.919922,Bpoints
550139.3105,7820701.75,-9067.089844,Bpoints
549914.3105,7818261.648,-9088.950195,Bpoints
552051.8105,7820082.34,-8964.599609,Bpoints
551739.3105,7817567.16,-9017.629883,Bpoints
551826.8105,7821677.789,-9047.820313,Bpoints
550664.3105,7821396.238,-9142.660156,Bpoints
551514.3105,7819068.758,-9038.169922,Bpoints
550789.3105,7817661.008,-9049.030273,Bpoints
550351.8105,7817191.758,-9053.669922,Bpoints
550726.8105,7819068.758,-9002.459961,Bpoints
550489.3105,7819519.238,-8976,Bpoints
550764.3105,7819350.309,-9015.240234,Bpoints
551251.8105,7819988.488,-9053.639648,Bpoints
551676.8105,7816816.359,-9012.44043,Bpoints
551314.3105,7820495.281,-9071.150391,Bpoints
551451.8105,7819087.527,-9040.519531,Bpoints
549576.8105,7818224.109,-9094.44043,Bpoints
550489.3105,7821715.328,-9164.519531,Bpoints
551101.8105,7821246.078,-9130.429688,Bpoints
550651.8105,7820232.5,-8944.660156,Bpoints
552026.8105,7817642.238,-9010.120117,Bpoints
549139.3105,7820551.59,-9179.80957,Bpoints
550639.3105,7819500.469,-8998.450195,Bpoints
549776.8105,7820814.371,-9141.230469,Bpoints
551401.8105,7818111.488,-9013.379883,Bpoints
551176.8105,7821039.609,-9117.570313,Bpoints
552114.3105,7817172.988,-8984.19043,Bpoints
551464.3105,7820194.961,-9030.530273,Bpoints
552439.3105,7817829.938,-8989.900391,Bpoints
552276.8105,7819669.398,-9038.280273,Bpoints
551301.8105,7820213.73,-9048.620117,Bpoints
550839.3105,7820607.898,-9033.290039,Bpoints
549439.3105,7817698.547,-9062.339844,Bpoints
550051.8105,7820814.371,-9099.860352,Bpoints
550414.3105,7821077.148,-9100.599609,Bpoints
551239.3105,7820194.961,-9050.900391,Bpoints
552214.3105,7819312.77,-9043.040039,Bpoints
549339.3105,7819594.32,-9130.019531,Bpoints
551226.8105,7820232.5,-9047.299805,Bpoints
552389.3105,7817905.02,-9001.129883,Bpoints
550776.8105,7820401.43,-8974.089844,Bpoints
552101.8105,7817698.547,-9009.769531,Bpoints
551489.3105,7821452.551,-9112.910156,Bpoints
551964.3105,7817961.328,-9011.629883,Bpoints
549914.3105,7818130.258,-9098.049805,Bpoints
552389.3105,7819725.711,-9029.169922,Bpoints
550039.3105,7818186.57,-9100.44043,Bpoints
552351.8105,7819969.719,-9024.889648,Bpoints
550239.3105,7820101.109,-8953.769531,Bpoints
552289.3105,7821846.719,-9015.269531,Bpoints
551276.8105,7820983.297,-9109.120117,Bpoints
552264.3105,7821565.168,-9043.889648,Bpoints
552226.8105,7817604.699,-8993.950195,Bpoints
552201.8105,7821809.18,-9012.990234,Bpoints
551914.3105,7817773.629,-9016.049805,Bpoints
551101.8105,7821827.949,-9120.589844,Bpoints
548889.3105,7820007.258,-9149.219727,Bpoints
549914.3105,7820682.98,-9094.990234,Bpoints
550839.3105,7821659.02,-9140.849609,Bpoints
551001.8105,7820870.68,-9092.099609,Bpoints
549226.8105,7821208.539,-9186.599609,Bpoints
552051.8105,7817473.309,-8998.459961,Bpoints
551489.3105,7820739.289,-9081.179688,Bpoints
550676.8105,7821283.617,-9144.200195,Bpoints
549876.8105,7819237.688,-9044.099609,Bpoints
551101.8105,7821114.691,-9129.650391,Bpoints
551639.3105,7818618.281,-9017.150391,Bpoints
550651.8105,7820382.66,-8964.950195,Bpoints
551451.8105,7821696.559,-9096.379883,Bpoints
551464.3105,7820213.73,-9030.219727,Bpoints
552001.8105,7817304.379,-8991.580078,Bpoints
550264.3105,7816722.508,-9064.139648,Bpoints
551464.3105,7820251.27,-9031.379883,Bpoints
550414.3105,7821490.09,-9151.049805,Bpoints
550314.3105,7816928.98,-9064.230469,Bpoints
552401.8105,7818130.258,-9028.929688,Bpoints
551551.8105,7820758.059,-9077.5,Bpoints
551176.8105,7821152.23,-9128.410156,Bpoints
551451.8105,7821715.328,-9095.110352,Bpoints
550264.3105,7821077.148,-9121.070313,Bpoints
551989.3105,7817529.617,-9004.870117,Bpoints
549764.3105,7816872.668,-9050.240234,Bpoints
550601.8105,7819087.527,-8987.709961,Bpoints
551639.3105,7820457.738,-9038.639648,Bpoints
550314.3105,7816872.668,-9063.179688,Bpoints
550176.8105,7816985.289,-9049.110352,Bpoints
551364.3105,7816872.668,-9017.259766,Bpoints
549539.3105,7819218.918,-9103.620117,Bpoints
551539.3105,7818937.367,-9025.660156,Bpoints
551876.8105,7819406.617,-9034.769531,Bpoints
552289.3105,7819763.25,-9020.400391,Bpoints
551939.3105,7820476.508,-9016.700195,Bpoints
549276.8105,7821171,-9183.870117,Bpoints
549101.8105,7818073.949,-9107.589844,Bpoints
551426.8105,7816684.969,-9020.030273,Bpoints
548901.8105,7817529.617,-9069.450195,Bpoints
550939.3105,7821452.551,-9130.740234,Bpoints
552051.8105,7821396.238,-9081.379883,Bpoints
552101.8105,7821002.07,-9081.55957,Bpoints
551989.3105,7820626.668,-9047.589844,Bpoints
551951.8105,7820664.211,-9047.900391,Bpoints
551614.3105,7820232.5,-9011.709961,Bpoints
552114.3105,7817435.77,-8989.929688,Bpoints
550439.3105,7821471.32,-9148.769531,Bpoints
549176.8105,7819613.09,-9145.570313,Bpoints
552214.3105,7817285.609,-8977.950195,Bpoints
551389.3105,7820401.43,-9060.910156,Bpoints
552439.3105,7821508.859,-9061.459961,Bpoints
549714.3105,7818055.18,-9094.679688,Bpoints
549876.8105,7821396.238,-9176.759766,Bpoints
552051.8105,7818393.039,-9034.790039,Bpoints
550176.8105,7820063.57,-8964.570313,Bpoints
551576.8105,7818974.91,-9028.660156,Bpoints
551101.8105,7821208.539,-9130.929688,Bpoints
552439.3105,7821659.02,-9036.480469,Bpoints
550926.8105,7821715.328,-9138.94043,Bpoints
550489.3105,7816947.75,-9061.990234,Bpoints
551589.3105,7821058.379,-9105.580078,Bpoints
552076.8105,7819744.48,-9009.219727,Bpoints
550851.8105,7821715.328,-9147.049805,Bpoints
551801.8105,7818993.68,-9039.860352,Bpoints
551889.3105,7817135.449,-9009.669922,Bpoints
551176.8105,7816684.969,-9022.599609,Bpoints
551876.8105,7820514.051,-9030.110352,Bpoints
549576.8105,7819500.469,-9097.889648,Bpoints
549939.3105,7819256.457,-9038.849609,Bpoints
551589.3105,7819444.16,-9040.570313,Bpoints
550989.3105,7821152.23,-9122.75,Bpoints
551789.3105,7819594.32,-9031.879883,Bpoints
549589.3105,7817285.609,-9023.94043,Bpoints
551314.3105,7820664.211,-9080.929688,Bpoints
550351.8105,7817210.527,-9054.419922,Bpoints
551451.8105,7821283.617,-9119.679688,Bpoints
551301.8105,7821002.07,-9109.780273,Bpoints
552439.3105,7821696.559,-9031.610352,Bpoints
548939.3105,7819875.867,-9152.55957,Bpoints
551264.3105,7821715.328,-9121.80957,Bpoints
550664.3105,7820457.738,-8977.290039,Bpoints
552201.8105,7821734.102,-9022.049805,Bpoints
549626.8105,7820795.598,-9151.070313,Bpoints
552376.8105,7816816.359,-8938.349609,Bpoints
549001.8105,7819669.398,-9152.919922,Bpoints
549151.8105,7818073.949,-9105.530273,Bpoints
549414.3105,7817229.301,-9013.790039,Bpoints
551076.8105,7820194.961,-9042.009766,Bpoints
550926.8105,7820983.297,-9113.339844,Bpoints
549451.8105,7821508.859,-9187.69043,Bpoints
550739.3105,7817585.93,-9048.299805,Bpoints
550676.8105,7820589.129,-9014.740234,Bpoints
550264.3105,7816684.969,-9065.94043,Bpoints
552376.8105,7821508.859,-9058.209961,Bpoints
549089.3105,7820326.348,-9159.160156,Bpoints
551614.3105,7821415.008,-9115.410156,Bpoints
550964.3105,7820495.281,-9031.879883,Bpoints
550201.8105,7821377.469,-9156.730469,Bpoints
549676.8105,7818974.91,-9068,Bpoints
551826.8105,7818299.188,-9021.5,Bpoints
548951.8105,7819838.328,-9154.330078,Bpoints
551101.8105,7817191.758,-9026.19043,Bpoints
551551.8105,7820626.668,-9066.040039,Bpoints
551614.3105,7817886.25,-9022.839844,Bpoints
551326.8105,7816910.207,-9022,Bpoints
552414.3105,7821734.102,-9027,Bpoints
551014.3105,7820701.75,-9072.370117,Bpoints
551839.3105,7819087.527,-9042.339844,Bpoints
551389.3105,7820983.297,-9109.280273,Bpoints
551476.8105,7818787.207,-9015.769531,Bpoints
551076.8105,7820626.668,-9070.990234,Bpoints
551464.3105,7821077.148,-9112.290039,Bpoints
551489.3105,7816684.969,-9019.80957,Bpoints
551576.8105,7820457.738,-9047.139648,Bpoints
551851.8105,7820307.578,-8981.709961,Bpoints
551514.3105,7818393.039,-9027.379883,Bpoints
550414.3105,7820495.281,-8970.530273,Bpoints
552076.8105,7821827.949,-9007.44043,Bpoints
549026.8105,7820082.34,-9142.370117,Bpoints
551801.8105,7818374.27,-9021.419922,Bpoints
550489.3105,7820307.578,-8945.950195,Bpoints
552414.3105,7821771.641,-9021.94043,Bpoints
549476.8105,7817792.398,-9069.379883,Bpoints
549489.3105,7817642.238,-9051.009766,Bpoints
549951.8105,7816891.438,-9060.830078,Bpoints
552201.8105,7817154.219,-8965.429688,Bpoints
551189.3105,7820833.141,-9097.169922,Bpoints
550351.8105,7821039.609,-9105.879883,Bpoints
550889.3105,7820739.289,-9067.240234,Bpoints
550664.3105,7820776.828,-9074.269531,Bpoints
552376.8105,7821640.25,-9037.959961,Bpoints
550651.8105,7820870.68,-9091.94043,Bpoints
549864.3105,7820401.43,-9080.230469,Bpoints
549726.8105,7818017.637,-9095.950195,Bpoints
551001.8105,7820908.219,-9099.660156,Bpoints
551226.8105,7818937.367,-9032.410156,Bpoints
551976.8105,7817323.148,-8988.030273,Bpoints
552389.3105,7818167.797,-9034.55957,Bpoints
549939.3105,7819200.148,-9041.610352,Bpoints
549601.8105,7820326.348,-9118.650391,Bpoints
549989.3105,7820532.82,-9063.400391,Bpoints
551189.3105,7820795.598,-9093.330078,Bpoints
550064.3105,7816891.438,-9058.879883,Bpoints
550626.8105,7821490.09,-9147.129883,Bpoints
551214.3105,7821283.617,-9130.5,Bpoints
551576.8105,7818486.891,-9023.299805,Bpoints
551576.8105,7817285.609,-9008.200195,Bpoints
552201.8105,7821846.719,-9008.799805,Bpoints
549339.3105,7819538.008,-9126.830078,Bpoints
549126.8105,7820607.898,-9182.610352,Bpoints
550226.8105,7821077.148,-9125.620117,Bpoints
549914.3105,7821133.457,-9154.150391,Bpoints
551276.8105,7821752.867,-9121.269531,Bpoints
552126.8105,7818092.719,-9028.040039,Bpoints
551564.3105,7816816.359,-9015.900391,Bpoints
549114.3105,7819519.238,-9143.919922,Bpoints
550914.3105,7821771.641,-9147.269531,Bpoints
551989.3105,7817454.539,-8997.370117,Bpoints
551289.3105,7819350.309,-9036.30957,Bpoints
551101.8105,7821546.398,-9122.950195,Bpoints
549951.8105,7817079.141,-9052.660156,Bpoints
550501.8105,7821659.02,-9161.030273,Bpoints
550889.3105,7816928.98,-9041.219727,Bpoints
549051.8105,7820176.188,-9146.049805,Bpoints
549889.3105,7818918.598,-9069.889648,Bpoints
549276.8105,7819406.617,-9131.230469,Bpoints
551401.8105,7818374.27,-9017.950195,Bpoints
549514.3105,7817754.859,-9064.769531,Bpoints
551376.8105,7821020.84,-9110.55957,Bpoints
552164.3105,7817510.848,-8992.929688,Bpoints
551489.3105,7820495.281,-9064.580078,Bpoints
550676.8105,7821790.41,-9155.860352,Bpoints
549664.3105,7819143.84,-9079.459961,Bpoints
551851.8105,7821452.551,-9087.980469,Bpoints
552439.3105,7821246.078,-9071.549805,Bpoints
552151.8105,7821283.617,-9077.469727,Bpoints
551751.8105,7819068.758,-9039.639648,Bpoints
551626.8105,7817323.148,-9007.740234,Bpoints
549826.8105,7817379.461,-9062.5,Bpoints
551851.8105,7817623.469,-9012.339844,Bpoints
551626.8105,7818486.891,-9019.150391,Bpoints
549589.3105,7819425.391,-9095.429688,Bpoints
549164.3105,7819650.629,-9148.490234,Bpoints
550114.3105,7820270.039,-8966.269531,Bpoints
552139.3105,7821415.008,-9068.05957,Bpoints
550476.8105,7817285.609,-9056.769531,Bpoints
550426.8105,7816891.438,-9059.620117,Bpoints
549626.8105,7820401.43,-9125.660156,Bpoints
549276.8105,7820589.129,-9168.160156,Bpoints
549814.3105,7818374.27,-9086.25,Bpoints
552051.8105,7821358.699,-9084.120117,Bpoints
549664.3105,7819218.918,-9082.700195,Bpoints
549864.3105,7820438.969,-9087.049805,Bpoints
549089.3105,7819894.641,-9154.969727,Bpoints
551789.3105,7821302.391,-9101.849609,Bpoints
552076.8105,7818130.258,-9026.929688,Bpoints
552076.8105,7821490.09,-9052.549805,Bpoints
550676.8105,7817191.758,-9035.740234,Bpoints
549539.3105,7819237.688,-9104.370117,Bpoints
551376.8105,7819031.219,-9034.669922,Bpoints
550176.8105,7820138.648,-8959.139648,Bpoints
550301.8105,7821433.781,-9148.5,Bpoints
549639.3105,7821039.609,-9165.459961,Bpoints
552264.3105,7817304.379,-8972.740234,Bpoints
551839.3105,7821527.629,-9077.94043,Bpoints
550101.8105,7820908.219,-9107.30957,Bpoints
549814.3105,7816816.359,-9055.370117,Bpoints
549701.8105,7816741.277,-9051.320313,Bpoints
549451.8105,7821677.789,-9194.730469,Bpoints
549701.8105,7820438.969,-9121.55957,Bpoints
549326.8105,7819481.699,-9125.599609,Bpoints
549639.3105,7819049.988,-9076.580078,Bpoints
551326.8105,7819143.84,-9044.290039,Bpoints
552439.3105,7817642.238,-8969.30957,Bpoints
552326.8105,7821602.711,-9040.5,Bpoints
551189.3105,7820607.898,-9077.339844,Bpoints
549676.8105,7818261.648,-9092.990234,Bpoints
551626.8105,7821246.078,-9116.769531,Bpoints
550726.8105,7821227.309,-9143.040039,Bpoints
550376.8105,7816910.207,-9062.980469,Bpoints
551451.8105,7821246.078,-9120.110352,Bpoints
550201.8105,7820044.801,-8960.549805,Bpoints
552351.8105,7818130.258,-9035.099609,Bpoints
551801.8105,7819800.789,-9019.950195,Bpoints
552251.8105,7820420.199,-9010.669922,Bpoints
550451.8105,7821752.867,-9165.519531,Bpoints
552201.8105,7821283.617,-9077.259766,Bpoints
549264.3105,7819894.641,-9143.820313,Bpoints
549901.8105,7817191.758,-9057.929688,Bpoints
551376.8105,7818749.668,-9020.360352,Bpoints
550064.3105,7816928.98,-9056.570313,Bpoints
550189.3105,7821677.789,-9163.179688,Bpoints
549001.8105,7817679.777,-9071.379883,Bpoints
549401.8105,7819462.93,-9115.400391,Bpoints
552151.8105,7821734.102,-9017.629883,Bpoints
552101.8105,7820138.648,-8969.610352,Bpoints
551801.8105,7820307.578,-8991.290039,Bpoints
549701.8105,7816947.75,-9049.19043,Bpoints
549864.3105,7818092.719,-9097.330078,Bpoints
550089.3105,7821189.77,-9139.69043,Bpoints
549889.3105,7816947.75,-9059.929688,Bpoints
551651.8105,7818393.039,-9018.459961,Bpoints
550239.3105,7816947.75,-9057.620117,Bpoints
551501.8105,7820551.59,-9065.549805,Bpoints
551839.3105,7817398.227,-9000.030273,Bpoints
549801.8105,7821058.379,-9168.629883,Bpoints
551814.3105,7819068.758,-9041.450195,Bpoints
551526.8105,7821696.559,-9082.769531,Bpoints
551164.3105,7818956.141,-9034.320313,Bpoints
551539.3105,7820908.219,-9095.030273,Bpoints
551851.8105,7817661.008,-9013.849609,Bpoints
549526.8105,7819369.078,-9100.639648,Bpoints
549039.3105,7817210.527,-9055.759766,Bpoints
552139.3105,7818543.199,-9044.230469,Bpoints
551601.8105,7817961.328,-9015.480469,Bpoints
551964.3105,7821471.32,-9085.30957,Bpoints
551289.3105,7818299.188,-9019.080078,Bpoints
552264.3105,7817604.699,-8989.259766,Bpoints
549926.8105,7820720.52,-9099.290039,Bpoints
550239.3105,7820194.961,-8952.219727,Bpoints
550664.3105,7821321.16,-9143.959961,Bpoints
551639.3105,7818561.969,-9017.950195,Bpoints
550264.3105,7816778.816,-9061.320313,Bpoints
551526.8105,7819913.41,-9047.200195,Bpoints
551639.3105,7820495.281,-9041.339844,Bpoints
552101.8105,7820964.531,-9079.129883,Bpoints
550489.3105,7821508.859,-9152.240234,Bpoints
550339.3105,7820363.887,-8957.230469,Bpoints
551014.3105,7820739.289,-9077.410156,Bpoints
551489.3105,7816647.43,-9019.80957,Bpoints
550639.3105,7820438.969,-8975,Bpoints
551426.8105,7820851.91,-9095.610352,Bpoints
549951.8105,7817060.367,-9053.160156,Bpoints
549314.3105,7820589.129,-9162.769531,Bpoints
549801.8105,7816797.59,-9055.450195,Bpoints
551114.3105,7821020.84,-9119.089844,Bpoints
552439.3105,7817585.93,-8961.030273,Bpoints
552126.8105,7821752.867,-9013.139648,Bpoints
552214.3105,7817248.07,-8978.070313,Bpoints
551514.3105,7821790.41,-9081.089844,Bpoints
551264.3105,7818317.957,-9020.660156,Bpoints
551426.8105,7820814.371,-9091.519531,Bpoints
550751.8105,7817154.219,-9035.450195,Bpoints
552076.8105,7820551.59,-9027.049805,Bpoints
552264.3105,7819894.641,-9016.75,Bpoints
551989.3105,7817135.449,-8997.769531,Bpoints
552326.8105,7820551.59,-9036.959961,Bpoints
552289.3105,7821809.18,-9018.120117,Bpoints
549814.3105,7819237.688,-9049.030273,Bpoints
551576.8105,7821152.23,-9109.580078,Bpoints
551176.8105,7820908.219,-9104.769531,Bpoints
552376.8105,7821677.789,-9033.360352,Bpoints
549539.3105,7819256.457,-9104.75,Bpoints
551051.8105,7816872.668,-9031.740234,Bpoints
552214.3105,7821583.941,-9040.950195,Bpoints
551664.3105,7817736.09,-9026.55957,Bpoints
549114.3105,7819613.09,-9149.080078,Bpoints
552439.3105,7819800.789,-9026.830078,Bpoints
551839.3105,7819932.18,-9005.110352,Bpoints
549926.8105,7817454.539,-9065.179688,Bpoints
549664.3105,7819181.379,-9081.19043,Bpoints
551364.3105,7820138.648,-9050.709961,Bpoints
551926.8105,7820101.109,-8959.299805,Bpoints
549526.8105,7819331.539,-9102.5,Bpoints
551589.3105,7816928.98,-9019.530273,Bpoints
550326.8105,7816778.816,-9059.30957,Bpoints
552426.8105,7818036.41,-9017.450195,Bpoints
551714.3105,7819162.609,-9041.919922,Bpoints
551214.3105,7819969.719,-9051.25,Bpoints
549926.8105,7818092.719,-9098.870117,Bpoints
549276.8105,7821283.617,-9181.19043,Bpoints
551414.3105,7820889.449,-9101.389648,Bpoints
550064.3105,7816722.508,-9047.299805,Bpoints
549164.3105,7820626.668,-9181.44043,Bpoints
551139.3105,7821321.16,-9131.299805,Bpoints
549751.8105,7820495.281,-9117.599609,Bpoints
550776.8105,7820232.5,-8972.570313,Bpoints
551389.3105,7819669.398,-9044.980469,Bpoints
550751.8105,7817116.68,-9038.459961,Bpoints
551489.3105,7820026.027,-9039.230469,Bpoints
549739.3105,7819162.609,-9061.089844,Bpoints
549251.8105,7817323.148,-9004.299805,Bpoints
551439.3105,7820701.75,-9084.099609,Bpoints
552039.3105,7821583.941,-9044.129883,Bpoints
551276.8105,7821659.02,-9119.030273,Bpoints
552201.8105,7821771.641,-9016.799805,Bpoints
552276.8105,7819857.098,-9009.009766,Bpoints
551576.8105,7820570.359,-9055.759766,Bpoints
550151.8105,7820739.289,-9072.879883,Bpoints
552264.3105,7821283.617,-9073.870117,Bpoints
551801.8105,7821433.781,-9092.910156,Bpoints
550039.3105,7817248.07,-9058.620117,Bpoints
550726.8105,7821321.16,-9146.570313,Bpoints
550114.3105,7820063.57,-8982.179688,Bpoints
552139.3105,7821565.168,-9044.620117,Bpoints
550301.8105,7816985.289,-9059,Bpoints
551526.8105,7821039.609,-9108.019531,Bpoints
549226.8105,7818055.18,-9103.320313,Bpoints
549014.3105,7817417,-9058.200195,Bpoints
550651.8105,7820814.371,-9080.929688,Bpoints
550664.3105,7818036.41,-9052.980469,Bpoints
550614.3105,7821452.551,-9144.230469,Bpoints
551351.8105,7820945.758,-9107.69043,Bpoints
550451.8105,7819481.699,-8982.30957,Bpoints
548951.8105,7817454.539,-9067.519531,Bpoints
550151.8105,7817154.219,-9052.230469,Bpoints
551651.8105,7819275.23,-9047.610352,Bpoints
552351.8105,7820457.738,-9033.169922,Bpoints
551701.8105,7821752.867,-9049.389648,Bpoints
552201.8105,7821471.32,-9060.269531,Bpoints
550801.8105,7816816.359,-9047.900391,Bpoints
552251.8105,7821452.551,-9062.570313,Bpoints
549826.8105,7818073.949,-9097.419922,Bpoints
549101.8105,7819387.852,-9145.959961,Bpoints
549114.3105,7817379.461,-9038.509766,Bpoints
551326.8105,7819932.18,-9053.69043,Bpoints
549101.8105,7819294,-9149.959961,Bpoints
551214.3105,7821715.328,-9120.040039,Bpoints
551364.3105,7820682.98,-9083.889648,Bpoints
550889.3105,7820701.75,-9059.919922,Bpoints
549176.8105,7819331.539,-9141.80957,Bpoints
549651.8105,7818111.488,-9092.839844,Bpoints
551214.3105,7821339.93,-9130.950195,Bpoints
551776.8105,7819162.609,-9039.450195,Bpoints
549201.8105,7817398.227,-9015.849609,Bpoints
549801.8105,7821189.77,-9168.080078,Bpoints
551851.8105,7821377.469,-9092.849609,Bpoints
552326.8105,7820908.219,-9060.589844,Bpoints
551926.8105,7817585.93,-9008.870117,Bpoints
551426.8105,7820176.188,-9039.120117,Bpoints
551976.8105,7817398.227,-8989.820313,Bpoints
549639.3105,7819087.527,-9080.75,Bpoints
550376.8105,7820157.418,-8939.150391,Bpoints
551939.3105,7817135.449,-9006.339844,Bpoints
552064.3105,7817698.547,-9010.790039,Bpoints
551314.3105,7820288.809,-9045.209961,Bpoints
551414.3105,7820776.828,-9089.480469,Bpoints
549814.3105,7819162.609,-9047.769531,Bpoints
549714.3105,7817792.398,-9080.339844,Bpoints
551001.8105,7821114.691,-9125.139648,Bpoints
551926.8105,7817848.711,-9015.290039,Bpoints
551614.3105,7821508.859,-9107.089844,Bpoints
550189.3105,7817135.449,-9048.549805,Bpoints
551251.8105,7820776.828,-9089.950195,Bpoints
551364.3105,7819125.07,-9042.740234,Bpoints
552326.8105,7817679.777,-8995.94043,Bpoints
551376.8105,7818956.141,-9028.599609,Bpoints
551626.8105,7817229.301,-9009.700195,Bpoints
551626.8105,7821095.918,-9108.450195,Bpoints
551251.8105,7820870.68,-9100.740234,Bpoints
551789.3105,7817679.777,-9018.040039,Bpoints
551914.3105,7817623.469,-9010.700195,Bpoints
550701.8105,7820664.211,-9043.730469,Bpoints
550126.8105,7819969.719,-8979.370117,Bpoints
550826.8105,7821433.781,-9143.139648,Bpoints
552301.8105,7820401.43,-9020.299805,Bpoints
549614.3105,7819594.32,-9097.75,Bpoints
551501.8105,7819462.93,-9036.870117,Bpoints
550089.3105,7821264.848,-9148.459961,Bpoints
552439.3105,7816816.359,-8923.480469,Bpoints
549876.8105,7818355.5,-9086.05957,Bpoints
550001.8105,7818881.059,-9059.080078,Bpoints
549914.3105,7817417,-9065.910156,Bpoints
551739.3105,7818937.367,-9035.200195,Bpoints
549376.8105,7820119.879,-9141.910156,Bpoints
549626.8105,7817529.617,-9046.650391,Bpoints
551539.3105,7817454.539,-9019.009766,Bpoints
550514.3105,7817717.32,-9066.870117,Bpoints
551739.3105,7817848.711,-9026.959961,Bpoints
551151.8105,7818899.828,-9033.929688,Bpoints
550501.8105,7817135.449,-9045.410156,Bpoints
549539.3105,7817829.938,-9079.19043,Bpoints
549901.8105,7817341.918,-9064.080078,Bpoints
552226.8105,7818017.637,-9027.790039,Bpoints
552439.3105,7819331.539,-9055.469727,Bpoints
550326.8105,7821114.691,-9116.900391,Bpoints
551276.8105,7820945.758,-9107.450195,Bpoints
552314.3105,7819256.457,-9053.209961,Bpoints
551576.8105,7819087.527,-9038.839844,Bpoints
549714.3105,7820307.578,-9092.320313,Bpoints
549601.8105,7821358.699,-9175.480469,Bpoints
549939.3105,7821452.551,-9180.009766,Bpoints
552114.3105,7820776.828,-9064.339844,Bpoints
551164.3105,7821602.711,-9122.480469,Bpoints
551189.3105,7820101.109,-9053.25,Bpoints
552089.3105,7818036.41,-9015.349609,Bpoints
550351.8105,7821283.617,-9131.780273,Bpoints
550064.3105,7820194.961,-8984.089844,Bpoints
551001.8105,7821415.008,-9129.919922,Bpoints
550201.8105,7821471.32,-9155.049805,Bpoints
550239.3105,7821302.391,-9147.519531,Bpoints
551376.8105,7821583.941,-9113.150391,Bpoints
549276.8105,7819782.02,-9144.110352,Bpoints
550464.3105,7819369.078,-8979.80957,Bpoints
550764.3105,7819143.84,-8993.540039,Bpoints
551539.3105,7818805.98,-9015.620117,Bpoints
552401.8105,7820382.66,-9031.269531,Bpoints
548964.3105,7820682.98,-9184.959961,Bpoints
550776.8105,7821583.941,-9142.349609,Bpoints
549751.8105,7819369.078,-9062.790039,Bpoints
549676.8105,7820288.809,-9097.580078,Bpoints
551876.8105,7819312.77,-9035.349609,Bpoints
552289.3105,7817097.91,-8937.30957,Bpoints
550176.8105,7820964.531,-9108.700195,Bpoints
551926.8105,7821020.84,-9086.610352,Bpoints
549351.8105,7820945.758,-9178.410156,Bpoints
551951.8105,7819857.098,-9006.799805,Bpoints
551564.3105,7817360.688,-9009.889648,Bpoints
549701.8105,7819631.859,-9084.94043,Bpoints
551726.8105,7820176.188,-8976.480469,Bpoints
550426.8105,7820082.34,-8941.429688,Bpoints
551389.3105,7819932.18,-9054.160156,Bpoints
550776.8105,7820570.359,-9018.910156,Bpoints
551639.3105,7817773.629,-9026.849609,Bpoints
549876.8105,7817266.84,-9060.830078,Bpoints
552201.8105,7818092.719,-9035.769531,Bpoints
550501.8105,7820814.371,-9049.870117,Bpoints
552251.8105,7820363.887,-9004.879883,Bpoints
551051.8105,7821771.641,-9123.129883,Bpoints
552176.8105,7819425.391,-9032.599609,Bpoints
552051.8105,7819406.617,-9035.599609,Bpoints
549364.3105,7819275.23,-9110.179688,Bpoints
551739.3105,7819894.641,-9019.259766,Bpoints
550001.8105,7818824.75,-9054.179688,Bpoints
550714.3105,7820194.961,-8959.490234,Bpoints
549089.3105,7817191.758,-9045.040039,Bpoints
548964.3105,7820194.961,-9158.05957,Bpoints
552176.8105,7817097.91,-8959.919922,Bpoints
550289.3105,7820026.027,-8952.639648,Bpoints
552401.8105,7817172.988,-8908.089844,Bpoints
549376.8105,7818374.27,-9102.110352,Bpoints
550826.8105,7821189.77,-9126.299805,Bpoints
549526.8105,7817492.078,-9029.950195,Bpoints
549089.3105,7816891.438,-9080.290039,Bpoints
550114.3105,7818355.5,-9089.110352,Bpoints
551939.3105,7816816.359,-9001.879883,Bpoints
551401.8105,7819256.457,-9047.120117,Bpoints
549689.3105,7818149.027,-9093.629883,Bpoints
550139.3105,7821283.617,-9151.919922,Bpoints
551676.8105,7818468.117,-9019.910156,Bpoints
549789.3105,7819031.219,-9059.950195,Bpoints
550501.8105,7819425.391,-8974.950195,Bpoints
552014.3105,7817754.859,-9013.169922,Bpoints
548926.8105,7820926.988,-9202.480469,Bpoints
550476.8105,7820194.961,-8929.769531,Bpoints
551901.8105,7817041.598,-9000.030273,Bpoints
551764.3105,7819312.77,-9041.169922,Bpoints
550714.3105,7821114.691,-9131.349609,Bpoints
549576.8105,7817473.309,-9032.30957,Bpoints
552351.8105,7820176.188,-9023.80957,Bpoints
552101.8105,7819838.328,-8999.280273,Bpoints
551051.8105,7821077.148,-9127.44043,Bpoints
552264.3105,7820157.418,-9006.070313,Bpoints
550701.8105,7819462.93,-9008.419922,Bpoints
549326.8105,7819725.711,-9137.780273,Bpoints
549364.3105,7819782.02,-9136.950195,Bpoints
551964.3105,7820964.531,-9081.5,Bpoints
548926.8105,7817041.598,-9079.099609,Bpoints
549364.3105,7817623.469,-9053.280273,Bpoints
549639.3105,7820438.969,-9128.849609,Bpoints
551901.8105,7817341.918,-8988.969727,Bpoints
549639.3105,7819744.48,-9098.240234,Bpoints
550339.3105,7821189.77,-9124.230469,Bpoints
549964.3105,7817191.758,-9056.599609,Bpoints
549939.3105,7819181.379,-9042.410156,Bpoints
552439.3105,7817191.758,-8899.830078,Bpoints
548976.8105,7820420.199,-9175.139648,Bpoints
550364.3105,7817041.598,-9056.280273,Bpoints
551776.8105,7817604.699,-9015.75,Bpoints
551589.3105,7818261.648,-9017.230469,Bpoints
550026.8105,7821602.711,-9183.05957,Bpoints
549839.3105,7819594.32,-9058.469727,Bpoints
552439.3105,7817097.91,-8880.419922,Bpoints
550776.8105,7821264.848,-9143.650391,Bpoints
550014.3105,7820251.27,-8998.959961,Bpoints
552176.8105,7820645.438,-9049.629883,Bpoints
549789.3105,7818824.75,-9071.759766,Bpoints
552176.8105,7817754.859,-9019.169922,Bpoints
550026.8105,7821171,-9143.400391,Bpoints
549689.3105,7819575.551,-9085.790039,Bpoints
552439.3105,7820307.578,-9029.75,Bpoints
552326.8105,7817923.789,-9008.089844,Bpoints
549989.3105,7817379.461,-9060.919922,Bpoints
552226.8105,7818036.41,-9030.5,Bpoints
551751.8105,7818280.418,-9015.69043,Bpoints
551776.8105,7817754.859,-9021.759766,Bpoints
549464.3105,7817473.309,-9021.099609,Bpoints
551639.3105,7820795.598,-9078.839844,Bpoints
552126.8105,7820476.508,-9001.94043,Bpoints
551764.3105,7821734.102,-9043.94043,Bpoints
551876.8105,7818862.289,-9033.540039,Bpoints
549076.8105,7817060.367,-9059.80957,Bpoints
551264.3105,7819575.551,-9039.299805,Bpoints
551014.3105,7821846.719,-9137.889648,Bpoints
551589.3105,7818787.207,-9014.55957,Bpoints
549689.3105,7821452.551,-9177.009766,Bpoints
552151.8105,7819237.688,-9042.870117,Bpoints
551026.8105,7820570.359,-9055.200195,Bpoints
551214.3105,7818280.418,-9026.660156,Bpoints
549301.8105,7817285.609,-9002.469727,Bpoints
549701.8105,7818355.5,-9085.179688,Bpoints
551864.3105,7819688.168,-9021.150391,Bpoints
550251.8105,7821659.02,-9155.900391,Bpoints
549639.3105,7820213.73,-9103.049805,Bpoints
549876.8105,7816872.668,-9058.700195,Bpoints
549501.8105,7820551.59,-9148.469727,Bpoints
552189.3105,7820026.027,-9002.030273,Bpoints
549476.8105,7819838.328,-9126.469727,Bpoints
551214.3105,7819800.789,-9050.519531,Bpoints
551826.8105,7817454.539,-9006.070313,Bpoints
550739.3105,7821677.789,-9152.959961,Bpoints
550601.8105,7819462.93,-8983.129883,Bpoints
551514.3105,7820401.43,-9052.860352,Bpoints
551314.3105,7818843.52,-9026.780273,Bpoints
551326.8105,7818899.828,-9028.049805,Bpoints
549714.3105,7817623.469,-9068.379883,Bpoints
550664.3105,7818317.957,-9052.070313,Bpoints
552164.3105,7817623.469,-9002.009766,Bpoints
548926.8105,7817848.711,-9092.459961,Bpoints
548876.8105,7817905.02,-9100.549805,Bpoints
549576.8105,7821058.379,-9164.820313,Bpoints
551826.8105,7820194.961,-8963.679688,Bpoints
549189.3105,7816947.75,-9059.589844,Bpoints
549314.3105,7820194.961,-9138.30957,Bpoints
551426.8105,7818561.969,-9014.139648,Bpoints
552064.3105,7819763.25,-9008.040039,Bpoints
550776.8105,7821508.859,-9140.889648,Bpoints
551476.8105,7821752.867,-9089.299805,Bpoints
551851.8105,7819782.02,-9018.55957,Bpoints
549464.3105,7818224.109,-9096.519531,Bpoints
552001.8105,7819932.18,-8989.540039,Bpoints
549164.3105,7818130.258,-9107.320313,Bpoints
551301.8105,7819669.398,-9047,Bpoints
551314.3105,7817191.758,-9014.160156,Bpoints
551364.3105,7818486.891,-9015.219727,Bpoints
550489.3105,7817323.148,-9058.669922,Bpoints
550464.3105,7819312.77,-8977.75,Bpoints
550676.8105,7821546.398,-9149.259766,Bpoints
552064.3105,7819669.398,-9005.629883,Bpoints
551889.3105,7819857.098,-9012.719727,Bpoints
549964.3105,7820138.648,-9030.370117,Bpoints
551689.3105,7818355.5,-9016.179688,Bpoints
551839.3105,7818017.637,-9004.450195,Bpoints
552451.8105,7818092.719,-9020.389648,Bpoints
548939.3105,7818186.57,-9121.679688,Bpoints
552401.8105,7817079.141,-8889.269531,Bpoints
550164.3105,7820532.82,-9023.05957,Bpoints
551326.8105,7821790.41,-9115.94043,Bpoints
552439.3105,7819932.18,-9024.929688,Bpoints
549526.8105,7818261.648,-9093.639648,Bpoints
551464.3105,7820401.43,-9057.629883,Bpoints
552401.8105,7819988.488,-9021.530273,Bpoints
551364.3105,7820307.578,-9045.030273,Bpoints
549951.8105,7821809.18,-9187.580078,Bpoints
551789.3105,7820119.879,-8963.44043,Bpoints
552039.3105,7820194.961,-8956.80957,Bpoints
552439.3105,7817022.828,-8874.490234,Bpoints
550126.8105,7820964.531,-9112.769531,Bpoints
549476.8105,7818299.188,-9091.740234,Bpoints
549251.8105,7818092.719,-9104.19043,Bpoints
551789.3105,7818092.719,-8997.30957,Bpoints
551214.3105,7821546.398,-9124.509766,Bpoints
549764.3105,7820401.43,-9103.910156,Bpoints
549751.8105,7818974.91,-9074.360352,Bpoints
549151.8105,7819894.641,-9151.480469,Bpoints
549751.8105,7819969.719,-9084.769531,Bpoints
552139.3105,7816816.359,-8984.379883,Bpoints
550951.8105,7821208.539,-9121.150391,Bpoints
550314.3105,7820664.211,-9031.629883,Bpoints
551376.8105,7821827.949,-9104.650391,Bpoints
551564.3105,7817661.008,-9030.570313,Bpoints
551376.8105,7818149.027,-9014.5,Bpoints
549639.3105,7819988.488,-9103.179688,Bpoints
549414.3105,7818092.719,-9096.769531,Bpoints
551214.3105,7819068.758,-9038.759766,Bpoints
551176.8105,7819875.867,-9047.19043,Bpoints
552439.3105,7820007.258,-9025.110352,Bpoints
549626.8105,7821002.07,-9162.44043,Bpoints
549426.8105,7818261.648,-9096.099609,Bpoints
550501.8105,7817079.141,-9048.980469,Bpoints
550039.3105,7821283.617,-9152.549805,Bpoints
551989.3105,7820476.508,-9011.730469,Bpoints
549314.3105,7818055.18,-9100.730469,Bpoints
549626.8105,7821283.617,-9176.709961,Bpoints
552176.8105,7819162.609,-9046.30957,Bpoints
549826.8105,7820833.141,-9135.969727,Bpoints
551889.3105,7819763.25,-9015.200195,Bpoints
549939.3105,7818899.828,-9066.540039,Bpoints
550601.8105,7819725.711,-9004.849609,Bpoints
550514.3105,7818224.109,-9069.370117,Bpoints
550439.3105,7820270.039,-9380.080078,Cpoints
549876.8105,7818805.98,-9571.379883,Cpoints
550776.8105,7821321.16,-9717.740234,Cpoints
549489.3105,7818937.367,-9627.379883,Cpoints
550614.3105,7821452.551,-9740.019531,Cpoints
550339.3105,7817210.527,-9589.839844,Cpoints
550051.8105,7817792.398,-9701.169922,Cpoints
549364.3105,7820758.059,-9736.400391,Cpoints
549614.3105,7817492.078,-9570.709961,Cpoints
551001.8105,7817698.547,-9577.719727,Cpoints
551101.8105,7821809.18,-9699.519531,Cpoints
551389.3105,7817661.008,-9582.360352,Cpoints
552426.8105,7816684.969,-9453.110352,Cpoints
550301.8105,7817454.539,-9647.209961,Cpoints
549326.8105,7820026.027,-9728.69043,Cpoints
549339.3105,7817022.828,-9607.080078,Cpoints
549689.3105,7818937.367,-9599.040039,Cpoints
549726.8105,7821659.02,-9749.259766,Cpoints
550189.3105,7818130.258,-9702.919922,Cpoints
549814.3105,7819162.609,-9625.75,Cpoints
549476.8105,7819763.25,-9702.009766,Cpoints
548901.8105,7821171,-9771.030273,Cpoints
549214.3105,7819031.219,-9712.870117,Cpoints
551226.8105,7817998.871,-9551.719727,Cpoints
549739.3105,7819556.777,-9654.629883,Cpoints
548901.8105,7817398.227,-9597.410156,Cpoints
549714.3105,7821058.379,-9740.69043,Cpoints
549076.8105,7816797.59,-9685.900391,Cpoints
549426.8105,7820870.68,-9736.230469,Cpoints
550839.3105,7821508.859,-9716.299805,Cpoints
550014.3105,7818787.207,-9626.19043,Cpoints
550776.8105,7821058.379,-9675.740234,Cpoints
548901.8105,7819012.449,-9739.599609,Cpoints
551214.3105,7818336.73,-9521.990234,Cpoints
549226.8105,7816778.816,-9696.839844,Cpoints
549601.8105,7820870.68,-9744.230469,Cpoints
549489.3105,7820945.758,-9745.25,Cpoints
549126.8105,7820363.887,-9736.25,Cpoints
551576.8105,7821546.398,-9656.320313,Cpoints
549214.3105,7820326.348,-9735.94043,Cpoints
550964.3105,7818092.719,-9609.459961,Cpoints
549939.3105,7821039.609,-9725.219727,Cpoints
550376.8105,7817510.848,-9661.679688,Cpoints
551376.8105,7816666.199,-9592.370117,Cpoints
549251.8105,7820176.188,-9725.269531,Cpoints
549801.8105,7820570.359,-9658.730469,Cpoints
552201.8105,7816985.289,-9508.629883,Cpoints
549301.8105,7820438.969,-9737.099609,Cpoints
549089.3105,7817210.527,-9563.820313,Cpoints
549339.3105,7819031.219,-9681.799805,Cpoints
549489.3105,7819200.148,-9673.629883,Cpoints
550851.8105,7821677.789,-9721.780273,Cpoints
551501.8105,7821583.941,-9663.679688,Cpoints
549764.3105,7817961.328,-9700.639648,Cpoints
549451.8105,7818299.188,-9697.009766,Cpoints
549189.3105,7820176.188,-9723.509766,Cpoints
550489.3105,7820232.5,-9393.910156,Cpoints
550064.3105,7816684.969,-9640.160156,Cpoints
549264.3105,7819969.719,-9731.780273,Cpoints
550364.3105,7817848.711,-9671.929688,Cpoints
549264.3105,7817266.84,-9473.070313,Cpoints
548939.3105,7820682.98,-9756.780273,Cpoints
549351.8105,7817942.559,-9681.400391,Cpoints
550776.8105,7819538.008,-9525.519531,Cpoints
552289.3105,7817060.367,-9477.830078,Cpoints
550189.3105,7817248.07,-9588.849609,Cpoints
549401.8105,7817679.777,-9567.099609,Cpoints
549614.3105,7817792.398,-9654.139648,Cpoints
549314.3105,7817717.32,-9587.799805,Cpoints
548901.8105,7816985.289,-9686.269531,Cpoints
549951.8105,7816703.738,-9653.610352,Cpoints
550951.8105,7819256.457,-9545.879883,Cpoints
550339.3105,7817773.629,-9676.419922,Cpoints
549989.3105,7817379.461,-9630.589844,Cpoints
551389.3105,7821809.18,-9634.709961,Cpoints
549464.3105,7817210.527,-9536.790039,Cpoints
552439.3105,7817792.398,-9523.230469,Cpoints
551401.8105,7821734.102,-9641.339844,Cpoints
549076.8105,7818881.059,-9719.75,Cpoints
549289.3105,7818824.75,-9685.780273,Cpoints
548901.8105,7821415.008,-9756.790039,Cpoints
549926.8105,7817736.09,-9697.419922,Cpoints
550389.3105,7817360.688,-9625.730469,Cpoints
550026.8105,7820833.141,-9665.469727,Cpoints
549101.8105,7818599.508,-9720.099609,Cpoints
549176.8105,7818317.957,-9708.980469,Cpoints
550301.8105,7820270.039,-9384.450195,Cpoints
551176.8105,7817736.09,-9574.080078,Cpoints
550139.3105,7817679.777,-9689.69043,Cpoints
548951.8105,7820044.801,-9722.599609,Cpoints
550801.8105,7818749.668,-9627.360352,Cpoints
550489.3105,7820851.91,-9590.69043,Cpoints
550889.3105,7820363.887,-9527.959961,Cpoints
549964.3105,7817642.238,-9684.700195,Cpoints
549214.3105,7819950.949,-9728.450195,Cpoints
549026.8105,7818956.141,-9730.370117,Cpoints
551901.8105,7817998.871,-9561.700195,Cpoints
550464.3105,7817417,-9640.019531,Cpoints
550901.8105,7821058.379,-9689.429688,Cpoints
550301.8105,7821020.84,-9654.299805,Cpoints
550389.3105,7817585.93,-9666.370117,Cpoints
549689.3105,7818524.43,-9581.530273,Cpoints
550639.3105,7817022.828,-9616.980469,Cpoints
548989.3105,7820495.281,-9739.299805,Cpoints
549026.8105,7817773.629,-9638.410156,Cpoints
549364.3105,7818261.648,-9705.160156,Cpoints
550389.3105,7820232.5,-9379.629883,Cpoints
549076.8105,7821827.949,-9752.209961,Cpoints
550364.3105,7821058.379,-9661.610352,Cpoints
551239.3105,7817942.559,-9557.299805,Cpoints
549626.8105,7821114.691,-9744.269531,Cpoints
549339.3105,7818561.969,-9644,Cpoints
550089.3105,7820776.828,-9623.469727,Cpoints
549689.3105,7820626.668,-9700.160156,Cpoints
551451.8105,7817454.539,-9591.070313,Cpoints
549301.8105,7819763.25,-9726.580078,Cpoints
549801.8105,7817004.059,-9623.740234,Cpoints
548889.3105,7820570.359,-9755.540039,Cpoints
549639.3105,7820026.027,-9658.870117,Cpoints
549889.3105,7816684.969,-9654.879883,Cpoints
549789.3105,7819706.938,-9656.69043,Cpoints
549039.3105,7818599.508,-9726.950195,Cpoints
550201.8105,7818055.18,-9700.540039,Cpoints
550776.8105,7819631.859,-9546.719727,Cpoints
549164.3105,7818881.059,-9711.660156,Cpoints
550826.8105,7819331.539,-9491.660156,Cpoints
552364.3105,7817060.367,-9439.099609,Cpoints
549076.8105,7817829.938,-9653.530273,Cpoints
549239.3105,7817604.699,-9539.379883,Cpoints
549526.8105,7820551.59,-9725.610352,Cpoints
549251.8105,7817811.168,-9632.080078,Cpoints
550876.8105,7816741.277,-9640.919922,Cpoints
548901.8105,7816928.98,-9690.549805,Cpoints
551326.8105,7821677.789,-9657.69043,Cpoints
550614.3105,7817942.559,-9618.589844,Cpoints
549251.8105,7817041.598,-9591.759766,Cpoints
551901.8105,7817811.168,-9570.110352,Cpoints
550714.3105,7820908.219,-9610.30957,Cpoints
550964.3105,7818280.418,-9600.929688,Cpoints
550639.3105,7821020.84,-9646.799805,Cpoints
549014.3105,7819969.719,-9722.799805,Cpoints
549426.8105,7817004.059,-9612.120117,Cpoints
551114.3105,7820795.598,-9669.719727,Cpoints
552426.8105,7817116.68,-9398.120117,Cpoints
551301.8105,7817191.758,-9573.820313,Cpoints
549551.8105,7817229.301,-9568.610352,Cpoints
551964.3105,7817867.48,-9567.469727,Cpoints
549664.3105,7820457.738,-9685.330078,Cpoints
550351.8105,7820964.531,-9628.969727,Cpoints
550839.3105,7818299.188,-9633.80957,Cpoints
551864.3105,7821790.41,-9532.830078,Cpoints
550151.8105,7821077.148,-9704.299805,Cpoints
551101.8105,7818411.809,-9554.419922,Cpoints
550026.8105,7818843.52,-9630.660156,Cpoints
551189.3105,7818524.43,-9552.419922,Cpoints
549664.3105,7818036.41,-9702.389648,Cpoints
550714.3105,7821189.77,-9697.679688,Cpoints
549501.8105,7819387.852,-9687.19043,Cpoints
549651.8105,7820758.059,-9731.469727,Cpoints
550089.3105,7821827.949,-9745.120117,Cpoints
551614.3105,7816684.969,-9578.179688,Cpoints
550989.3105,7816684.969,-9622.240234,Cpoints
551376.8105,7821396.238,-9686.969727,Cpoints
552339.3105,7817529.617,-9520.030273,Cpoints
549376.8105,7818205.34,-9711.320313,Cpoints
549126.8105,7818393.039,-9713.110352,Cpoints
551376.8105,7817210.527,-9572.900391,Cpoints
549276.8105,7820101.109,-9721.44043,Cpoints
549589.3105,7816966.52,-9637.580078,Cpoints
549539.3105,7820908.219,-9746.240234,Cpoints
549426.8105,7819782.02,-9711.150391,Cpoints
550089.3105,7820945.758,-9675.330078,Cpoints
550239.3105,7817642.238,-9681.799805,Cpoints
550364.3105,7821283.617,-9715.980469,Cpoints
550426.8105,7817510.848,-9655.230469,Cpoints
549439.3105,7817492.078,-9497.679688,Cpoints
551414.3105,7821171,-9672.459961,Cpoints
550901.8105,7820101.109,-9547.509766,Cpoints
549026.8105,7816797.59,-9687.799805,Cpoints
550389.3105,7816966.52,-9578.360352,Cpoints
548939.3105,7817867.48,-9682.929688,Cpoints
549601.8105,7817417,-9565.639648,Cpoints
551426.8105,7821583.941,-9667.099609,Cpoints
551489.3105,7821471.32,-9677.179688,Cpoints
549426.8105,7817773.629,-9616.629883,Cpoints
549964.3105,7820589.129,-9618.929688,Cpoints
549351.8105,7816666.199,-9662.910156,Cpoints
550626.8105,7820138.648,-9452.969727,Cpoints
550489.3105,7817229.301,-9607.370117,Cpoints
551726.8105,7821602.711,-9621.94043,Cpoints
551864.3105,7821827.949,-9523.120117,Cpoints
550176.8105,7817116.68,-9575.589844,Cpoints
550839.3105,7821302.391,-9717.120117,Cpoints
551301.8105,7816966.52,-9578.290039,Cpoints
550626.8105,7819500.469,-9507.879883,Cpoints
551501.8105,7821152.23,-9665.25,Cpoints
549689.3105,7819500.469,-9656.959961,Cpoints
549651.8105,7817942.559,-9694.330078,Cpoints
549639.3105,7820945.758,-9737.80957,Cpoints
549176.8105,7817097.91,-9570.900391,Cpoints
549051.8105,7820194.961,-9720.339844,Cpoints
550064.3105,7817623.469,-9682.55957,Cpoints
551376.8105,7821039.609,-9666.139648,Cpoints
550239.3105,7817116.68,-9571.320313,Cpoints
550364.3105,7819969.719,-9451.44043,Cpoints
551276.8105,7821546.398,-9674.349609,Cpoints
550626.8105,7816928.98,-9628.110352,Cpoints
550889.3105,7820138.648,-9541.759766,Cpoints
549876.8105,7817398.227,-9643.790039,Cpoints
551814.3105,7817060.367,-9561.540039,Cpoints
549164.3105,7821208.539,-9756.889648,Cpoints
550289.3105,7817398.227,-9630.549805,Cpoints
550876.8105,7817266.84,-9610.530273,Cpoints
550614.3105,7817623.469,-9624.650391,Cpoints
550764.3105,7817642.238,-9594.299805,Cpoints
551439.3105,7821077.148,-9663.910156,Cpoints
549889.3105,7820626.668,-9652.240234,Cpoints
550351.8105,7817135.449,-9574.830078,Cpoints
550014.3105,7816684.969,-9654.209961,Cpoints
549426.8105,7818111.488,-9719.929688,Cpoints
549801.8105,7817097.91,-9629.459961,Cpoints
549226.8105,7819181.379,-9717.990234,Cpoints
549276.8105,7820607.898,-9735.959961,Cpoints
550501.8105,7818205.34,-9668.459961,Cpoints
551314.3105,7821396.238,-9684.599609,Cpoints
549339.3105,7819969.719,-9732.490234,Cpoints
549939.3105,7817304.379,-9633.129883,Cpoints
551364.3105,7817623.469,-9584.150391,Cpoints
549564.3105,7821396.238,-9755.25,Cpoints
549626.8105,7817604.699,-9603.230469,Cpoints
549976.8105,7817829.938,-9708.650391,Cpoints
550364.3105,7817285.609,-9606.339844,Cpoints
549364.3105,7820664.211,-9737.860352,Cpoints
551714.3105,7821696.559,-9589.30957,Cpoints
551289.3105,7818073.949,-9529,Cpoints
550826.8105,7820438.969,-9506.629883,Cpoints
549014.3105,7820026.027,-9723.769531,Cpoints
549151.8105,7817567.16,-9538.919922,Cpoints
549639.3105,7816853.898,-9660.759766,Cpoints
550014.3105,7817529.617,-9662.700195,Cpoints
549939.3105,7817961.328,-9712.379883,Cpoints
549601.8105,7817998.871,-9699.269531,Cpoints
550614.3105,7816760.051,-9646.290039,Cpoints
550639.3105,7820964.531,-9625.679688,Cpoints
551539.3105,7821264.848,-9666.889648,Cpoints
549001.8105,7817266.84,-9568.849609,Cpoints
549576.8105,7819331.539,-9666.129883,Cpoints
549101.8105,7821377.469,-9766.049805,Cpoints
548914.3105,7819857.098,-9728.929688,Cpoints
550939.3105,7818599.508,-9640.610352,Cpoints
550089.3105,7817510.848,-9655.570313,Cpoints
549951.8105,7817585.93,-9673.919922,Cpoints
549726.8105,7817848.711,-9687.580078,Cpoints
549339.3105,7821490.09,-9739.370117,Cpoints
550839.3105,7821264.848,-9714.759766,Cpoints
549039.3105,7817435.77,-9545.30957,Cpoints
550401.8105,7821020.84,-9650.150391,Cpoints
549464.3105,7820532.82,-9729.589844,Cpoints
549601.8105,7820551.59,-9715.459961,Cpoints
550689.3105,7818637.047,-9648.099609,Cpoints
548939.3105,7821339.93,-9762.169922,Cpoints
550401.8105,7821602.711,-9736.990234,Cpoints
552364.3105,7821227.309,-9605.530273,Cpoints
549476.8105,7820251.27,-9717.179688,Cpoints
549526.8105,7819087.527,-9648.049805,Cpoints
548889.3105,7819969.719,-9720.370117,Cpoints
550701.8105,7821583.941,-9735.099609,Cpoints
549926.8105,7818186.57,-9700.150391,Cpoints
551426.8105,7821133.457,-9667.620117,Cpoints
551489.3105,7821208.539,-9667.929688,Cpoints
549801.8105,7817041.598,-9624.509766,Cpoints
550639.3105,7819913.41,-9513.110352,Cpoints
550639.3105,7817905.02,-9613.599609,Cpoints
551151.8105,7816684.969,-9591.469727,Cpoints
549814.3105,7817135.449,-9632.580078,Cpoints
552364.3105,7821471.32,-9590.889648,Cpoints
550139.3105,7816985.289,-9568.629883,Cpoints
550239.3105,7817248.07,-9589.919922,Cpoints
549226.8105,7819763.25,-9729.730469,Cpoints
549639.3105,7820589.129,-9707.879883,Cpoints
550239.3105,7817811.168,-9691.719727,Cpoints
549676.8105,7817548.387,-9608.75,Cpoints
552301.8105,7817886.25,-9565.5,Cpoints
549764.3105,7820739.289,-9713.490234,Cpoints
551064.3105,7817398.227,-9590.530273,Cpoints
550076.8105,7817923.789,-9707.740234,Cpoints
549764.3105,7817473.309,-9629.150391,Cpoints
550951.8105,7817829.938,-9584.389648,Cpoints
551239.3105,7821377.469,-9685.410156,Cpoints
549251.8105,7817079.141,-9569.429688,Cpoints
550189.3105,7817492.078,-9650.780273,Cpoints
549114.3105,7818299.188,-9716.459961,Cpoints
549826.8105,7820514.051,-9636.099609,Cpoints
549351.8105,7820457.738,-9737.230469,Cpoints
549776.8105,7820645.438,-9687.469727,Cpoints
549501.8105,7817905.02,-9675.910156,Cpoints
549776.8105,7817529.617,-9637.780273,Cpoints
549539.3105,7817135.449,-9588.650391,Cpoints
550989.3105,7820776.828,-9646.820313,Cpoints
549751.8105,7820833.141,-9727.299805,Cpoints
550939.3105,7817773.629,-9581.280273,Cpoints
549089.3105,7817172.988,-9576.549805,Cpoints
550726.8105,7819425.391,-9481.080078,Cpoints
549801.8105,7817304.379,-9646.849609,Cpoints
552151.8105,7816741.277,-9526.379883,Cpoints
551564.3105,7821433.781,-9667.410156,Cpoints
549039.3105,7817492.078,-9563.200195,Cpoints
550739.3105,7816666.199,-9650.669922,Cpoints
550064.3105,7817004.059,-9573.240234,Cpoints
550151.8105,7817041.598,-9566.990234,Cpoints
549089.3105,7819894.641,-9725.44043,Cpoints
550614.3105,7819068.758,-9479.679688,Cpoints
550639.3105,7816966.52,-9624.219727,Cpoints
550501.8105,7818036.41,-9645.639648,Cpoints
549626.8105,7817323.148,-9584.209961,Cpoints
549351.8105,7817661.008,-9555.240234,Cpoints
549439.3105,7820495.281,-9730.19043,Cpoints
549089.3105,7819763.25,-9733.679688,Cpoints
549176.8105,7817266.84,-9501.549805,Cpoints
549576.8105,7817642.238,-9591.950195,Cpoints
551664.3105,7817604.699,-9573.679688,Cpoints
549864.3105,7820664.211,-9670.150391,Cpoints
549876.8105,7817510.848,-9653.330078,Cpoints
549901.8105,7816910.207,-9605.200195,Cpoints
549101.8105,7818242.879,-9715.509766,Cpoints
549326.8105,7821546.398,-9740.30957,Cpoints
548889.3105,7817848.711,-9686.19043,Cpoints
549051.8105,7818355.5,-9721.849609,Cpoints
550201.8105,7817022.828,-9564.080078,Cpoints
549076.8105,7821771.641,-9753.200195,Cpoints
550951.8105,7821246.078,-9710.639648,Cpoints
551476.8105,7821020.84,-9662.19043,Cpoints
551826.8105,7821471.32,-9650.019531,Cpoints
550651.8105,7817754.859,-9610.019531,Cpoints
549801.8105,7817698.547,-9683.650391,Cpoints
549351.8105,7820551.59,-9738.519531,Cpoints
550476.8105,7820664.211,-9506.549805,Cpoints
551276.8105,7817717.32,-9575.209961,Cpoints
549776.8105,7816760.051,-9661.419922,Cpoints
550001.8105,7817135.449,-9598.900391,Cpoints
549164.3105,7817004.059,-9620.200195,Cpoints
551801.8105,7821358.699,-9670.950195,Cpoints
549539.3105,7817191.758,-9574.25,Cpoints
549189.3105,7817304.379,-9475.629883,Cpoints
549489.3105,7817022.828,-9609.240234,Cpoints
549989.3105,7820664.211,-9625,Cpoints
551051.8105,7817604.699,-9585.25,Cpoints
551064.3105,7818092.719,-9588.629883,Cpoints
549876.8105,7817341.918,-9643.620117,Cpoints
550239.3105,7818111.488,-9697.169922,Cpoints
549464.3105,7817304.379,-9510.969727,Cpoints
550451.8105,7821152.23,-9698.129883,Cpoints
550701.8105,7817567.16,-9610.05957,Cpoints
549089.3105,7818186.57,-9712.129883,Cpoints
549426.8105,7820607.898,-9735.969727,Cpoints
549651.8105,7817417,-9588.120117,Cpoints
550339.3105,7817379.461,-9630.129883,Cpoints
549364.3105,7818317.957,-9694.360352,Cpoints
549726.8105,7820532.82,-9673.759766,Cpoints
549001.8105,7817079.141,-9639.379883,Cpoints
550826.8105,7818036.41,-9614.280273,Cpoints
550626.8105,7820326.348,-9429.349609,Cpoints
548951.8105,7819894.641,-9726.919922,Cpoints
550089.3105,7817698.547,-9691.870117,Cpoints
549964.3105,7817341.918,-9631.150391,Cpoints
551589.3105,7821396.238,-9667.19043,Cpoints
550939.3105,7817398.227,-9597.089844,Cpoints
551114.3105,7817360.688,-9590.969727,Cpoints
549239.3105,7818411.809,-9687.419922,Cpoints
550401.8105,7820326.348,-9375.370117,Cpoints
550176.8105,7817417,-9627.459961,Cpoints
549226.8105,7821246.078,-9753.900391,Cpoints
551489.3105,7817661.008,-9583.299805,Cpoints
549089.3105,7817341.918,-9514.320313,Cpoints
550301.8105,7817304.379,-9605.519531,Cpoints
551151.8105,7821827.949,-9693.280273,Cpoints
549039.3105,7820138.648,-9722.110352,Cpoints
549614.3105,7817116.68,-9614.780273,Cpoints
550276.8105,7817079.141,-9563.900391,Cpoints
551289.3105,7817079.141,-9574.820313,Cpoints
551689.3105,7821264.848,-9678.709961,Cpoints
550476.8105,7821002.07,-9646.830078,Cpoints
550076.8105,7817285.609,-9600.450195,Cpoints
549576.8105,7818224.109,-9692.089844,Cpoints
550764.3105,7821734.102,-9722.540039,Cpoints
549714.3105,7817041.598,-9631.19043,Cpoints
548989.3105,7821358.699,-9764.719727,Cpoints
550414.3105,7817266.84,-9607.679688,Cpoints
552189.3105,7817905.02,-9573.110352,Cpoints
550226.8105,7821002.07,-9664.860352,Cpoints
550326.8105,7817717.32,-9676.339844,Cpoints
549164.3105,7818205.34,-9710.280273,Cpoints
549176.8105,7818261.648,-9711.049805,Cpoints
549314.3105,7818430.578,-9671.070313,Cpoints
551314.3105,7821471.32,-9677.509766,Cpoints
549326.8105,7817886.25,-9659.780273,Cpoints
549251.8105,7817172.988,-9521.650391,Cpoints
551401.8105,7821283.617,-9682.700195,Cpoints
550051.8105,7818280.418,-9698.69043,Cpoints
549414.3105,7818036.41,-9712.990234,Cpoints
550901.8105,7819519.238,-9532.820313,Cpoints
549614.3105,7818881.059,-9601.280273,Cpoints
549951.8105,7816666.199,-9661.280273,Cpoints
550376.8105,7817661.008,-9665.580078,Cpoints
551876.8105,7821640.25,-9591.799805,Cpoints
550601.8105,7818993.68,-9507.980469,Cpoints
551014.3105,7821809.18,-9704.5,Cpoints
551026.8105,7818261.648,-9582.040039,Cpoints
551201.8105,7817060.367,-9576.889648,Cpoints
549751.8105,7820495.281,-9660.120117,Cpoints
549214.3105,7819894.641,-9729.799805,Cpoints
551039.3105,7818411.809,-9576.969727,Cpoints
550001.8105,7818055.18,-9712.679688,Cpoints
549064.3105,7820345.121,-9732.139648,Cpoints
549439.3105,7817097.91,-9569.490234,Cpoints
550464.3105,7820532.82,-9409.469727,Cpoints
551801.8105,7821640.25,-9599.049805,Cpoints
549126.8105,7820607.898,-9731.959961,Cpoints
550389.3105,7816835.129,-9600.799805,Cpoints
550814.3105,7817567.16,-9589.790039,Cpoints
549789.3105,7820607.898,-9672.950195,Cpoints
549426.8105,7821415.008,-9749.69043,Cpoints
549239.3105,7816985.289,-9625.480469,Cpoints
549339.3105,7821433.781,-9743.730469,Cpoints
551689.3105,7816778.816,-9573.669922,Cpoints
550439.3105,7819894.641,-9490.469727,Cpoints
549351.8105,7817172.988,-9515.740234,Cpoints
549589.3105,7820476.508,-9708.009766,Cpoints
550601.8105,7818937.367,-9530.360352,Cpoints
550689.3105,7821715.328,-9724.719727,Cpoints
549339.3105,7816985.289,-9626.429688,Cpoints
551189.3105,7817661.008,-9578.650391,Cpoints
551451.8105,7821358.699,-9681.099609,Cpoints
551464.3105,7821246.078,-9674.089844,Cpoints
548951.8105,7819087.527,-9733.80957,Cpoints
550739.3105,7820082.34,-9496.209961,Cpoints
550014.3105,7817942.559,-9712.030273,Cpoints
548989.3105,7817585.93,-9600.25,Cpoints
550864.3105,7820476.508,-9527.30957,Cpoints
549151.8105,7819819.559,-9729.30957,Cpoints
551614.3105,7821302.391,-9673.349609,Cpoints
552264.3105,7821640.25,-9572.580078,Cpoints
551039.3105,7818824.75,-9616.160156,Cpoints
549189.3105,7821377.469,-9762.339844,Cpoints
551289.3105,7818336.73,-9515.030273,Cpoints
550214.3105,7821752.867,-9744.650391,Cpoints
549039.3105,7817567.16,-9580.25,Cpoints
549776.8105,7816647.43,-9664.55957,Cpoints
550189.3105,7821171,-9715.5,Cpoints
550164.3105,7816891.438,-9575.44043,Cpoints
549126.8105,7816666.199,-9682.419922,Cpoints
552026.8105,7821659.02,-9575.879883,Cpoints
550664.3105,7817210.527,-9616.75,Cpoints
550339.3105,7816741.277,-9605.950195,Cpoints
550264.3105,7820438.969,-9464.660156,Cpoints
549714.3105,7818674.59,-9546.740234,Cpoints
549576.8105,7818580.738,-9572.94043,Cpoints
550101.8105,7821020.84,-9695.969727,Cpoints
551364.3105,7821565.168,-9666.730469,Cpoints
550626.8105,7817417,-9629.69043,Cpoints
551364.3105,7821508.859,-9675.799805,Cpoints
548901.8105,7817172.988,-9636.450195,Cpoints
552126.8105,7821546.398,-9603.25,Cpoints
552364.3105,7821321.16,-9603.620117,Cpoints
550839.3105,7820101.109,-9524.700195,Cpoints
549226.8105,7818149.027,-9707.669922,Cpoints
551814.3105,7821602.711,-9610.009766,Cpoints
550676.8105,7817360.688,-9622.969727,Cpoints
550276.8105,7817567.16,-9667.049805,Cpoints
549451.8105,7819049.988,-9655.959961,Cpoints
549151.8105,7820101.109,-9721.599609,Cpoints
549914.3105,7817210.527,-9627.129883,Cpoints
550489.3105,7821508.859,-9735.799805,Cpoints
549826.8105,7821659.02,-9742.5,Cpoints
550626.8105,7821827.949,-9727.070313,Cpoints
549589.3105,7820682.98,-9720.070313,Cpoints
550401.8105,7820626.668,-9490.540039,Cpoints
549701.8105,7817079.141,-9629.429688,Cpoints
550389.3105,7818261.648,-9682.19043,Cpoints
549014.3105,7820082.34,-9723.860352,Cpoints
551739.3105,7821546.398,-9637.519531,Cpoints
548964.3105,7821171,-9771.05957,Cpoints
548889.3105,7821283.617,-9766.05957,Cpoints
549739.3105,7819012.449,-9608.94043,Cpoints
552064.3105,7816722.508,-9542.19043,Cpoints
549239.3105,7816947.75,-9647.889648,Cpoints
549614.3105,7820645.438,-9715.320313,Cpoints
551664.3105,7821152.23,-9673.719727,Cpoints
549164.3105,7818674.59,-9710.230469,Cpoints
549701.8105,7817698.547,-9657.740234,Cpoints
548964.3105,7821415.008,-9755.009766,Cpoints
551314.3105,7817266.84,-9577.759766,Cpoints
550739.3105,7818017.637,-9616.509766,Cpoints
551101.8105,7818149.027,-9571.030273,Cpoints
550126.8105,7818261.648,-9702.370117,Cpoints
549851.8105,7817604.699,-9666.830078,Cpoints
550864.3105,7818242.879,-9627.94043,Cpoints
551351.8105,7821152.23,-9679.209961,Cpoints
550876.8105,7819650.629,-9552.580078,Cpoints
551839.3105,7821302.391,-9673.980469,Cpoints
549239.3105,7818618.281,-9686.679688,Cpoints
551114.3105,7817886.25,-9575.30957,Cpoints
549864.3105,7817811.168,-9707.830078,Cpoints
551114.3105,7817604.699,-9582.719727,Cpoints
552264.3105,7821677.789,-9560.980469,Cpoints
549064.3105,7816966.52,-9651.889648,Cpoints
549401.8105,7821208.539,-9747.820313,Cpoints
550864.3105,7817792.398,-9592.55957,Cpoints
551651.8105,7821490.09,-9656.799805,Cpoints
550801.8105,7818092.719,-9622.280273,Cpoints
549951.8105,7821396.238,-9756.169922,Cpoints
549826.8105,7820908.219,-9725.290039,Cpoints
550389.3105,7817191.758,-9591.040039,Cpoints
549564.3105,7817961.328,-9691.959961,Cpoints
551151.8105,7818055.18,-9563.44043,Cpoints
551201.8105,7817623.469,-9580.370117,Cpoints
549226.8105,7821039.609,-9748.980469,Cpoints
549751.8105,7821433.781,-9748.120117,Cpoints
551639.3105,7821189.77,-9676.160156,Cpoints
549301.8105,7816853.898,-9683.459961,Cpoints
550164.3105,7821602.711,-9746.349609,Cpoints
552039.3105,7821621.48,-9588.549805,Cpoints
550164.3105,7819049.988,-9587.589844,Cpoints
550251.8105,7817022.828,-9563.660156,Cpoints
549089.3105,7820119.879,-9721.240234,Cpoints
550289.3105,7820345.121,-9404.400391,Cpoints
549114.3105,7821095.918,-9760.639648,Cpoints
551014.3105,7817529.617,-9587.780273,Cpoints
550414.3105,7817097.91,-9575.009766,Cpoints
550364.3105,7817004.059,-9567.900391,Cpoints
549289.3105,7821058.379,-9743.870117,Cpoints
550939.3105,7817529.617,-9587.339844,Cpoints
551214.3105,7821546.398,-9677.889648,Cpoints
549726.8105,7817548.387,-9626.040039,Cpoints
549764.3105,7817698.547,-9676.55957,Cpoints
549851.8105,7821377.469,-9759.089844,Cpoints
550789.3105,7817698.547,-9592.580078,Cpoints
550689.3105,7817398.227,-9621.280273,Cpoints
550626.8105,7818036.41,-9624.379883,Cpoints
549314.3105,7821227.309,-9747.959961,Cpoints
549851.8105,7819669.398,-9643.259766,Cpoints
551051.8105,7818036.41,-9590.669922,Cpoints
549739.3105,7816760.051,-9665.769531,Cpoints
550451.8105,7818486.891,-9680.280273,Cpoints
549389.3105,7820495.281,-9736.389648,Cpoints
551389.3105,7817417,-9590.799805,Cpoints
550364.3105,7821827.949,-9731.900391,Cpoints
550864.3105,7816985.289,-9621.589844,Cpoints
552189.3105,7821640.25,-9580.200195,Cpoints
548989.3105,7820682.98,-9745.530273,Cpoints
549676.8105,7819538.008,-9667.410156,Cpoints
549801.8105,7817210.527,-9643.169922,Cpoints
550964.3105,7817285.609,-9605.889648,Cpoints
549814.3105,7820814.371,-9712.019531,Cpoints
551714.3105,7821640.25,-9611.200195,Cpoints
551489.3105,7821696.559,-9640.919922,Cpoints
549901.8105,7817585.93,-9670.269531,Cpoints
549939.3105,7820664.211,-9646.55957,Cpoints
550626.8105,7821602.711,-9733.990234,Cpoints
549201.8105,7821583.941,-9765.639648,Cpoints
550414.3105,7821189.77,-9705.679688,Cpoints
550026.8105,7821696.559,-9742.19043,Cpoints
549326.8105,7821171,-9745.080078,Cpoints
548951.8105,7818881.059,-9731.94043,Cpoints
550926.8105,7817717.32,-9580.5,Cpoints
550876.8105,7819256.457,-9515.929688,Cpoints
549339.3105,7819256.457,-9716.259766,Cpoints
549351.8105,7818824.75,-9667.790039,Cpoints
551301.8105,7817642.238,-9583.719727,Cpoints
550339.3105,7817060.367,-9562.530273,Cpoints
550726.8105,7819669.398,-9543.410156,Cpoints
550426.8105,7820401.43,-9374.730469,Cpoints
551139.3105,7818111.488,-9561.629883,Cpoints
550839.3105,7816703.738,-9644.910156,Cpoints
548989.3105,7817360.688,-9555.040039,Cpoints
550126.8105,7817435.77,-9633.269531,Cpoints
549939.3105,7818618.281,-9599.320313,Cpoints
549464.3105,7821508.859,-9738.5,Cpoints
549089.3105,7817773.629,-9632.839844,Cpoints
549426.8105,7818637.047,-9624.5,Cpoints
549714.3105,7817323.148,-9622.620117,Cpoints
550201.8105,7821095.918,-9696.839844,Cpoints
550901.8105,7820044.801,-9548.570313,Cpoints
551101.8105,7816666.199,-9600.410156,Cpoints
550939.3105,7821771.641,-9708.620117,Cpoints
549401.8105,7816835.129,-9667.889648,Cpoints
551014.3105,7820851.91,-9662.469727,Cpoints
550639.3105,7820664.211,-9505.94043,Cpoints
550651.8105,7817998.871,-9617.629883,Cpoints
548951.8105,7820814.371,-9763.929688,Cpoints
551064.3105,7817961.328,-9583.469727,Cpoints
550426.8105,7816947.75,-9587.709961,Cpoints
549764.3105,7821396.238,-9751.709961,Cpoints
551126.8105,7818336.73,-9541.230469,Cpoints
549876.8105,7816778.816,-9639.919922,Cpoints
549151.8105,7817379.461,-9472.429688,Cpoints
548889.3105,7818956.141,-9741.139648,Cpoints
549926.8105,7821433.781,-9753.839844,Cpoints
549201.8105,7821339.93,-9760.469727,Cpoints
551251.8105,7817304.379,-9584.620117,Cpoints
550826.8105,7816928.98,-9629.620117,Cpoints
550039.3105,7816872.668,-9590.240234,Cpoints
550639.3105,7818130.258,-9640.759766,Cpoints
549214.3105,7821302.391,-9758.240234,Cpoints
549989.3105,7821321.16,-9754.580078,Cpoints
549664.3105,7817304.379,-9602.860352,Cpoints
550901.8105,7820570.359,-9557.459961,Cpoints
549189.3105,7821715.328,-9766.200195,Cpoints
549089.3105,7820795.598,-9746.459961,Cpoints
551101.8105,7817435.77,-9585.5,Cpoints
551326.8105,7816778.816,-9593.490234,Cpoints
549464.3105,7816778.816,-9666.969727,Cpoints
549714.3105,7817661.008,-9653.469727,Cpoints
549051.8105,7816928.98,-9663.360352,Cpoints
550939.3105,7821095.918,-9699.959961,Cpoints
550364.3105,7821152.23,-9690.80957,Cpoints
552289.3105,7817548.387,-9538.30957,Cpoints
549951.8105,7817079.141,-9598.879883,Cpoints
548901.8105,7817266.84,-9605.969727,Cpoints
549239.3105,7820570.359,-9736.530273,Cpoints
550164.3105,7817961.328,-9701.459961,Cpoints
550976.8105,7818186.57,-9607.05957,Cpoints
549701.8105,7817116.68,-9627.459961,Cpoints
549951.8105,7817417,-9640.679688,Cpoints
549989.3105,7821152.23,-9738.290039,Cpoints
549814.3105,7817435.77,-9639.200195,Cpoints
549089.3105,7817304.379,-9527.25,Cpoints
551276.8105,7817022.828,-9574.700195,Cpoints
549539.3105,7816760.051,-9662.80957,Cpoints
549589.3105,7817905.02,-9683.900391,Cpoints
552164.3105,7816835.129,-9526.830078,Cpoints
550426.8105,7820589.129,-9455.459961,Cpoints
550639.3105,7817154.219,-9611.620117,Cpoints
550826.8105,7820720.52,-9566.160156,Cpoints
549014.3105,7818205.34,-9720.879883,Cpoints
548876.8105,7820476.508,-9747.080078,Cpoints
551564.3105,7821171,-9669.990234,Cpoints
550476.8105,7821302.391,-9732.990234,Cpoints
551326.8105,7817435.77,-9587.870117,Cpoints
549464.3105,7820682.98,-9735.110352,Cpoints
549764.3105,7821527.629,-9743.44043,Cpoints
550726.8105,7818317.957,-9664.900391,Cpoints
549001.8105,7817210.527,-9590.910156,Cpoints
550426.8105,7816891.438,-9598.69043,Cpoints
549664.3105,7821433.781,-9752.459961,Cpoints
551101.8105,7817942.559,-9576.5,Cpoints
549501.8105,7820420.199,-9717.330078,Cpoints
550014.3105,7821433.781,-9754.990234,Cpoints
550114.3105,7816891.438,-9580.469727,Cpoints
551339.3105,7821227.309,-9690.370117,Cpoints
550889.3105,7821508.859,-9709.950195,Cpoints
552201.8105,7817360.688,-9506.730469,Cpoints
548964.3105,7817773.629,-9651.969727,Cpoints
550476.8105,7820607.898,-9464.320313,Cpoints
549376.8105,7821377.469,-9749.179688,Cpoints
550039.3105,7821790.41,-9744.719727,Cpoints
549001.8105,7817398.227,-9554.009766,Cpoints
549426.8105,7816966.52,-9628.629883,Cpoints
550926.8105,7817154.219,-9616.469727,Cpoints
549201.8105,7820476.508,-9738.849609,Cpoints
550151.8105,7816816.359,-9582.769531,Cpoints
549089.3105,7817266.84,-9542.450195,Cpoints
551276.8105,7821602.711,-9666.929688,Cpoints
548876.8105,7821339.93,-9761.030273,Cpoints
551364.3105,7821095.918,-9671.660156,Cpoints
549626.8105,7821189.77,-9744.219727,Cpoints
548889.3105,7821039.609,-9770.730469,Cpoints
550664.3105,7819406.617,-9473.620117,Cpoints
550489.3105,7817567.16,-9649.049805,Cpoints
550964.3105,7820889.449,-9658.610352,Cpoints
549414.3105,7821152.23,-9747.169922,Cpoints
549139.3105,7821264.848,-9760.320313,Cpoints
549501.8105,7820701.75,-9731.80957,Cpoints
550976.8105,7821114.691,-9703.740234,Cpoints
550501.8105,7816797.59,-9626.530273,Cpoints
550951.8105,7821189.77,-9710.019531,Cpoints
550214.3105,7816891.438,-9573.509766,Cpoints
551176.8105,7818280.418,-9529.69043,Cpoints
550439.3105,7818336.73,-9684.75,Cpoints
549676.8105,7821321.16,-9750.290039,Cpoints
550051.8105,7821114.691,-9725.69043,Cpoints
549676.8105,7821396.238,-9753.089844,Cpoints
549351.8105,7819913.41,-9729.509766,Cpoints
550276.8105,7821583.941,-9741.299805,Cpoints
550626.8105,7821677.789,-9730.400391,Cpoints
550476.8105,7819988.488,-9464.469727,Cpoints
551401.8105,7817266.84,-9577.980469,Cpoints
549101.8105,7821133.457,-9761.339844,Cpoints
550439.3105,7820457.738,-9383.719727,Cpoints
549776.8105,7817792.398,-9691.349609,Cpoints
551364.3105,7821452.551,-9682.889648,Cpoints
550064.3105,7817135.449,-9589.120117,Cpoints
549676.8105,7816853.898,-9659.230469,Cpoints
552101.8105,7821752.867,-9527.799805,Cpoints
549939.3105,7820758.059,-9669.280273,Cpoints
550764.3105,7816872.668,-9638.639648,Cpoints
551401.8105,7817754.859,-9577,Cpoints
551626.8105,7816835.129,-9570.830078,Cpoints
548889.3105,7817454.539,-9609.139648,Cpoints
550489.3105,7817079.141,-9587.589844,Cpoints
550076.8105,7816966.52,-9573.200195,Cpoints
550014.3105,7818655.82,-9626.05957,Cpoints
548964.3105,7817435.77,-9579.530273,Cpoints
552239.3105,7817886.25,-9569.290039,Cpoints
550001.8105,7817079.141,-9589.80957,Cpoints
551664.3105,7821452.551,-9663.69043,Cpoints
552364.3105,7821527.629,-9582.490234,Cpoints
551039.3105,7821415.008,-9698.639648,Cpoints
550189.3105,7817172.988,-9583.05957,Cpoints
551414.3105,7817323.148,-9585.150391,Cpoints
549351.8105,7821077.148,-9743.450195,Cpoints
551651.8105,7821640.25,-9618.900391,Cpoints
549814.3105,7821339.93,-9757.759766,Cpoints
550226.8105,7816947.75,-9569.570313,Cpoints
550839.3105,7817097.91,-9623.219727,Cpoints
551626.8105,7816966.52,-9569.44043,Cpoints
548889.3105,7820664.211,-9762.599609,Cpoints
551626.8105,7821696.559,-9606.969727,Cpoints
548976.8105,7818317.957,-9726.839844,Cpoints
552214.3105,7821415.008,-9608.879883,Cpoints
549389.3105,7816760.051,-9667.860352,Cpoints
552426.8105,7817248.07,-9402.400391,Cpoints
549001.8105,7817191.758,-9598.540039,Cpoints
552214.3105,7821471.32,-9602.179688,Cpoints
550201.8105,7818899.828,-9629.5,Cpoints
550114.3105,7821189.77,-9730.290039,Cpoints
550626.8105,7817510.848,-9628.679688,Cpoints
551064.3105,7817341.918,-9595.929688,Cpoints
551189.3105,7821002.07,-9693.5,Cpoints
549689.3105,7820720.52,-9723.290039,Cpoints
550289.3105,7816947.75,-9573.360352,Cpoints
551489.3105,7821790.41,-9619.740234,Cpoints
549476.8105,7819556.777,-9700.849609,Cpoints
551726.8105,7821508.859,-9648.759766,Cpoints
551014.3105,7821339.93,-9704.5,Cpoints
550801.8105,7821827.949,-9717.419922,Cpoints
550389.3105,7818355.5,-9684.540039,Cpoints
550951.8105,7817886.25,-9588.009766,Cpoints
552376.8105,7821377.469,-9599.719727,Cpoints
551189.3105,7818111.488,-9544.419922,Cpoints
550864.3105,7817510.848,-9590.230469,Cpoints
552264.3105,7821734.102,-9543.080078,Cpoints
551201.8105,7816778.816,-9587.889648,Cpoints
550001.8105,7819387.852,-9587.780273,Cpoints
549614.3105,7819012.449,-9621.519531,Cpoints
550239.3105,7817172.988,-9580.419922,Cpoints
550614.3105,7817867.48,-9613.530273,Cpoints
550739.3105,7820345.121,-9466.820313,Cpoints
549864.3105,7817191.758,-9635.379883,Cpoints
551464.3105,7816797.59,-9584.469727,Cpoints
549776.8105,7819763.25,-9649.80957,Cpoints
549401.8105,7818956.141,-9653.230469,Cpoints
551201.8105,7816684.969,-9587.629883,Cpoints
549189.3105,7821471.32,-9766.419922,Cpoints
550451.8105,7818899.828,-9554.009766,Cpoints
549914.3105,7821283.617,-9753.599609,Cpoints
549414.3105,7820401.43,-9731.540039,Cpoints
549214.3105,7816872.668,-9680.110352,Cpoints
550839.3105,7817942.559,-9601.75,Cpoints
550451.8105,7818693.359,-9642.870117,Cpoints
550651.8105,7820889.449,-9601.209961,Cpoints
549189.3105,7821114.691,-9753.709961,Cpoints
550726.8105,7817811.168,-9607.259766,Cpoints
551789.3105,7821246.078,-9675.179688,Cpoints
549626.8105,7821377.469,-9756.459961,Cpoints
549389.3105,7821246.078,-9748.280273,Cpoints
551151.8105,7817135.449,-9582.950195,Cpoints
549839.3105,7821246.078,-9750.099609,Cpoints
551601.8105,7821339.93,-9670.019531,Cpoints
551201.8105,7818167.797,-9531.349609,Cpoints
548889.3105,7821471.32,-9758.459961,Cpoints
551426.8105,7821809.18,-9627.240234,Cpoints
548889.3105,7821659.02,-9765.839844,Cpoints
548951.8105,7821827.949,-9756.80957,Cpoints
550851.8105,7821827.949,-9717.480469,Cpoints
550314.3105,7820438.969,-9431.330078,Cpoints
550614.3105,7817473.309,-9631.5,Cpoints
550164.3105,7821208.539,-9726.139648,Cpoints
550689.3105,7817172.988,-9617.410156,Cpoints
548964.3105,7821227.309,-9771.169922,Cpoints
549301.8105,7818317.957,-9699.070313,Cpoints
549214.3105,7817360.688,-9446.389648,Cpoints
551639.3105,7821602.711,-9631.980469,Cpoints
551639.3105,7821734.102,-9591.219727,Cpoints
549251.8105,7821752.867,-9763.759766,Cpoints
551276.8105,7821490.09,-9679.549805,Cpoints
552439.3105,7821377.469,-9594.549805,Cpoints
549964.3105,7816910.207,-9589.889648,Cpoints
549276.8105,7821114.691,-9745.650391,Cpoints
549664.3105,7817886.25,-9686.129883,Cpoints
551626.8105,7821790.41,-9581.740234,Cpoints
550801.8105,7819688.168,-9557.360352,Cpoints
548964.3105,7818411.809,-9735.55957,Cpoints
551164.3105,7817998.871,-9564.459961,Cpoints
550451.8105,7817661.008,-9656.280273,Cpoints
550701.8105,7817661.008,-9608.879883,Cpoints
550676.8105,7820026.027,-9492.610352,Cpoints
549876.8105,7821508.859,-9748.110352,Cpoints
549526.8105,7821152.23,-9744.610352,Cpoints
551351.8105,7817773.629,-9572.980469,Cpoints
550914.3105,7820514.051,-9552.410156,Cpoints
549126.8105,7821527.629,-9764,Cpoints
551876.8105,7817248.07,-9554.200195,Cpoints
551826.8105,7821546.398,-9627.94043,Cpoints
550926.8105,7817248.07,-9610.679688,Cpoints
551201.8105,7820945.758,-9684.919922,Cpoints
549039.3105,7818411.809,-9725.69043,Cpoints
549439.3105,7819387.852,-9701.769531,Cpoints
550789.3105,7817754.859,-9595.490234,Cpoints
548889.3105,7819763.25,-9734.070313,Cpoints
551501.8105,7821527.629,-9671.669922,Cpoints
549014.3105,7821715.328,-9753.200195,Cpoints
549139.3105,7820739.289,-9736.700195,Cpoints
549851.8105,7821696.559,-9743.179688,Cpoints
551426.8105,7821640.25,-9655.480469,Cpoints
552301.8105,7821415.008,-9596.839844,Cpoints
549264.3105,7821602.711,-9759.330078,Cpoints
549089.3105,7817060.367,-9615.860352,Cpoints
551314.3105,7821339.93,-9690.570313,Cpoints
549976.8105,7821358.699,-9756.820313,Cpoints
550626.8105,7818693.359,-9637.830078,Cpoints
550501.8105,7818486.891,-9682.480469,Cpoints
551576.8105,7821602.711,-9645.620117,Cpoints
549489.3105,7818655.82,-9605.19043,Cpoints
551789.3105,7821827.949,-9532.400391,Cpoints
548889.3105,7818186.57,-9726.450195,Cpoints
548939.3105,7821283.617,-9768.459961,Cpoints
551639.3105,7821827.949,-9571.75,Cpoints
549239.3105,7818261.648,-9709.019531,Cpoints
549039.3105,7818299.188,-9722.870117,Cpoints
549014.3105,7820851.91,-9763.69043,Cpoints
549476.8105,7821152.23,-9746.450195,Cpoints
550626.8105,7818580.738,-9665.589844,Cpoints
549076.8105,7817548.387,-9560.089844,Cpoints
551001.8105,7818937.367,-9609.080078,Cpoints
549514.3105,7816947.75,-9639.759766,Cpoints
550501.8105,7818599.508,-9668.30957,Cpoints
550314.3105,7816816.359,-9589.900391,Cpoints
551939.3105,7821790.41,-9521.650391,Cpoints
549851.8105,7819763.25,-9633.830078,Cpoints
551876.8105,7821696.559,-9569.410156,Cpoints
548939.3105,7818224.109,-9724.69043,Cpoints
550714.3105,7817698.547,-9606.44043,Cpoints
551476.8105,7821827.949,-9616.889648,Cpoints
550801.8105,7820063.57,-9515.179688,Cpoints
550489.3105,7818280.418,-9680.889648,Cpoints
548951.8105,7820101.109,-9722.320313,Cpoints
549701.8105,7821490.09,-9747.589844,Cpoints
549051.8105,7818505.66,-9728.799805,Cpoints
550939.3105,7821659.02,-9705.070313,Cpoints
550326.8105,7816703.738,-9611.639648,Cpoints
551451.8105,7817004.059,-9579.490234,Cpoints
550714.3105,7819012.449,-9517.120117,Cpoints
549976.8105,7821471.32,-9750.980469,Cpoints
550776.8105,7820194.961,-9490.849609,Cpoints
550314.3105,7819838.328,-9505.55957,Cpoints
550876.8105,7817548.387,-9587.290039,Cpoints
551701.8105,7821790.41,-9558.450195,Cpoints
551401.8105,7816741.277,-9588.089844,Cpoints
550326.8105,7820363.887,-9392.009766,Cpoints
549351.8105,7821358.699,-9748.120117,Cpoints
550101.8105,7821677.789,-9746.049805,Cpoints
552114.3105,7821583.941,-9595.879883,Cpoints
549026.8105,7818261.648,-9723.209961,Cpoints
551914.3105,7821246.078,-9669.950195,Cpoints
551389.3105,7818167.797,-9526.839844,Cpoints
551089.3105,7816928.98,-9598.400391,Cpoints
550451.8105,7818637.047,-9658.790039,Cpoints
550339.3105,7816666.199,-9617.139648,Cpoints
550001.8105,7817004.059,-9579.269531,Cpoints
550901.8105,7817604.699,-9583.860352,Cpoints
549464.3105,7818580.738,-9610.259766,Cpoints
549789.3105,7821546.398,-9742.44043,Cpoints
549126.8105,7820814.371,-9744.480469,Cpoints
550876.8105,7818937.367,-9580.580078,Cpoints
550689.3105,7817604.699,-9612.099609,Cpoints
549014.3105,7821771.641,-9752.040039,Cpoints
549664.3105,7816966.52,-9638.530273,Cpoints
548976.8105,7820194.961,-9722.730469,Cpoints
550501.8105,7818693.359,-9643.94043,Cpoints
549014.3105,7821827.949,-9751.280273,Cpoints
549851.8105,7816928.98,-9617.150391,Cpoints
550839.3105,7820326.348,-9507.5,Cpoints
550964.3105,7817116.68,-9610.05957,Cpoints
549789.3105,7819650.629,-9658.480469,Cpoints
549814.3105,7818693.359,-9551.400391,Cpoints
551864.3105,7817004.059,-9564.450195,Cpoints
549839.3105,7816666.199,-9659.44043,Cpoints
549751.8105,7821827.949,-9738.599609,Cpoints
550839.3105,7817304.379,-9608.820313,Cpoints
549301.8105,7818261.648,-9706.110352,Cpoints
548939.3105,7821546.398,-9755.639648,Cpoints
550901.8105,7818505.66,-9632.969727,Cpoints
551014.3105,7818655.82,-9623.80957,Cpoints
551876.8105,7817473.309,-9562.780273,Cpoints
552351.8105,7821602.711,-9566.780273,Cpoints
548976.8105,7818505.66,-9734.540039,Cpoints
551676.8105,7821095.918,-9670.450195,Cpoints
548889.3105,7821771.641,-9765.990234,Cpoints
551014.3105,7816778.816,-9619.30957,Cpoints
551226.8105,7818280.418,-9518.160156,Cpoints
551151.8105,7821152.23,-9701.80957,Cpoints
551626.8105,7821246.078,-9676.290039,Cpoints
550714.3105,7818730.898,-9623.780273,Cpoints
550789.3105,7821508.859,-9722.759766,Cpoints
552289.3105,7821283.617,-9608.700195,Cpoints
550826.8105,7820607.898,-9534.650391,Cpoints
549514.3105,7818299.188,-9691.299805,Cpoints
549314.3105,7819181.379,-9711.849609,Cpoints
551301.8105,7821827.949,-9648.360352,Cpoints
548901.8105,7817492.078,-9613.959961,Cpoints
551951.8105,7821827.949,-9510.200195,Cpoints
548976.8105,7816666.199,-9696.660156,Cpoints
551114.3105,7817661.008,-9579.549805,Cpoints
552001.8105,7817060.367,-9550.660156,Cpoints
549339.3105,7821133.457,-9744.089844,Cpoints
550614.3105,7820570.359,-9465.889648,Cpoints
548889.3105,7821827.949,-9765.570313,Cpoints
552176.8105,7821677.789,-9567.509766,Cpoints
550789.3105,7820138.648,-9502.139648,Cpoints
550089.3105,7821058.379,-9709.450195,Cpoints
551564.3105,7816816.359,-9577.25,Cpoints
551714.3105,7821827.949,-9547.360352,Cpoints
552014.3105,7821827.949,-9504.44043,Cpoints
552076.8105,7821415.008,-9633.950195,Cpoints
551564.3105,7821640.25,-9640.669922,Cpoints
548889.3105,7816778.816,-9697.370117,Cpoints
552451.8105,7817961.328,-9556.169922,Cpoints
551864.3105,7821734.102,-9555.320313,Cpoints
551551.8105,7821827.949,-9603.910156,Cpoints
549064.3105,7821264.848,-9765.879883,Cpoints
549889.3105,7820532.82,-9621.790039,Cpoints
550851.8105,7816835.129,-9640.009766,Cpoints
550064.3105,7821546.398,-9744.799805,Cpoints
549914.3105,7821790.41,-9741.540039,Cpoints
551689.3105,7821321.16,-9677.919922,Cpoints
550914.3105,7820307.578,-9542.009766,Cpoints
549689.3105,7817379.461,-9606.75,Cpoints
551514.3105,7817698.547,-9582.679688,Cpoints
550189.3105,7820251.27,-9421.919922,Cpoints
548889.3105,7821715.328,-9766.299805,Cpoints
552139.3105,7821246.078,-9642.150391,Cpoints
549276.8105,7818524.43,-9664.799805,Cpoints
549064.3105,7818543.199,-9726.929688,Cpoints
550689.3105,7817510.848,-9615.990234,Cpoints
549889.3105,7821321.16,-9756.660156,Cpoints
550764.3105,7817473.309,-9603.05957,Cpoints
549376.8105,7816797.59,-9671.200195,Cpoints
551776.8105,7821790.41,-9543.330078,Cpoints
549126.8105,7818505.66,-9713.5,Cpoints
552226.8105,7821377.469,-9610.700195,Cpoints
551351.8105,7816816.359,-9591.200195,Cpoints
552064.3105,7821377.469,-9642.549805,Cpoints
549439.3105,7818956.141,-9641.259766,Cpoints
550264.3105,7819744.48,-9546.230469,Cpoints
551114.3105,7820964.531,-9689.980469,Cpoints
549264.3105,7821546.398,-9757.450195,Cpoints
550314.3105,7817004.059,-9565.30957,Cpoints
550939.3105,7818205.34,-9613.780273,Cpoints
551526.8105,7821114.691,-9666,Cpoints
550264.3105,7816872.668,-9577.879883,Cpoints
549401.8105,7821827.949,-9739.459961,Cpoints
550001.8105,7821020.84,-9712.620117,Cpoints
548964.3105,7816703.738,-9699.179688,Cpoints
550314.3105,7821602.711,-9740.360352,Cpoints
549226.8105,7816835.129,-9690.339844,Cpoints
551001.8105,7817829.938,-9580.089844,Cpoints
550914.3105,7817323.148,-9603.769531,Cpoints
550451.8105,7817022.828,-9580.669922,Cpoints
549089.3105,7817435.77,-9514.740234,Cpoints
549489.3105,7816910.207,-9651,Cpoints
549826.8105,7821471.32,-9751.94043,Cpoints
549926.8105,7821677.789,-9742.049805,Cpoints
552426.8105,7821527.629,-9580.30957,Cpoints
552301.8105,7821321.16,-9605.549805,Cpoints
551126.8105,7818637.047,-9588.219727,Cpoints
552026.8105,7821790.41,-9514.349609,Cpoints
549326.8105,7816928.98,-9655.929688,Cpoints
549226.8105,7816910.207,-9666.519531,Cpoints
551114.3105,7818224.109,-9556.570313,Cpoints
551814.3105,7821715.328,-9569.040039,Cpoints
550464.3105,7818862.289,-9569.650391,Cpoints
549876.8105,7820570.359,-9636.980469,Cpoints
549189.3105,7817417,-9458.759766,Cpoints
549501.8105,7821452.551,-9751.910156,Cpoints
549039.3105,7820758.059,-9746.240234,Cpoints
551014.3105,7816872.668,-9618.570313,Cpoints
551564.3105,7821696.559,-9626.910156,Cpoints
551026.8105,7821227.309,-9711.230469,Cpoints
552001.8105,7817191.758,-9539.69043,Cpoints
551976.8105,7821527.629,-9624.730469,Cpoints
551151.8105,7821490.09,-9683.259766,Cpoints
548951.8105,7821715.328,-9758.759766,Cpoints
551376.8105,7821339.93,-9689.070313,Cpoints
548989.3105,7820626.668,-9741.30957,Cpoints
550476.8105,7818393.039,-9686.490234,Cpoints
550901.8105,7818843.52,-9614.55957,Cpoints
551564.3105,7821227.309,-9668.860352,Cpoints
549639.3105,7817022.828,-9628.910156,Cpoints
551339.3105,7817135.449,-9573.769531,Cpoints
550126.8105,7820945.758,-9665.730469,Cpoints
551939.3105,7817060.367,-9553.05957,Cpoints
549751.8105,7821227.309,-9743.379883,Cpoints
549126.8105,7820232.5,-9724.540039,Cpoints
551201.8105,7817567.16,-9581.839844,Cpoints
550476.8105,7819181.379,-9446.450195,Cpoints
552439.3105,7821490.09,-9583.870117,Cpoints
549139.3105,7821715.328,-9760.980469,Cpoints
550501.8105,7817004.059,-9593.849609,Cpoints
550239.3105,7819613.09,-9567.679688,Cpoints
551014.3105,7817248.07,-9602.330078,Cpoints
552289.3105,7821377.469,-9601.169922,Cpoints
552114.3105,7821715.328,-9547.969727,Cpoints
550626.8105,7818637.047,-9654.330078,Cpoints
551851.8105,7821377.469,-9668.790039,Cpoints
552376.8105,7817905.02,-9557.030273,Cpoints
552139.3105,7821490.09,-9613.110352,Cpoints
549089.3105,7820026.027,-9722.759766,Cpoints
550864.3105,7817135.449,-9621.959961,Cpoints
549176.8105,7821171,-9755.389648,Cpoints
550476.8105,7821114.691,-9686.240234,Cpoints
550351.8105,7816910.207,-9584.929688,Cpoints
550964.3105,7816853.898,-9626.669922,Cpoints
550489.3105,7819218.918,-9433.200195,Cpoints
550464.3105,7816947.75,-9595.070313,Cpoints
549601.8105,7821452.551,-9750.469727,Cpoints
549201.8105,7821433.781,-9763.700195,Cpoints
550389.3105,7817923.789,-9665.5,Cpoints
551939.3105,7821696.559,-9563.200195,Cpoints
549014.3105,7820589.129,-9737.269531,Cpoints
551314.3105,7816722.508,-9594.469727,Cpoints
551439.3105,7821415.008,-9684.179688,Cpoints
550901.8105,7819988.488,-9551.19043,Cpoints
550439.3105,7820194.961,-9391.719727,Cpoints
551114.3105,7821321.16,-9702.400391,Cpoints
548951.8105,7821771.641,-9757.400391,Cpoints
548889.3105,7820814.371,-9766.099609,Cpoints
549114.3105,7821433.781,-9766.849609,Cpoints
551564.3105,7821790.41,-9605.509766,Cpoints
550489.3105,7821565.168,-9735.389648,Cpoints
551289.3105,7821171,-9694.209961,Cpoints
550939.3105,7817998.871,-9598.639648,Cpoints
552151.8105,7821452.551,-9617.30957,Cpoints
550951.8105,7820457.738,-9559.849609,Cpoints
550176.8105,7821546.398,-9745.740234,Cpoints
551176.8105,7817473.309,-9584.209961,Cpoints
549339.3105,7821827.949,-9750.040039,Cpoints
550639.3105,7820063.57,-9471.540039,Cpoints
551239.3105,7816684.969,-9587.860352,Cpoints
551001.8105,7817135.449,-9603.209961,Cpoints
549739.3105,7818881.059,-9566.009766,Cpoints
551676.8105,7821358.699,-9676.330078,Cpoints
549689.3105,7816741.277,-9668.839844,Cpoints
549626.8105,7821302.391,-9750.80957,Cpoints
549376.8105,7820382.66,-9734.660156,Cpoints
549076.8105,7821659.02,-9755.55957,Cpoints
548901.8105,7816816.359,-9695.820313,Cpoints
551901.8105,7821508.859,-9638.139648,Cpoints
551776.8105,7821715.328,-9573.75,Cpoints
549676.8105,7818805.98,-9570.349609,Cpoints
551076.8105,7821321.16,-9704.490234,Cpoints
549239.3105,7821189.77,-9750.44043,Cpoints
548889.3105,7818242.879,-9730.400391,Cpoints
550489.3105,7819406.617,-9479.580078,Cpoints
550826.8105,7820213.73,-9510.910156,Cpoints
550314.3105,7821771.641,-9738.219727,Cpoints
549864.3105,7818749.668,-9565.549805,Cpoints
551464.3105,7816666.199,-9585.450195,Cpoints
550939.3105,7820964.531,-9673.740234,Cpoints
552039.3105,7821527.629,-9615.360352,Cpoints
549851.8105,7821583.941,-9744.169922,Cpoints
551539.3105,7816778.816,-9582.290039,Cpoints
551789.3105,7821527.629,-9634.75,Cpoints
550126.8105,7817210.527,-9588.19043,Cpoints
549201.8105,7821077.148,-9752.169922,Cpoints
551801.8105,7816966.52,-9571.330078,Cpoints
551626.8105,7817717.32,-9577.580078,Cpoints
550789.3105,7817041.598,-9622.230469,Cpoints
551889.3105,7821396.238,-9663.269531,Cpoints
549351.8105,7821715.328,-9744.320313,Cpoints
551551.8105,7817116.68,-9567.089844,Cpoints
551539.3105,7816741.277,-9584.480469,Cpoints
550901.8105,7816684.969,-9637.419922,Cpoints
550689.3105,7818693.359,-9633.75,Cpoints
550464.3105,7819444.16,-9495.040039,Cpoints
549451.8105,7821546.398,-9730.120117,Cpoints
549551.8105,7821527.629,-9741.5,Cpoints
550976.8105,7821283.617,-9708.910156,Cpoints
549314.3105,7817454.539,-9448.660156,Cpoints
550664.3105,7820814.371,-9573.980469,Cpoints
551676.8105,7816760.051,-9573.469727,Cpoints
550251.8105,7821358.699,-9738.540039,Cpoints
550814.3105,7820382.66,-9496.049805,Cpoints
550689.3105,7818430.578,-9676.709961,Cpoints
552001.8105,7817454.539,-9554.139648,Cpoints
549426.8105,7816666.199,-9657.929688,Cpoints
550214.3105,7817886.25,-9694.650391,Cpoints
551764.3105,7821452.551,-9656.179688,Cpoints
550639.3105,7819613.09,-9531.94043,Cpoints
551864.3105,7821171,-9673.370117,Cpoints
551501.8105,7816928.98,-9579.490234,Cpoints
550614.3105,7818768.438,-9609.339844,Cpoints
551776.8105,7817585.93,-9565.799805,Cpoints
548939.3105,7820345.121,-9730.219727,Cpoints
550101.8105,7819012.449,-9608.030273,Cpoints
550814.3105,7818393.039,-9646.490234,Cpoints
550976.8105,7821715.328,-9703.150391,Cpoints
552289.3105,7821189.77,-9614.320313,Cpoints
550889.3105,7817172.988,-9619.129883,Cpoints
552101.8105,7816928.98,-9534.780273,Cpoints
550814.3105,7818130.258,-9626.05957,Cpoints
550739.3105,7821490.09,-9727.19043,Cpoints
549489.3105,7816816.359,-9665.530273,Cpoints
550464.3105,7821377.469,-9735.429688,Cpoints
551689.3105,7817172.988,-9556.94043,Cpoints
549576.8105,7821171,-9745.610352,Cpoints
551314.3105,7817379.461,-9587.580078,Cpoints
550726.8105,7820044.801,-9499.389648,Cpoints
550814.3105,7820495.281,-9512.849609,Cpoints
551364.3105,7817360.688,-9587.660156,Cpoints
550364.3105,7816797.59,-9600.639648,Cpoints
549426.8105,7816872.668,-9661.950195,Cpoints
550964.3105,7817210.527,-9610.269531,Cpoints
549464.3105,7821208.539,-9747.820313,Cpoints
548964.3105,7818261.648,-9725.049805,Cpoints
550589.3105,7817792.398,-9614.320313,Cpoints
549289.3105,7818561.969,-9661.679688,Cpoints
550626.8105,7817304.379,-9624.820313,Cpoints
550326.8105,7816872.668,-9586.070313,Cpoints
549126.8105,7817454.539,-9496.799805,Cpoints
550814.3105,7820570.359,-9524.589844,Cpoints
552426.8105,7821621.48,-9559.75,Cpoints
550126.8105,7821133.457,-9719.910156,Cpoints
551014.3105,7820983.297,-9688.929688,Cpoints
550639.3105,7817661.008,-9619.599609,Cpoints
552389.3105,7817454.539,-9488.200195,Cpoints
549526.8105,7821790.41,-9735.469727,Cpoints
551226.8105,7817379.461,-9587.679688,Cpoints
550476.8105,7819369.078,-9466.580078,Cpoints
550964.3105,7818674.59,-9639.259766,Cpoints
550689.3105,7818580.738,-9660.400391,Cpoints
551926.8105,7821208.539,-9670.610352,Cpoints
549726.8105,7821246.078,-9742.879883,Cpoints
551326.8105,7818186.57,-9515.519531,Cpoints
551251.8105,7817510.848,-9586.459961,Cpoints
550964.3105,7818843.52,-9616.360352,Cpoints
549914.3105,7821621.48,-9743.099609,Cpoints
551739.3105,7821133.457,-9673.240234,Cpoints
552139.3105,7817492.078,-9541.370117,Cpoints
551101.8105,7817717.32,-9575.929688,Cpoints
548901.8105,7818524.43,-9731.80957,Cpoints
551539.3105,7816647.43,-9586.530273,Cpoints
550439.3105,7817210.527,-9598.860352,Cpoints
551464.3105,7817229.301,-9578.240234,Cpoints
551351.8105,7816872.668,-9586.969727,Cpoints
550214.3105,7816741.277,-9597.769531,Cpoints
550701.8105,7821077.148,-9669.429688,Cpoints
549951.8105,7816741.277,-9643.290039,Cpoints
551051.8105,7818655.82,-9611.269531,Cpoints
551451.8105,7821302.391,-9679.759766,Cpoints
550464.3105,7821752.867,-9733.540039,Cpoints
549139.3105,7816835.129,-9685.490234,Cpoints
551664.3105,7821396.238,-9672.219727,Cpoints
552326.8105,7821809.18,-9528.040039,Cpoints
550114.3105,7818768.438,-9652.450195,Cpoints
550851.8105,7820176.188,-9524.540039,Cpoints
550089.3105,7821246.078,-9740.959961,Cpoints
549914.3105,7820044.801,-9544.839844,Cpoints
551326.8105,7821734.102,-9652.530273,Cpoints
552189.3105,7821734.102,-9543.219727,Cpoints
550639.3105,7818486.891,-9676,Cpoints
550614.3105,7821321.16,-9723.200195,Cpoints
549889.3105,7817135.449,-9622.219727,Cpoints
550426.8105,7820119.879,-9411.269531,Cpoints
550426.8105,7818449.348,-9682.55957,Cpoints
552001.8105,7816816.359,-9555.179688,Cpoints
549664.3105,7817473.309,-9591.269531,Cpoints
550414.3105,7819312.77,-9463.830078,Cpoints
551114.3105,7821208.539,-9702.910156,Cpoints
552064.3105,7816816.359,-9548.30957,Cpoints
550964.3105,7818543.199,-9626.160156,Cpoints
552026.8105,7817360.688,-9541.589844,Cpoints
550776.8105,7816797.59,-9644.660156,Cpoints
549551.8105,7821246.078,-9746.849609,Cpoints
550139.3105,7820570.359,-9541.610352,Cpoints
548901.8105,7818374.27,-9740.160156,Cpoints
552189.3105,7821771.641,-9527.419922,Cpoints
552426.8105,7821583.941,-9568.849609,Cpoints
549189.3105,7821640.25,-9765.820313,Cpoints
549476.8105,7821621.48,-9724.980469,Cpoints
549926.8105,7821189.77,-9744.769531,Cpoints
552426.8105,7821659.02,-9549.339844,Cpoints
550014.3105,7816760.051,-9632.900391,Cpoints
551926.8105,7816778.816,-9559.379883,Cpoints
550714.3105,7820176.188,-9470.980469,Cpoints
550851.8105,7817210.527,-9617.410156,Cpoints
552439.3105,7816853.898,-9410.519531,Cpoints
552439.3105,7821171,-9607.849609,Cpoints
551214.3105,7818449.348,-9533.780273,Cpoints
549051.8105,7821433.781,-9763.259766,Cpoints
551264.3105,7817548.387,-9586.110352,Cpoints
549801.8105,7817248.07,-9646.110352,Cpoints
550489.3105,7817642.238,-9650.169922,Cpoints
551564.3105,7816966.52,-9572.769531,Cpoints
551664.3105,7816666.199,-9570.889648,Cpoints
551439.3105,7816947.75,-9582.320313,Cpoints
551401.8105,7816797.59,-9588.150391,Cpoints
550801.8105,7819256.457,-9490.040039,Cpoints
551764.3105,7821283.617,-9675.25,Cpoints
550676.8105,7817097.91,-9614.980469,Cpoints
549951.8105,7816947.75,-9587.070313,Cpoints
549126.8105,7820701.75,-9732.69043,Cpoints
549414.3105,7821715.328,-9729.849609,Cpoints
551689.3105,7816928.98,-9570.719727,Cpoints
549814.3105,7821283.617,-9752.790039,Cpoints
550289.3105,7820589.129,-9510.05957,Cpoints
549539.3105,7821433.781,-9753.389648,Cpoints
549889.3105,7821377.469,-9757.049805,Cpoints
549414.3105,7821471.32,-9740.44043,Cpoints
550214.3105,7818956.141,-9610.839844,Cpoints
549076.8105,7820589.129,-9733.820313,Cpoints
549076.8105,7820870.68,-9760.450195,Cpoints
550239.3105,7816797.59,-9583.55957,Cpoints
550489.3105,7820307.578,-9378.5,Cpoints
552039.3105,7821565.168,-9605.480469,Cpoints
550376.8105,7820157.418,-9393.419922,Cpoints
549964.3105,7816853.898,-9602.490234,Cpoints
550214.3105,7820476.508,-9493.290039,Cpoints
550351.8105,7818299.188,-9685,Cpoints
549314.3105,7816891.438,-9672.040039,Cpoints
550726.8105,7821002.07,-9649.629883,Cpoints
551489.3105,7821396.238,-9677.379883,Cpoints
552426.8105,7821696.559,-9539.870117,Cpoints
550726.8105,7821396.238,-9721.839844,Cpoints
551176.8105,7821377.469,-9692.019531,Cpoints
550764.3105,7820532.82,-9501.139648,Cpoints
550026.8105,7821058.379,-9717.389648,Cpoints
550489.3105,7821790.41,-9731.769531,Cpoints
550451.8105,7818580.738,-9669.839844,Cpoints
550689.3105,7820345.121,-9448.209961,Cpoints
549726.8105,7821508.859,-9745.160156,Cpoints
550326.8105,7821734.102,-9740.610352,Cpoints
551064.3105,7821246.078,-9709.740234,Cpoints
551076.8105,7818299.188,-9559.55957,Cpoints
549814.3105,7821433.781,-9754.929688,Cpoints
550239.3105,7820570.359,-9513.030273,Cpoints
550776.8105,7816722.508,-9647.839844,Cpoints
551389.3105,7818205.34,-9522.330078,Cpoints
550189.3105,7816966.52,-9567.55957,Cpoints
550864.3105,7818355.5,-9628.019531,Cpoints
552439.3105,7821283.617,-9602.480469,Cpoints
550414.3105,7819125.07,-9484.019531,Cpoints
551839.3105,7816816.359,-9569.429688,Cpoints
548901.8105,7818486.891,-9736.620117,Cpoints
551951.8105,7817154.219,-9545.660156,Cpoints
550626.8105,7816703.738,-9649.759766,Cpoints
548901.8105,7821227.309,-9769.700195,Cpoints
552001.8105,7821734.102,-9542.379883,Cpoints
549876.8105,7821602.711,-9744.120117,Cpoints
551114.3105,7821264.848,-9704.320313,Cpoints
550914.3105,7821433.781,-9709.429688,Cpoints
551489.3105,7816872.668,-9582.169922,Cpoints
549051.8105,7820908.219,-9765.849609,Cpoints
550726.8105,7817079.141,-9618.490234,Cpoints
551539.3105,7816703.738,-9585.759766,Cpoints
552176.8105,7821809.18,-9516.44043,Cpoints
549989.3105,7818524.43,-9631.469727,Cpoints
550876.8105,7820945.758,-9652.870117,Cpoints
551426.8105,7816891.438,-9586.120117,Cpoints
550189.3105,7819012.449,-9597.25,Cpoints
550401.8105,7819481.699,-9512.179688,Cpoints
549589.3105,7816928.98,-9647.25,Cpoints
551401.8105,7821227.309,-9679.549805,Cpoints
551701.8105,7821208.539,-9676.230469,Cpoints
551114.3105,7821527.629,-9686.629883,Cpoints
550439.3105,7821508.859,-9731.169922,Cpoints
550326.8105,7819519.238,-9540.179688,Cpoints
550264.3105,7819406.617,-9525.290039,Cpoints
552264.3105,7821846.719,-9523.240234,Cpoints
549064.3105,7820232.5,-9721.480469,Cpoints
550339.3105,7821415.008,-9734.650391,Cpoints
550376.8105,7821227.309,-9707.740234,Cpoints
550139.3105,7819556.777,-9581.5,Cpoints
549426.8105,7821659.02,-9722.639648,Cpoints
551664.3105,7817041.598,-9567.070313,Cpoints
549976.8105,7820551.59,-9605.650391,Cpoints
550851.8105,7821114.691,-9698.540039,Cpoints
550164.3105,7821771.641,-9745.889648,Cpoints
549689.3105,7818205.34,-9685.179688,Cpoints
550076.8105,7819650.629,-9594.709961,Cpoints
550326.8105,7819143.84,-9507.820313,Cpoints
550676.8105,7821246.078,-9702.400391,Cpoints
552414.3105,7821809.18,-9519.259766,Cpoints
549701.8105,7821827.949,-9735.139648,Cpoints
550851.8105,7821583.941,-9716.889648,Cpoints
550026.8105,7819125.07,-9601.080078,Cpoints
550039.3105,7820401.43,-9541.820313,Cpoints
550326.8105,7821339.93,-9727.570313,Cpoints
549901.8105,7819857.098,-9592.860352,Cpoints
548901.8105,7818468.117,-9738.679688,Cpoints
551601.8105,7821058.379,-9668.94043,Cpoints
550864.3105,7820908.219,-9637.80957,Cpoints
551689.3105,7817079.141,-9562.30957,Cpoints
550401.8105,7817773.629,-9661.120117,Cpoints
550264.3105,7816722.508,-9605.860352,Cpoints
551176.8105,7821734.102,-9687.900391,Cpoints
550889.3105,7817829.938,-9592.669922,Cpoints
550326.8105,7820589.129,-9500.820313,Cpoints
550689.3105,7820532.82,-9474.230469,Cpoints
552264.3105,7816910.207,-9492.610352,Cpoints
550651.8105,7820101.109,-9467.269531,Cpoints
550951.8105,7821583.941,-9701.490234,Cpoints
551564.3105,7818130.258,-9543.69043,Cpoints
550251.8105,7819031.219,-9574.349609,Cpoints
550239.3105,7818787.207,-9645.44043,Cpoints
549376.8105,7821583.941,-9727.099609,Cpoints
549401.8105,7821771.641,-9737.290039,Cpoints
549301.8105,7821358.699,-9749.900391,Cpoints
550401.8105,7820532.82,-9427.980469,Cpoints
550064.3105,7816778.816,-9616.980469,Cpoints
550726.8105,7820401.43,-9463.160156,Cpoints
551126.8105,7818280.418,-9545.05957,Cpoints
551364.3105,7816910.207,-9583.730469,Cpoints
549876.8105,7820307.578,-9603.450195,Cpoints
550401.8105,7817041.598,-9569.839844,Cpoints
550476.8105,7820926.988,-9619.799805,Cpoints
549814.3105,7821565.168,-9742.910156,Cpoints
551551.8105,7821734.102,-9621.459961,Cpoints
549951.8105,7816778.816,-9628.549805,Cpoints
550626.8105,7818843.52,-9575.299805,Cpoints
552351.8105,7817867.48,-9554.419922,Cpoints
551189.3105,7821114.691,-9703.009766,Cpoints
550214.3105,7821527.629,-9745.099609,Cpoints
549201.8105,7817510.848,-9493.230469,Cpoints
550826.8105,7820026.027,-9526.05957,Cpoints
550376.8105,7821527.629,-9735.929688,Cpoints
550626.8105,7817698.547,-9616.5,Cpoints
550414.3105,7819725.711,-9544.259766,Cpoints
550039.3105,7821208.539,-9739.610352,Cpoints
549076.8105,7821715.328,-9754.429688,Cpoints
551851.8105,7817661.008,-9567.879883,Cpoints
550426.8105,7816666.199,-9626.360352,Cpoints
550389.3105,7817998.871,-9666.370117,Cpoints
551889.3105,7821546.398,-9626.410156,Cpoints
549901.8105,7821471.32,-9750.820313,Cpoints
551876.8105,7817942.559,-9561.080078,Cpoints
549976.8105,7818974.91,-9605.290039,Cpoints
550176.8105,7816760.051,-9591.5,Cpoints
550601.8105,7817041.598,-9610.719727,Cpoints
550014.3105,7821546.398,-9743.160156,Cpoints
550001.8105,7821095.918,-9728.530273,Cpoints
549251.8105,7821152.23,-9748.480469,Cpoints
550814.3105,7816853.898,-9640.5,Cpoints
551064.3105,7817867.48,-9578.969727,Cpoints
549001.8105,7821302.391,-9769.459961,Cpoints
550489.3105,7817341.918,-9628.320313,Cpoints
550214.3105,7819369.078,-9538.450195,Cpoints
549739.3105,7817398.227,-9622.870117,Cpoints
550414.3105,7817154.219,-9585.160156,Cpoints
548989.3105,7818449.348,-9734.820313,Cpoints
552239.3105,7817698.547,-9548.110352,Cpoints
550076.8105,7820270.039,-9480.669922,Cpoints
551089.3105,7817736.09,-9575.080078,Cpoints
552076.8105,7816985.289,-9541.910156,Cpoints
551189.3105,7817529.617,-9582.419922,Cpoints
550851.8105,7820532.82,-9533.290039,Cpoints
550789.3105,7817811.168,-9599.110352,Cpoints
551189.3105,7817341.918,-9587.089844,Cpoints
548951.8105,7819181.379,-9729.129883,Cpoints
551964.3105,7821565.168,-9613.330078,Cpoints
551726.8105,7821171,-9674.169922,Cpoints
550764.3105,7817529.617,-9598.820313,Cpoints
550701.8105,7817473.309,-9616.469727,Cpoints
550464.3105,7820157.418,-9406.969727,Cpoints
549076.8105,7821508.859,-9759.620117,Cpoints
551951.8105,7821734.102,-9545.389648,Cpoints
550239.3105,7821114.691,-9693.669922,Cpoints
552201.8105,7821583.941,-9592.120117,Cpoints
549589.3105,7817022.828,-9623.700195,Cpoints
551501.8105,7818017.637,-9561.44043,Cpoints
550201.8105,7816816.359,-9579,Cpoints
550026.8105,7821827.949,-9745.240234,Cpoints
552226.8105,7821246.078,-9622.410156,Cpoints
551439.3105,7817379.461,-9591.219727,Cpoints
551151.8105,7816741.277,-9591.900391,Cpoints
551014.3105,7817886.25,-9584.429688,Cpoints
552276.8105,7816741.277,-9492.280273,Cpoints
549589.3105,7819087.527,-9635.080078,Cpoints
551826.8105,7821415.008,-9663.110352,Cpoints
551951.8105,7821602.711,-9600.700195,Cpoints
551114.3105,7821583.941,-9688.790039,Cpoints
549326.8105,7821602.711,-9742.549805,Cpoints
549714.3105,7817285.609,-9624.769531,Cpoints
550439.3105,7816741.277,-9621.679688,Cpoints
549401.8105,7821527.629,-9729.879883,Cpoints
550776.8105,7820701.75,-9542.700195,Cpoints
549401.8105,7818374.27,-9675.360352,Cpoints
549726.8105,7821302.391,-9747.259766,Cpoints
550951.8105,7817942.559,-9592.019531,Cpoints
551001.8105,7818130.258,-9604.44043,Cpoints
552114.3105,7821621.48,-9585.900391,Cpoints
549051.8105,7816872.668,-9675.509766,Cpoints
548989.3105,7821546.398,-9751.349609,Cpoints
550876.8105,7821396.238,-9714.629883,Cpoints
550926.8105,7821358.699,-9709.540039,Cpoints
548939.3105,7817097.91,-9651.610352,Cpoints
551914.3105,7816741.277,-9555.620117,Cpoints
551451.8105,7816703.738,-9585,Cpoints
550726.8105,7820138.648,-9481.740234,Cpoints
549939.3105,7818017.637,-9710.820313,Cpoints
550139.3105,7820176.188,-9433.080078,Cpoints
550151.8105,7820476.508,-9511.540039,Cpoints
549801.8105,7817923.789,-9701.259766,Cpoints
549651.8105,7821771.641,-9736.889648,Cpoints
551501.8105,7817172.988,-9573.929688,Cpoints
552326.8105,7817811.168,-9544.849609,Cpoints
552151.8105,7817191.758,-9512.650391,Cpoints
549664.3105,7821246.078,-9743.599609,Cpoints
548889.3105,7819256.457,-9729.389648,Cpoints
551814.3105,7817154.219,-9555.099609,Cpoints
550376.8105,7818149.027,-9681.94043,Cpoints
552214.3105,7816666.199,-9516.490234,Cpoints
551839.3105,7817529.617,-9561.990234,Cpoints
548901.8105,7818299.188,-9733.730469,Cpoints
552389.3105,7821752.867,-9530.209961,Cpoints
550701.8105,7820645.438,-9504.599609,Cpoints
550389.3105,7818730.898,-9630.179688,Cpoints
549601.8105,7819800.789,-9673.179688,Cpoints
549464.3105,7816666.199,-9655.080078,Cpoints
550151.8105,7821827.949,-9745.780273,Cpoints
549501.8105,7821583.941,-9730.410156,Cpoints
551539.3105,7821321.16,-9667.950195,Cpoints
549051.8105,7818449.348,-9726.370117,Cpoints
549664.3105,7820851.91,-9738.219727,Cpoints
549126.8105,7821471.32,-9766.55957,Cpoints
550826.8105,7820870.68,-9613.870117,Cpoints
550626.8105,7819387.852,-9473.480469,Cpoints
551064.3105,7818768.438,-9613.769531,Cpoints
550464.3105,7818543.199,-9675.629883,Cpoints
549114.3105,7818355.5,-9715.660156,Cpoints
550439.3105,7821264.848,-9723.799805,Cpoints
548976.8105,7820138.648,-9723.089844,Cpoints
549839.3105,7819800.789,-9627.320313,Cpoints
552364.3105,7821415.008,-9597.009766,Cpoints
552314.3105,7817341.918,-9472.370117,Cpoints
551751.8105,7817116.68,-9557.669922,Cpoints
552226.8105,7821508.859,-9596.679688,Cpoints
548989.3105,7820889.449,-9766.070313,Cpoints
548951.8105,7821114.691,-9771.30957,Cpoints
549064.3105,7821621.48,-9754.639648,Cpoints
551526.8105,7821396.238,-9671.5,Cpoints
551001.8105,7821396.238,-9702.669922,Cpoints
550601.8105,7819444.16,-9492.69043,Cpoints
551551.8105,7818092.719,-9551.580078,Cpoints
550326.8105,7821827.949,-9733.769531,Cpoints
551189.3105,7821171,-9700.799805,Cpoints
549264.3105,7816666.199,-9686.660156,Cpoints
550114.3105,7819049.988,-9597.160156,Cpoints
550689.3105,7817285.609,-9619.009766,Cpoints
549776.8105,7817172.988,-9636.639648,Cpoints
549489.3105,7816853.898,-9662.709961,Cpoints
551939.3105,7821377.469,-9659.360352,Cpoints
550214.3105,7821696.559,-9745.469727,Cpoints
551276.8105,7817341.918,-9587.049805,Cpoints
550989.3105,7821171,-9708.730469,Cpoints
551076.8105,7818618.281,-9599.150391,Cpoints
552226.8105,7817191.758,-9487.849609,Cpoints
549939.3105,7818674.59,-9593.80957,Cpoints
551326.8105,7821790.41,-9647.860352,Cpoints
550714.3105,7819706.938,-9543.929688,Cpoints
549301.8105,7821752.867,-9756.150391,Cpoints
549626.8105,7819218.918,-9642.25,Cpoints
552151.8105,7821208.539,-9641.120117,Cpoints
552064.3105,7817435.77,-9542.94043,Cpoints
549514.3105,7821227.309,-9746.629883,Cpoints
549526.8105,7820232.5,-9702.889648,Cpoints
550701.8105,7821358.699,-9719.290039,Cpoints
550826.8105,7821415.008,-9718.790039,Cpoints
552314.3105,7816928.98,-9472.55957,Cpoints
551289.3105,7817773.629,-9568.950195,Cpoints
551214.3105,7818205.34,-9523.040039,Cpoints
550114.3105,7821752.867,-9746.009766,Cpoints
551714.3105,7821433.781,-9665.709961,Cpoints
550939.3105,7818486.891,-9622.05957,Cpoints
551489.3105,7816835.129,-9582.759766,Cpoints
550476.8105,7820720.52,-9537.490234,Cpoints
552426.8105,7821321.16,-9600.419922,Cpoints
551951.8105,7821659.02,-9578.589844,Cpoints
551051.8105,7818167.797,-9587.5,Cpoints
551714.3105,7817548.387,-9561.589844,Cpoints
550289.3105,7819538.008,-9552.490234,Cpoints
551876.8105,7816835.129,-9567.30957,Cpoints
550801.8105,7820964.531,-9639.410156,Cpoints
552214.3105,7821208.539,-9627.299805,Cpoints
550739.3105,7819237.688,-9471.339844,Cpoints
551914.3105,7817379.461,-9560.929688,Cpoints
550501.8105,7817417,-9640.799805,Cpoints
549426.8105,7819425.391,-9706.169922,Cpoints
551939.3105,7817191.758,-9546.19043,Cpoints
550676.8105,7819162.609,-9468.730469,Cpoints
552289.3105,7821471.32,-9591.480469,Cpoints
550326.8105,7818862.289,-9600.019531,Cpoints
550326.8105,7819800.789,-9523.820313,Cpoints
552389.3105,7821734.102,-9533.870117,Cpoints
551414.3105,7817097.91,-9577.870117,Cpoints
550276.8105,7819369.078,-9516.05957,Cpoints
550814.3105,7816778.816,-9644.950195,Cpoints
550051.8105,7821640.25,-9742.730469,Cpoints
549139.3105,7821771.641,-9758.099609,Cpoints
552126.8105,7817754.859,-9566.540039,Cpoints
552289.3105,7821508.859,-9588.490234,Cpoints
549564.3105,7821602.711,-9738.080078,Cpoints
550389.3105,7818862.289,-9580.69043,Cpoints
550389.3105,7818205.34,-9681.650391,Cpoints
549139.3105,7817811.168,-9644.870117,Cpoints
552339.3105,7816853.898,-9459.05957,Cpoints
550051.8105,7820307.578,-9507.179688,Cpoints
552389.3105,7821715.328,-9537.570313,Cpoints
551789.3105,7821189.77,-9674.969727,Cpoints
549864.3105,7818205.34,-9694.070313,Cpoints
550389.3105,7818524.43,-9673.280273,Cpoints
551739.3105,7817323.148,-9563.80957,Cpoints
551539.3105,7817079.141,-9570.450195,Cpoints
550251.8105,7820251.27,-9400.650391,Cpoints
550814.3105,7818449.348,-9648.660156,Cpoints
552114.3105,7821827.949,-9502.570313,Cpoints
550676.8105,7818918.598,-9546.580078,Cpoints
550039.3105,7818468.117,-9658.200195,Cpoints
552164.3105,7817529.617,-9545.709961,Cpoints
551739.3105,7818073.949,-9549.480469,Cpoints
550064.3105,7821490.09,-9749.540039,Cpoints
549489.3105,7821677.789,-9728.629883,Cpoints
549701.8105,7818299.188,-9659.530273,Cpoints
552376.8105,7816835.129,-9439.980469,Cpoints
552214.3105,7817022.828,-9506.05957,Cpoints
552214.3105,7816703.738,-9513.919922,Cpoints
550764.3105,7817980.098,-9615.860352,Cpoints
550051.8105,7818561.969,-9643.209961,Cpoints
552314.3105,7817435.77,-9503.709961,Cpoints
550689.3105,7820251.27,-9454.530273,Cpoints
549839.3105,7820082.34,-9572.469727,Cpoints
549739.3105,7818186.57,-9689.570313,Cpoints
551951.8105,7817510.848,-9561.509766,Cpoints
550239.3105,7818336.73,-9693.209961,Cpoints
550289.3105,7818242.879,-9694.839844,Cpoints
551539.3105,7817360.688,-9581.209961,Cpoints
550989.3105,7821659.02,-9699.519531,Cpoints
550339.3105,7820532.82,-9466.269531,Cpoints
550901.8105,7818618.281,-9646.55957,Cpoints
550901.8105,7819932.18,-9553.969727,Cpoints
551076.8105,7821659.02,-9694.349609,Cpoints
551376.8105,7816966.52,-9579.650391,Cpoints
551151.8105,7821039.609,-9702.459961,Cpoints
550926.8105,7820420.199,-9546.070313,Cpoints
549826.8105,7820176.188,-9593.030273,Cpoints
549451.8105,7821809.18,-9731.919922,Cpoints
550901.8105,7817417,-9597.269531,Cpoints
551001.8105,7818599.508,-9623.589844,Cpoints
551001.8105,7818768.438,-9623.55957,Cpoints
550426.8105,7820983.297,-9639.120117,Cpoints
549926.8105,7818430.578,-9637.75,Cpoints
549951.8105,7819012.449,-9599.650391,Cpoints
550789.3105,7820908.219,-9616.980469,Cpoints
550476.8105,7817135.449,-9590.459961,Cpoints
548876.8105,7820307.578,-9724.620117,Cpoints
551776.8105,7816760.051,-9569.570313,Cpoints
551064.3105,7821152.23,-9705.120117,Cpoints
550114.3105,7821415.008,-9754.519531,Cpoints
550901.8105,7820701.75,-9592.480469,Cpoints
550301.8105,7819631.859,-9565.25,Cpoints
549351.8105,7821302.391,-9748.94043,Cpoints
552189.3105,7817736.09,-9557.490234,Cpoints
548889.3105,7818073.949,-9715.55957,Cpoints
550676.8105,7819519.238,-9510.19043,Cpoints
550376.8105,7818599.508,-9663.400391,Cpoints
549689.3105,7820288.809,-9667.019531,Cpoints
550651.8105,7816816.359,-9642.030273,Cpoints
549851.8105,7821227.309,-9748.44043,Cpoints
549189.3105,7818468.117,-9696.44043,Cpoints
549864.3105,7819988.488,-9566.400391,Cpoints
552239.3105,7821302.391,-9615.589844,Cpoints
552051.8105,7817905.02,-9567.049805,Cpoints
550376.8105,7819556.777,-9544.379883,Cpoints
550914.3105,7818224.109,-9618.080078,Cpoints
550501.8105,7819556.777,-9520.620117,Cpoints
549976.8105,7820420.199,-9573.639648,Cpoints
550151.8105,7818411.809,-9683.110352,Cpoints
551914.3105,7817604.699,-9565.019531,Cpoints
549251.8105,7821659.02,-9762.400391,Cpoints
551714.3105,7817792.398,-9570.070313,Cpoints
549914.3105,7821734.102,-9742.650391,Cpoints
550764.3105,7818674.59,-9640,Cpoints
548901.8105,7817041.598,-9676.099609,Cpoints
550814.3105,7819218.918,-9503.469727,Cpoints
550626.8105,7819950.949,-9499.730469,Cpoints
552226.8105,7817229.301,-9484.900391,Cpoints
549476.8105,7821715.328,-9729.709961,Cpoints
550639.3105,7820194.961,-9447.980469,Cpoints
550751.8105,7818449.348,-9665.110352,Cpoints
551039.3105,7820945.758,-9683.169922,Cpoints
552351.8105,7817285.609,-9442.459961,Cpoints
550114.3105,7818186.57,-9708.049805,Cpoints
549851.8105,7819406.617,-9616.910156,Cpoints
552139.3105,7817304.379,-9511.330078,Cpoints
551551.8105,7817604.699,-9578.790039,Cpoints
549064.3105,7821321.16,-9766.969727,Cpoints
551576.8105,7817435.77,-9572.030273,Cpoints
551801.8105,7821152.23,-9674.589844,Cpoints
551726.8105,7816985.289,-9571.200195,Cpoints
549039.3105,7817886.25,-9672.589844,Cpoints
551964.3105,7821471.32,-9640.830078,Cpoints
550276.8105,7819444.16,-9529.69043,Cpoints
550164.3105,7820063.57,-9453.459961,Cpoints
551164.3105,7821602.711,-9681.870117,Cpoints
551276.8105,7818411.809,-9523.719727,Cpoints
548964.3105,7819143.84,-9730.540039,Cpoints
550426.8105,7819688.168,-9548.480469,Cpoints
552289.3105,7816778.816,-9484.230469,Cpoints
550339.3105,7821640.25,-9740.519531,Cpoints
551651.8105,7817004.059,-9569.389648,Cpoints
551064.3105,7817004.059,-9599.049805,Cpoints
548889.3105,7821527.629,-9762.25,Cpoints
552051.8105,7817679.777,-9562.969727,Cpoints
550451.8105,7816816.359,-9615.950195,Cpoints
550251.8105,7818824.75,-9634.540039,Cpoints
550189.3105,7820194.961,-9416.070313,Cpoints
551251.8105,7821171,-9699.490234,Cpoints
549076.8105,7820063.57,-9722.860352,Cpoints
552014.3105,7817097.91,-9546.360352,Cpoints
550989.3105,7818505.66,-9611.820313,Cpoints
550339.3105,7818224.109,-9688.780273,Cpoints
550864.3105,7821471.32,-9713.790039,Cpoints
552389.3105,7821771.641,-9526.799805,Cpoints
550989.3105,7819087.527,-9585.879883,Cpoints
551264.3105,7818130.258,-9522.990234,Cpoints
551989.3105,7821377.469,-9652.929688,Cpoints
551051.8105,7816835.129,-9612.070313,Cpoints
551789.3105,7817867.48,-9564.870117,Cpoints
551701.8105,7816722.508,-9569.740234,Cpoints
549976.8105,7821264.848,-9749.709961,Cpoints
550164.3105,7818655.82,-9659.790039,Cpoints
551439.3105,7817191.758,-9576.299805,Cpoints
551626.8105,7817191.758,-9560.94043,Cpoints
550701.8105,7816891.438,-9634.660156,Cpoints
551264.3105,7816778.816,-9590.570313,Cpoints
552076.8105,7817135.449,-9536.070313,Cpoints
550776.8105,7817191.758,-9620.080078,Cpoints
551501.8105,7817811.168,-9582.700195,Cpoints
550314.3105,7820026.027,-9432.849609,Cpoints
549726.8105,7819763.25,-9660.169922,Cpoints
551601.8105,7817529.617,-9570.290039,Cpoints
550776.8105,7819988.488,-9516.75,Cpoints
550489.3105,7816872.668,-9614.759766,Cpoints
551751.8105,7817079.141,-9561.660156,Cpoints
550389.3105,7821471.32,-9732.150391,Cpoints
550289.3105,7818073.949,-9687.959961,Cpoints
550839.3105,7817848.711,-9596.379883,Cpoints
550239.3105,7819988.488,-9451.610352,Cpoints
549889.3105,7821002.07,-9728.290039,Cpoints
552151.8105,7817097.91,-9524.410156,Cpoints
550664.3105,7819669.398,-9539.280273,Cpoints
550089.3105,7820044.801,-9479.549805,Cpoints
550451.8105,7819838.328,-9511.929688,Cpoints
549564.3105,7821827.949,-9736.660156,Cpoints
550939.3105,7818993.68,-9584.919922,Cpoints
550951.8105,7821546.398,-9701.629883,Cpoints
550226.8105,7817961.328,-9693.669922,Cpoints
551139.3105,7816928.98,-9587.360352,Cpoints
549926.8105,7818561.969,-9605.259766,Cpoints
549951.8105,7821565.168,-9743.469727,Cpoints
549439.3105,7821264.848,-9748.179688,Cpoints
548889.3105,7820720.52,-9765.269531,Cpoints
551651.8105,7817285.609,-9566.480469,Cpoints
551776.8105,7816872.668,-9572.5,Cpoints
550939.3105,7818937.367,-9595.580078,Cpoints
550226.8105,7818186.57,-9699.69043,Cpoints
550764.3105,7820457.738,-9486.469727,Cpoints
550701.8105,7820213.73,-9462.320313,Cpoints
551801.8105,7816835.129,-9572.099609,Cpoints
550901.8105,7818111.488,-9615.55957,Cpoints
552339.3105,7821696.559,-9545.480469,Cpoints
551526.8105,7817266.84,-9576.900391,Cpoints
549751.8105,7818561.969,-9576.009766,Cpoints
548964.3105,7818167.797,-9718.740234,Cpoints
550764.3105,7817004.059,-9622.669922,Cpoints
552101.8105,7817548.387,-9550.700195,Cpoints
550489.3105,7819275.23,-9434.910156,Cpoints
549989.3105,7819969.719,-9526.650391,Cpoints
550739.3105,7818918.598,-9555.900391,Cpoints
552076.8105,7821809.18,-9506.339844,Cpoints
551501.8105,7817417,-9587.05957,Cpoints
549239.3105,7821809.18,-9763.860352,Cpoints
551751.8105,7817454.539,-9562.769531,Cpoints
550901.8105,7820776.828,-9614.610352,Cpoints
550789.3105,7819162.609,-9508.080078,Cpoints
550726.8105,7816835.129,-9641.610352,Cpoints
550776.8105,7819049.988,-9524.209961,Cpoints
551589.3105,7817248.07,-9568.860352,Cpoints
550039.3105,7816910.207,-9581.589844,Cpoints
549689.3105,7821583.941,-9750.55957,Cpoints
550989.3105,7818017.637,-9599.629883,Cpoints
550476.8105,7817942.559,-9646.209961,Cpoints
551614.3105,7817341.918,-9570.639648,Cpoints
551489.3105,7818130.258,-9542.389648,Cpoints
550964.3105,7817661.008,-9581.650391,Cpoints
550614.3105,7820814.371,-9579.480469,Cpoints
552439.3105,7817285.609,-9409.280273,Cpoints
549051.8105,7821189.77,-9765.889648,Cpoints
551551.8105,7818036.41,-9561.370117,Cpoints
550351.8105,7819387.852,-9492.570313,Cpoints
550351.8105,7821565.168,-9738.030273,Cpoints
550489.3105,7819913.41,-9488.290039,Cpoints
550701.8105,7821433.781,-9726.540039,Cpoints
551039.3105,7818205.34,-9587.089844,Cpoints
550314.3105,7818618.281,-9658.620117,Cpoints
550614.3105,7817116.68,-9608.030273,Cpoints
551151.8105,7821771.641,-9692.660156,Cpoints
550139.3105,7821246.078,-9736.009766,Cpoints
550389.3105,7820476.508,-9402.110352,Cpoints
551076.8105,7818355.5,-9557.290039,Cpoints
550864.3105,7820288.809,-9522.30957,Cpoints
551364.3105,7817172.988,-9572.69043,Cpoints
551876.8105,7817097.91,-9553.370117,Cpoints
550426.8105,7819275.23,-9454.80957,Cpoints
549789.3105,7821790.41,-9741.259766,Cpoints
551726.8105,7816910.207,-9572.019531,Cpoints
550401.8105,7819819.559,-9515.580078,Cpoints
551014.3105,7816722.508,-9618.030273,Cpoints
549951.8105,7816816.359,-9615.639648,Cpoints
550839.3105,7817998.871,-9607.639648,Cpoints
550351.8105,7819218.918,-9485.089844,Cpoints
552189.3105,7821546.398,-9597.910156,Cpoints
550414.3105,7816760.051,-9614.389648,Cpoints
550701.8105,7817886.25,-9610.519531,Cpoints
550739.3105,7816741.277,-9648.169922,Cpoints
550839.3105,7819988.488,-9532.790039,Cpoints
551401.8105,7817060.367,-9577.230469,Cpoints
550789.3105,7818355.5,-9653.070313,Cpoints
550064.3105,7821602.711,-9743.339844,Cpoints
551414.3105,7816853.898,-9587.580078,Cpoints
551614.3105,7817604.699,-9576.299805,Cpoints
550689.3105,7820851.91,-9586.709961,Cpoints
552001.8105,7821452.551,-9638.290039,Cpoints
552051.8105,7821715.328,-9548.610352,Cpoints
550301.8105,7818449.348,-9679.370117,Cpoints
551214.3105,7818411.809,-9528.349609,Cpoints
549551.8105,7821640.25,-9737.030273,Cpoints
551526.8105,7817022.828,-9574.589844,Cpoints
548889.3105,7817116.68,-9657.259766,Cpoints
548889.3105,7819218.918,-9729.419922,Cpoints
551726.8105,7817022.828,-9568.700195,Cpoints
550051.8105,7818524.43,-9648.120117,Cpoints
552176.8105,7821846.719,-9508.799805,Cpoints
550389.3105,7818693.359,-9642.740234,Cpoints
552426.8105,7816816.359,-9419.959961,Cpoints
549551.8105,7821696.559,-9737.759766,Cpoints
550276.8105,7821527.629,-9742.30957,Cpoints
552151.8105,7816666.199,-9525.870117,Cpoints
552264.3105,7821602.711,-9581.620117,Cpoints
550389.3105,7819143.84,-9484.55957,Cpoints
551489.3105,7817135.449,-9576.019531,Cpoints
549289.3105,7821302.391,-9750.660156,Cpoints
551914.3105,7821321.16,-9667.379883,Cpoints
550801.8105,7821377.469,-9720.110352,Cpoints
549526.8105,7821734.102,-9735.519531,Cpoints
551389.3105,7817004.059,-9577.969727,Cpoints
551739.3105,7817304.379,-9562.629883,Cpoints
550626.8105,7820701.75,-9525.269531,Cpoints
552389.3105,7817266.84,-9421.830078,Cpoints
549589.3105,7821264.848,-9748.05957,Cpoints
551239.3105,7821433.781,-9684.990234,Cpoints
550776.8105,7817942.559,-9612.110352,Cpoints
551339.3105,7818149.027,-9520.570313,Cpoints
549939.3105,7821527.629,-9747.030273,Cpoints
550376.8105,7819894.641,-9481.570313,Cpoints
550089.3105,7819125.07,-9589.879883,Cpoints
549014.3105,7821508.859,-9752.830078,Cpoints
548876.8105,7821583.941,-9765.519531,Cpoints
550676.8105,7820607.898,-9488.570313,Cpoints
550876.8105,7818993.68,-9565.320313,Cpoints
550664.3105,7816741.277,-9649.450195,Cpoints
550239.3105,7818693.359,-9653.120117,Cpoints
551026.8105,7821302.391,-9707.269531,Cpoints
550026.8105,7820232.5,-9499.94043,Cpoints
550326.8105,7818956.141,-9570.530273,Cpoints
550751.8105,7818073.949,-9620.280273,Cpoints
550976.8105,7821827.949,-9707.110352,Cpoints
549089.3105,7817905.02,-9674.209961,Cpoints
551876.8105,7817154.219,-9551.519531,Cpoints
550801.8105,7818862.289,-9588.769531,Cpoints
550826.8105,7818712.129,-9639.169922,Cpoints
550664.3105,7818787.207,-9602.30957,Cpoints
552351.8105,7816703.738,-9475.370117,Cpoints
550101.8105,7820401.43,-9511.419922,Cpoints
549839.3105,7820138.648,-9579.299805,Cpoints
549389.3105,7821302.391,-9749.959961,Cpoints
552001.8105,7817923.789,-9565.230469,Cpoints
550001.8105,7819631.859,-9608.790039,Cpoints
551926.8105,7821302.391,-9667.139648,Cpoints
551839.3105,7817998.871,-9556.55957,Cpoints
551464.3105,7817041.598,-9578.509766,Cpoints
550314.3105,7821227.309,-9708.540039,Cpoints
551826.8105,7817754.859,-9569.379883,Cpoints
549189.3105,7821827.949,-9762.099609,Cpoints
550064.3105,7819950.949,-9516.459961,Cpoints
550139.3105,7816666.199,-9621.55957,Cpoints
550764.3105,7821171,-9701.040039,Cpoints
549876.8105,7818599.508,-9581.990234,Cpoints
550151.8105,7821490.09,-9747.360352,Cpoints
552339.3105,7817116.68,-9444.830078,Cpoints
552189.3105,7816910.207,-9514.660156,Cpoints
550289.3105,7820739.289,-9569.5,Cpoints
550026.8105,7819143.84,-9599.349609,Cpoints
549951.8105,7819125.07,-9607.110352,Cpoints
551214.3105,7821602.711,-9673.929688,Cpoints
549589.3105,7821508.859,-9743.879883,Cpoints
550426.8105,7817829.938,-9655.620117,Cpoints
550051.8105,7819988.488,-9505.129883,Cpoints
550114.3105,7821490.09,-9749.620117,Cpoints
551751.8105,7817172.988,-9555.339844,Cpoints
552439.3105,7817060.367,-9400.870117,Cpoints
549151.8105,7818092.719,-9700.44043,Cpoints
549239.3105,7819406.617,-9734.389648,Cpoints
550676.8105,7816853.898,-9638.669922,Cpoints
551064.3105,7821752.867,-9699.480469,Cpoints
549026.8105,7817679.777,-9606.459961,Cpoints
550451.8105,7819575.551,-9535.669922,Cpoints
550689.3105,7819782.02,-9538.980469,Cpoints
550714.3105,7819913.41,-9524.200195,Cpoints
550926.8105,7819087.527,-9569.240234,Cpoints
550764.3105,7820870.68,-9600.040039,Cpoints
548951.8105,7818036.41,-9704.889648,Cpoints
550014.3105,7819556.777,-9604.419922,Cpoints
552439.3105,7817417,-9454.160156,Cpoints
550189.3105,7818355.5,-9693.129883,Cpoints
550439.3105,7818167.797,-9672.870117,Cpoints
549601.8105,7821696.559,-9741.19043,Cpoints
550726.8105,7819162.609,-9485.69043,Cpoints
550476.8105,7821433.781,-9736.299805,Cpoints
549864.3105,7818261.648,-9682.80957,Cpoints
548889.3105,7820758.059,-9765.839844,Cpoints
550064.3105,7818637.047,-9643.980469,Cpoints
550251.8105,7819819.559,-9516.679688,Cpoints
549751.8105,7819369.078,-9614.820313,Cpoints
549151.8105,7821827.949,-9756.759766,Cpoints
550451.8105,7819049.988,-9503.549805,Cpoints
552076.8105,7817116.68,-9538.759766,Cpoints
551476.8105,7817323.148,-9586.490234,Cpoints
552451.8105,7817642.238,-9491.570313,Cpoints
549564.3105,7820119.879,-9684.639648,Cpoints
550739.3105,7819481.699,-9500.240234,Cpoints
549089.3105,7819481.699,-9744.330078,Cpoints
549814.3105,7818524.43,-9592.830078,Cpoints
549276.8105,7821827.949,-9758.009766,Cpoints
550201.8105,7819763.25,-9545.669922,Cpoints
550776.8105,7819106.301,-9515.549805,Cpoints
552139.3105,7821415.008,-9625,Cpoints
552364.3105,7816966.52,-9445.69043,Cpoints
551939.3105,7817285.609,-9551.320313,Cpoints
551851.8105,7821264.848,-9673.650391,Cpoints
550251.8105,7820795.598,-9589.379883,Cpoints
551051.8105,7821827.949,-9703.450195,Cpoints
549264.3105,7817417,-9440.450195,Cpoints
550114.3105,7821546.398,-9745.959961,Cpoints
550489.3105,7817867.48,-9640.339844,Cpoints
551626.8105,7816872.668,-9568.980469,Cpoints
549164.3105,7819462.93,-9744.320313,Cpoints
551114.3105,7820983.297,-9694.150391,Cpoints
550876.8105,7818899.828,-9592.950195,Cpoints
549901.8105,7819819.559,-9605.889648,Cpoints
552339.3105,7821565.168,-9576.469727,Cpoints
551839.3105,7821208.539,-9674.30957,Cpoints
550064.3105,7821302.391,-9749.769531,Cpoints
550289.3105,7821377.469,-9736.349609,Cpoints
550926.8105,7821283.617,-9709.740234,Cpoints
551014.3105,7821508.859,-9698.879883,Cpoints
550264.3105,7817886.25,-9689.44043,Cpoints
550851.8105,7818167.797,-9626.889648,Cpoints
549376.8105,7821659.02,-9731.040039,Cpoints
549239.3105,7818017.637,-9688.94043,Cpoints
550101.8105,7819631.859,-9590.860352,Cpoints
550664.3105,7821302.391,-9714.580078,Cpoints
552076.8105,7816853.898,-9544.450195,Cpoints
550389.3105,7818805.98,-9602.089844,Cpoints
550601.8105,7816816.359,-9640.25,Cpoints
551864.3105,7816947.75,-9568.629883,Cpoints
550689.3105,7818036.41,-9618.179688,Cpoints
550626.8105,7818073.949,-9630.429688,Cpoints
550701.8105,7816778.816,-9646.040039,Cpoints
548976.8105,7818355.5,-9729.120117,Cpoints
551226.8105,7821490.09,-9683.019531,Cpoints
550614.3105,7817379.461,-9629.959961,Cpoints
549001.8105,7820401.43,-9735.25,Cpoints
549351.8105,7819406.617,-9718.580078,Cpoints
550164.3105,7819669.398,-9572.80957,Cpoints
551476.8105,7817079.141,-9577.959961,Cpoints
549876.8105,7818468.117,-9616.650391,Cpoints
551189.3105,7821471.32,-9684.950195,Cpoints
550964.3105,7816666.199,-9626.799805,Cpoints
551764.3105,7816647.43,-9557.650391,Cpoints
550851.8105,7817736.09,-9588.480469,Cpoints
550489.3105,7818336.73,-9686.509766,Cpoints
550039.3105,7816835.129,-9601.599609,Cpoints
549389.3105,7818449.348,-9650.889648,Cpoints
550189.3105,7820964.531,-9660.120117,Cpoints
549639.3105,7821546.398,-9747.799805,Cpoints
549214.3105,7819256.457,-9727.30957,Cpoints
549226.8105,7818561.969,-9686.150391,Cpoints
549551.8105,7817510.848,-9545.179688,Cpoints
549801.8105,7819218.918,-9624.839844,Cpoints
550626.8105,7818336.73,-9681.040039,Cpoints
549989.3105,7818468.117,-9644.980469,Cpoints
549701.8105,7819932.18,-9631.480469,Cpoints
549939.3105,7817004.059,-9589.629883,Cpoints
551364.3105,7817829.938,-9569.240234,Cpoints
550176.8105,7819200.148,-9554.120117,Cpoints
551251.8105,7821283.617,-9693.339844,Cpoints
550876.8105,7819143.84,-9543.320313,Cpoints
548876.8105,7817210.527,-9629.139648,Cpoints
549014.3105,7819932.18,-9724.360352,Cpoints
549364.3105,7819538.008,-9725.349609,Cpoints
552089.3105,7817473.309,-9544.799805,Cpoints
550126.8105,7819481.699,-9576.030273,Cpoints
550026.8105,7820476.508,-9567.910156,Cpoints
549351.8105,7819631.859,-9727.150391,Cpoints
548901.8105,7818693.359,-9726.75,Cpoints
551639.3105,7817510.848,-9564.980469,Cpoints
550826.8105,7819087.527,-9534.879883,Cpoints
549989.3105,7820026.027,-9516.19043,Cpoints
550664.3105,7821565.168,-9736.919922,Cpoints
549014.3105,7821246.078,-9770.320313,Cpoints
550226.8105,7820682.98,-9554.870117,Cpoints
551189.3105,7821696.559,-9682.25,Cpoints
549939.3105,7820326.348,-9576.650391,Cpoints
549601.8105,7821827.949,-9735.839844,Cpoints
549526.8105,7816703.738,-9657.709961,Cpoints
551614.3105,7817097.91,-9561.629883,Cpoints
549714.3105,7819294,-9619.240234,Cpoints
550139.3105,7818618.281,-9657.509766,Cpoints
549401.8105,7820326.348,-9734.05957,Cpoints
550489.3105,7819125.07,-9466.320313,Cpoints
552076.8105,7817229.301,-9526.610352,Cpoints
549289.3105,7819256.457,-9722.879883,Cpoints
549239.3105,7817548.387,-9504.129883,Cpoints
549164.3105,7817210.527,-9533.870117,Cpoints
552289.3105,7816966.52,-9482.5,Cpoints
549714.3105,7820908.219,-9735.049805,Cpoints
550826.8105,7820795.598,-9591.230469,Cpoints
550301.8105,7817867.48,-9683.990234,Cpoints
551064.3105,7816816.359,-9609.55957,Cpoints
549964.3105,7820101.109,-9519.799805,Cpoints
552426.8105,7817041.598,-9406.419922,Cpoints
551176.8105,7816835.129,-9589.070313,Cpoints
549764.3105,7818186.57,-9690.240234,Cpoints
549576.8105,7819256.457,-9661.160156,Cpoints
550389.3105,7818899.828,-9567.05957,Cpoints
549901.8105,7820101.109,-9547.839844,Cpoints
551851.8105,7816910.207,-9570.040039,Cpoints
552226.8105,7816797.59,-9506.950195,Cpoints
550114.3105,7819782.02,-9559.650391,Cpoints
550701.8105,7818468.117,-9672.900391,Cpoints
550489.3105,7819312.77,-9444.740234,Cpoints
550276.8105,7820082.34,-9419.349609,Cpoints
551276.8105,7816872.668,-9586.589844,Cpoints
549701.8105,7819406.617,-9631.870117,Cpoints
551176.8105,7821302.391,-9694.950195,Cpoints
550426.8105,7819218.918,-9455.139648,Cpoints
550114.3105,7820363.887,-9493.44043,Cpoints
550901.8105,7818167.797,-9620.139648,Cpoints
550051.8105,7818956.141,-9621.490234,Cpoints
550764.3105,7820251.27,-9481.759766,Cpoints
552114.3105,7821321.16,-9640.730469,Cpoints
550451.8105,7818055.18,-9659.259766,Cpoints
552439.3105,7816760.051,-9432.94043,Cpoints
551176.8105,7821208.539,-9698.400391,Cpoints
550214.3105,7818430.578,-9680.419922,Cpoints
551689.3105,7817379.461,-9565.849609,Cpoints
549739.3105,7819200.148,-9621.429688,Cpoints
551589.3105,7817022.828,-9569.75,Cpoints
550176.8105,7819162.609,-9557.230469,Cpoints
551751.8105,7817210.527,-9555.780273,Cpoints
552089.3105,7817248.07,-9523.160156,Cpoints
550701.8105,7819744.48,-9542.209961,Cpoints
549576.8105,7819294,-9664.080078,Cpoints
550876.8105,7819087.527,-9552.370117,Cpoints
552076.8105,7821208.539,-9657.669922,Cpoints
549826.8105,7819462.93,-9623.69043,Cpoints
550264.3105,7818561.969,-9665.580078,Cpoints
549539.3105,7821302.391,-9749.709961,Cpoints
550026.8105,7819181.379,-9595.990234,Cpoints
550351.8105,7819725.711,-9550.769531,Cpoints
550401.8105,7818974.91,-9539.75,Cpoints
550451.8105,7820795.598,-9571.019531,Cpoints
549176.8105,7819312.77,-9734.360352,Cpoints
550489.3105,7819031.219,-9504.339844,Cpoints
549864.3105,7819706.938,-9639.040039,Cpoints
550151.8105,7820682.98,-9570.150391,Cpoints
550101.8105,7818468.117,-9667.599609,Cpoints
551989.3105,7816928.98,-9556.799805,Cpoints
550039.3105,7819481.699,-9592.610352,Cpoints
550626.8105,7819725.711,-9538.459961,Cpoints
549864.3105,7818111.488,-9704,Cpoints
551839.3105,7816647.43,-9550.269531,Cpoints
550776.8105,7818618.281,-9648.099609,Cpoints
552214.3105,7817473.309,-9530.919922,Cpoints
550276.8105,7818749.668,-9640.860352,Cpoints
550064.3105,7819331.539,-9580.25,Cpoints
550014.3105,7819706.938,-9598.870117,Cpoints
550176.8105,7821396.238,-9748.5,Cpoints
550189.3105,7819481.699,-9557.94043,Cpoints
550089.3105,7819894.641,-9534.509766,Cpoints
551839.3105,7816760.051,-9564.860352,Cpoints
550214.3105,7821264.848,-9730.05957,Cpoints
551176.8105,7821246.078,-9696.650391,Cpoints
551626.8105,7816928.98,-9568.709961,Cpoints
550889.3105,7817942.559,-9594.919922,Cpoints
548889.3105,7817980.098,-9704.910156,Cpoints
549314.3105,7821659.02,-9751.30957,Cpoints
550276.8105,7818599.508,-9660.389648,Cpoints
551939.3105,7816910.207,-9563.519531,Cpoints
551926.8105,7816985.289,-9562.25,Cpoints
550689.3105,7819988.488,-9503.759766,Cpoints
551989.3105,7821339.93,-9657.599609,Cpoints
550189.3105,7819800.789,-9536.120117,Cpoints
549151.8105,7819481.699,-9745.75,Cpoints
551564.3105,7817398.227,-9575.740234,Cpoints
551939.3105,7817116.68,-9548.019531,Cpoints
550326.8105,7821471.32,-9738.790039,Cpoints
552026.8105,7816910.207,-9550.740234,Cpoints
551876.8105,7817060.367,-9556.709961,Cpoints
551514.3105,7817454.539,-9584.360352,Cpoints
550914.3105,7817022.828,-9615.219727,Cpoints
552426.8105,7816910.207,-9411.620117,Cpoints
550414.3105,7820739.289,-9549.929688,Cpoints
550376.8105,7818637.047,-9657.200195,Cpoints
550626.8105,7820232.5,-9440.25,Cpoints
550426.8105,7817867.48,-9656.830078,Cpoints
551514.3105,7816985.289,-9576.879883,Cpoints
551776.8105,7817829.938,-9567.540039,Cpoints
550339.3105,7819763.25,-9539.280273,Cpoints
550951.8105,7816797.59,-9629.910156,Cpoints
550876.8105,7819031.219,-9558.900391,Cpoints
551251.8105,7816741.277,-9589.089844,Cpoints
552326.8105,7817379.461,-9480.679688,Cpoints
550326.8105,7818899.828,-9588.799805,Cpoints
550389.3105,7819857.098,-9499.269531,Cpoints
550426.8105,7821565.168,-9735.330078,Cpoints
549864.3105,7820345.121,-9611.730469,Cpoints
550451.8105,7819519.238,-9520.660156,Cpoints
549164.3105,7819237.688,-9726.040039,Cpoints
548951.8105,7819538.008,-9741.049805,Cpoints
552451.8105,7821809.18,-9516.360352,Cpoints
549501.8105,7819294,-9682.879883,Cpoints
549964.3105,7819875.867,-9563.969727,Cpoints
550326.8105,7818768.438,-9625.299805,Cpoints
550201.8105,7819894.641,-9497.469727,Cpoints
551001.8105,7821752.867,-9703.169922,Cpoints
552226.8105,7816835.129,-9507.700195,Cpoints
549539.3105,7819913.41,-9691.139648,Cpoints
549701.8105,7821133.457,-9741.30957,Cpoints
551001.8105,7817341.918,-9600.120117,Cpoints
549776.8105,7820157.418,-9612.450195,Cpoints
550814.3105,7820270.039,-9501.360352,Cpoints
549264.3105,7818092.719,-9699.05957,Cpoints
552014.3105,7817248.07,-9537.509766,Cpoints
551851.8105,7817341.918,-9563.94043,Cpoints
550014.3105,7818974.91,-9613.110352,Cpoints
551976.8105,7817585.93,-9562.349609,Cpoints
552426.8105,7816741.277,-9439.700195,Cpoints
550739.3105,7820288.809,-9469.320313,Cpoints
551101.8105,7821715.328,-9696.259766,Cpoints
552301.8105,7817304.379,-9466.679688,Cpoints
551151.8105,7820870.68,-9677.700195,Cpoints
551689.3105,7817417,-9564.379883,Cpoints
551051.8105,7817116.68,-9594.139648,Cpoints
549539.3105,7817041.598,-9610.389648,Cpoints
550251.8105,7818974.91,-9592.910156,Cpoints
551664.3105,7817323.148,-9566.469727,Cpoints
548964.3105,7819331.539,-9734.570313,Cpoints
552164.3105,7817229.301,-9505.599609,Cpoints
549439.3105,7817398.227,-9486.700195,Cpoints
550226.8105,7820345.121,-9438.669922,Cpoints
550114.3105,7819200.148,-9574.679688,Cpoints
551439.3105,7818111.488,-9540.179688,Cpoints
549164.3105,7819706.938,-9733.110352,Cpoints
550689.3105,7818862.289,-9573.030273,Cpoints
549289.3105,7819594.32,-9734.919922,Cpoints
550251.8105,7821771.641,-9741.120117,Cpoints
551739.3105,7817886.25,-9563.160156,Cpoints
550826.8105,7819519.238,-9525.110352,Cpoints
548889.3105,7820213.73,-9718.540039,Cpoints
550301.8105,7819275.23,-9501.25,Cpoints
549614.3105,7819575.551,-9677.530273,Cpoints
549914.3105,7819369.078,-9600.019531,Cpoints
550376.8105,7820363.887,-9378.019531,Cpoints
550426.8105,7818017.637,-9660.389648,Cpoints
549989.3105,7821602.711,-9739.820313,Cpoints
549926.8105,7818299.188,-9678.360352,Cpoints
550339.3105,7821189.77,-9700.320313,Cpoints
552289.3105,7817135.449,-9468.599609,Cpoints
551576.8105,7817905.02,-9577.240234,Cpoints
551189.3105,7820908.219,-9681.599609,Cpoints
550726.8105,7820570.359,-9495.179688,Cpoints
549451.8105,7819106.301,-9668.419922,Cpoints
549401.8105,7819012.449,-9660.900391,Cpoints
550976.8105,7820945.758,-9675.009766,Cpoints
550626.8105,7819294,-9450.870117,Cpoints
549276.8105,7817961.328,-9676.299805,Cpoints
550026.8105,7820082.34,-9490.299805,Cpoints
551989.3105,7821302.391,-9661.679688,Cpoints
550839.3105,7819894.641,-9543.759766,Cpoints
549201.8105,7819406.617,-9738.219727,Cpoints
549239.3105,7818674.59,-9690.990234,Cpoints
552064.3105,7817961.328,-9572.5,Cpoints
550626.8105,7818393.039,-9683.080078,Cpoints
550364.3105,7819594.32,-9556.429688,Cpoints
551076.8105,7816722.508,-9605.209961,Cpoints
550989.3105,7819031.219,-9593.830078,Cpoints
550389.3105,7819200.148,-9473.080078,Cpoints
549089.3105,7819162.609,-9725.80957,Cpoints
551814.3105,7817248.07,-9557.299805,Cpoints
550189.3105,7819106.301,-9564.25,Cpoints
550814.3105,7817473.309,-9595.219727,Cpoints
551801.8105,7817004.059,-9568.669922,Cpoints
549451.8105,7820345.121,-9728.55957,Cpoints
552389.3105,7817548.387,-9499.280273,Cpoints
548926.8105,7820926.988,-9767.139648,Cpoints
549926.8105,7820007.258,-9544.320313,Cpoints
550026.8105,7820664.211,-9607.679688,Cpoints
550026.8105,7819087.527,-9604.179688,Cpoints
550026.8105,7819838.328,-9561.099609,Cpoints
551526.8105,7817905.02,-9577.759766,Cpoints
551701.8105,7817473.309,-9560.480469,Cpoints
549364.3105,7819181.379,-9704.30957,Cpoints
550201.8105,7818618.281,-9658.169922,Cpoints
550876.8105,7818693.359,-9647.129883,Cpoints
552264.3105,7821809.18,-9527.709961,Cpoints
550726.8105,7816928.98,-9630.19043,Cpoints
550476.8105,7820119.879,-9421.799805,Cpoints
550314.3105,7818167.797,-9689.889648,Cpoints
550626.8105,7818280.418,-9674.19043,Cpoints
549151.8105,7817905.02,-9670.730469,Cpoints
552426.8105,7816947.75,-9411.160156,Cpoints
548951.8105,7819275.23,-9731.349609,Cpoints
549939.3105,7819913.41,-9559.540039,Cpoints
550626.8105,7819763.25,-9536.860352,Cpoints
551939.3105,7816872.668,-9562.830078,Cpoints
550489.3105,7818149.027,-9661.400391,Cpoints
549876.8105,7819894.641,-9586.780273,Cpoints
550626.8105,7820438.969,-9431.530273,Cpoints
549276.8105,7819406.617,-9729.629883,Cpoints
551276.8105,7817435.77,-9587.80957,Cpoints
549664.3105,7821659.02,-9748.570313,Cpoints
550126.8105,7819744.48,-9565.349609,Cpoints
550801.8105,7817398.227,-9601.610352,Cpoints
549876.8105,7818637.047,-9574.410156,Cpoints
550351.8105,7818111.488,-9681.219727,Cpoints
550764.3105,7817867.48,-9606.790039,Cpoints
549289.3105,7819294,-9725.360352,Cpoints
550676.8105,7818374.27,-9677.799805,Cpoints
552089.3105,7821490.09,-9618.080078,Cpoints
550064.3105,7820532.82,-9562.669922,Cpoints
548989.3105,7817980.098,-9693.450195,Cpoints
550276.8105,7817942.559,-9686.929688,Cpoints
550126.8105,7820270.039,-9453.259766,Cpoints
550176.8105,7821452.551,-9747.769531,Cpoints
549001.8105,7818073.949,-9704.900391,Cpoints
552026.8105,7817529.617,-9556.549805,Cpoints
551114.3105,7816872.668,-9596.610352,Cpoints
550064.3105,7819875.867,-9543.540039,Cpoints
549864.3105,7821827.949,-9738.629883,Cpoints
549776.8105,7819857.098,-9624.719727,Cpoints
549939.3105,7819237.688,-9604.719727,Cpoints
549989.3105,7819688.168,-9606.870117,Cpoints
552364.3105,7817004.059,-9444.429688,Cpoints
550239.3105,7821415.008,-9744.139648,Cpoints
550801.8105,7821659.02,-9729.400391,Cpoints
550701.8105,7821640.25,-9730.879883,Cpoints
552014.3105,7817285.609,-9538.669922,Cpoints
550276.8105,7818730.898,-9643.19043,Cpoints
552114.3105,7821339.93,-9638.730469,Cpoints
550264.3105,7819200.148,-9519.950195,Cpoints
550214.3105,7819650.629,-9568.19043,Cpoints
552376.8105,7817135.449,-9422.349609,Cpoints
549651.8105,7819838.328,-9658.219727,Cpoints
551064.3105,7821621.48,-9693.889648,Cpoints
552014.3105,7817792.398,-9573.540039,Cpoints
549076.8105,7820307.578,-9729.19043,Cpoints
550364.3105,7820420.199,-9389.200195,Cpoints
549189.3105,7821771.641,-9764.519531,Cpoints
550376.8105,7821339.93,-9723.330078,Cpoints
549864.3105,7817980.098,-9706.030273,Cpoints
552289.3105,7817266.84,-9464.030273,Cpoints
550926.8105,7817079.141,-9614.429688,Cpoints
549651.8105,7818336.73,-9647.839844,Cpoints
550401.8105,7818092.719,-9672.639648,Cpoints
551776.8105,7818017.637,-9553.5,Cpoints
551614.3105,7816778.816,-9576,Cpoints
549439.3105,7821377.469,-9751.879883,Cpoints
550276.8105,7820026.027,-9435.269531,Cpoints
550776.8105,7819932.18,-9527.660156,Cpoints
549389.3105,7820044.801,-9722.349609,Cpoints
552376.8105,7817792.398,-9532.780273,Cpoints
549064.3105,7817717.32,-9612.389648,Cpoints
549464.3105,7817811.168,-9637.889648,Cpoints
550714.3105,7817923.789,-9612.679688,Cpoints
550789.3105,7820326.348,-9487.580078,Cpoints
549076.8105,7819669.398,-9734.669922,Cpoints
550489.3105,7819838.328,-9512.040039,Cpoints
550751.8105,7817116.68,-9620.110352,Cpoints
550101.8105,7820626.668,-9568.110352,Cpoints
550026.8105,7816928.98,-9579.320313,Cpoints
550489.3105,7819688.168,-9538.55957,Cpoints
552226.8105,7817285.609,-9487.639648,Cpoints
549376.8105,7820119.879,-9714.570313,Cpoints
550626.8105,7821377.469,-9728.589844,Cpoints
550214.3105,7820119.879,-9420.259766,Cpoints
552076.8105,7821246.078,-9656.25,Cpoints
549864.3105,7818073.949,-9705.889648,Cpoints
550951.8105,7818430.578,-9608.219727,Cpoints
552001.8105,7816684.969,-9543.639648,Cpoints
549539.3105,7819519.238,-9682.179688,Cpoints
550364.3105,7820270.039,-9374.129883,Cpoints
550776.8105,7821415.008,-9721.709961,Cpoints
550389.3105,7818956.141,-9549.089844,Cpoints
551739.3105,7817398.227,-9565.839844,Cpoints
551426.8105,7817154.219,-9576.900391,Cpoints
552439.3105,7817848.711,-9536.429688,Cpoints
551789.3105,7817679.777,-9573.320313,Cpoints
549676.8105,7818580.738,-9564.75,Cpoints
549801.8105,7818111.488,-9700.009766,Cpoints
550676.8105,7819462.93,-9490.419922,Cpoints
551851.8105,7816741.277,-9561.040039,Cpoints
551664.3105,7817998.871,-9558.44043,Cpoints
551926.8105,7816928.98,-9564.709961,Cpoints
549064.3105,7818055.18,-9699.570313,Cpoints
549026.8105,7818149.027,-9714.849609,Cpoints
550139.3105,7819706.938,-9570.900391,Cpoints
551851.8105,7818036.41,-9557.459961,Cpoints
550076.8105,7819312.77,-9578.259766,Cpoints
549451.8105,7819988.488,-9718.200195,Cpoints
552226.8105,7816928.98,-9503.179688,Cpoints
549176.8105,7817717.32,-9605.179688,Cpoints
552276.8105,7821546.398,-9587.610352,Cpoints
551651.8105,7817961.328,-9564.44043,Cpoints
552014.3105,7816985.289,-9553.299805,Cpoints
551989.3105,7816778.816,-9554.049805,Cpoints
551264.3105,7818167.797,-9517.169922,Cpoints
549976.8105,7819406.617,-9591.150391,Cpoints
551289.3105,7817829.938,-9564.959961,Cpoints
552014.3105,7821227.309,-9665.290039,Cpoints
548901.8105,7819143.84,-9731.549805,Cpoints
552351.8105,7821640.25,-9557.360352,Cpoints
551939.3105,7816666.199,-9544.19043,Cpoints
549951.8105,7821809.18,-9742.769531,Cpoints
548901.8105,7819613.09,-9742.639648,Cpoints
552151.8105,7821283.617,-9636.929688,Cpoints
549101.8105,7818111.488,-9703.019531,Cpoints
549326.8105,7817079.141,-9572.089844,Cpoints
549476.8105,7821283.617,-9748.759766,Cpoints
552151.8105,7817886.25,-9569.759766,Cpoints
551839.3105,7816684.969,-9555.25,Cpoints
550789.3105,7819838.328,-9550.620117,Cpoints
549901.8105,7820495.281,-9609.570313,Cpoints
551726.8105,7817266.84,-9560.339844,Cpoints
550114.3105,7820326.348,-9479.919922,Cpoints
549339.3105,7820720.52,-9738.05957,Cpoints
548964.3105,7819556.777,-9742.660156,Cpoints
550701.8105,7819575.551,-9525.530273,Cpoints
550651.8105,7820457.738,-9443.679688,Cpoints
552389.3105,7817829.938,-9539.339844,Cpoints
548976.8105,7817829.938,-9665.610352,Cpoints
550164.3105,7818712.129,-9661.110352,Cpoints
551776.8105,7816928.98,-9572.339844,Cpoints
548951.8105,7818599.508,-9725.610352,Cpoints
551814.3105,7817717.32,-9570.469727,Cpoints
549664.3105,7819782.02,-9665.179688,Cpoints
551601.8105,7817773.629,-9578.280273,Cpoints
550626.8105,7820514.051,-9449.980469,Cpoints
551189.3105,7821321.16,-9692.610352,Cpoints
550676.8105,7821790.41,-9725.589844,Cpoints
551101.8105,7816778.816,-9601.070313,Cpoints
550226.8105,7821227.309,-9719.549805,Cpoints
550951.8105,7816947.75,-9617.589844,Cpoints
549101.8105,7817116.68,-9590.860352,Cpoints
550051.8105,7820157.418,-9471.820313,Cpoints
550251.8105,7820194.961,-9400.419922,Cpoints
550726.8105,7817154.219,-9619.339844,Cpoints
550689.3105,7818524.43,-9668.94043,Cpoints
549951.8105,7819068.758,-9604.360352,Cpoints
551626.8105,7817379.461,-9568.709961,Cpoints
550189.3105,7820570.359,-9525.950195,Cpoints
549726.8105,7820382.66,-9660.549805,Cpoints
549364.3105,7817492.078,-9470.969727,Cpoints
551576.8105,7817210.527,-9566.259766,Cpoints
550239.3105,7818486.891,-9673.75,Cpoints
550789.3105,7819875.867,-9542.429688,Cpoints
550626.8105,7818881.059,-9557.5,Cpoints
551939.3105,7817004.059,-9559.599609,Cpoints
550414.3105,7821358.699,-9727.870117,Cpoints
551064.3105,7821490.09,-9694.389648,Cpoints
552364.3105,7817191.758,-9424.790039,Cpoints
551426.8105,7818055.18,-9544.580078,Cpoints
552276.8105,7816666.199,-9502.400391,Cpoints
550801.8105,7818899.828,-9574.839844,Cpoints
550189.3105,7817642.238,-9684.769531,Cpoints
551614.3105,7818092.719,-9548.740234,Cpoints
551764.3105,7817961.328,-9555.75,Cpoints
550226.8105,7819181.379,-9536.160156,Cpoints
551976.8105,7821246.078,-9666.080078,Cpoints
550789.3105,7817886.25,-9605.349609,Cpoints
551164.3105,7817829.938,-9571,Cpoints
550339.3105,7819049.988,-9533.44043,Cpoints
552051.8105,7821471.32,-9626.400391,Cpoints
552201.8105,7817435.77,-9525.030273,Cpoints
551701.8105,7817510.848,-9559.349609,Cpoints
550114.3105,7816778.816,-9600.919922,Cpoints
550926.8105,7819143.84,-9560.290039,Cpoints
550126.8105,7819913.41,-9520,Cpoints
551014.3105,7818299.188,-9581.389648,Cpoints
550926.8105,7816722.508,-9633.660156,Cpoints
549651.8105,7821827.949,-9734.620117,Cpoints
549926.8105,7821246.078,-9750.030273,Cpoints
551689.3105,7816835.129,-9572.299805,Cpoints
550601.8105,7817191.758,-9612.110352,Cpoints
549426.8105,7821602.711,-9722.05957,Cpoints
549026.8105,7819688.168,-9734.150391,Cpoints
550676.8105,7820401.43,-9443.269531,Cpoints
550101.8105,7816684.969,-9629.169922,Cpoints
548951.8105,7818130.258,-9715.700195,Cpoints
550251.8105,7819950.949,-9462.370117,Cpoints
551639.3105,7817905.02,-9572.30957,Cpoints
552001.8105,7816722.508,-9547.429688,Cpoints
548901.8105,7820176.188,-9718.759766,Cpoints
550826.8105,7821621.48,-9725.55957,Cpoints
551664.3105,7817811.168,-9573.919922,Cpoints
549864.3105,7817266.84,-9642.769531,Cpoints
550464.3105,7821339.93,-9735.389648,Cpoints
552364.3105,7821827.949,-9524.009766,Cpoints
550339.3105,7819106.301,-9514.19043,Cpoints
550139.3105,7820514.051,-9526.5,Cpoints
549026.8105,7819481.699,-9741.360352,Cpoints
552226.8105,7817529.617,-9542.230469,Cpoints
549926.8105,7820363.887,-9586.969727,Cpoints
550339.3105,7820626.668,-9513.080078,Cpoints
550389.3105,7821415.008,-9728.139648,Cpoints
551901.8105,7816684.969,-9549.549805,Cpoints
550001.8105,7819932.18,-9533.290039,Cpoints
550339.3105,7819294,-9486.259766,Cpoints
551476.8105,7817923.789,-9571.660156,Cpoints
549739.3105,7819087.527,-9623.990234,Cpoints
552064.3105,7816910.207,-9543.379883,Cpoints
550814.3105,7821133.457,-9699.610352,Cpoints
549314.3105,7821696.559,-9753.299805,Cpoints
550139.3105,7819406.617,-9564.469727,Cpoints
551289.3105,7821039.609,-9683.169922,Cpoints
550739.3105,7820814.371,-9575.740234,Cpoints
550514.3105,7818805.98,-9596.339844,Cpoints
550176.8105,7819575.551,-9573.80957,Cpoints
551276.8105,7818242.879,-9511.429688,Cpoints
549964.3105,7820457.738,-9586.299805,Cpoints
550414.3105,7818393.039,-9685.349609,Cpoints
550326.8105,7818524.43,-9671.290039,Cpoints
550126.8105,7818524.43,-9660.549805,Cpoints
548889.3105,7818430.578,-9741.639648,Cpoints
549351.8105,7821771.641,-9747.240234,Cpoints
550514.3105,7816666.199,-9636.580078,Cpoints
549776.8105,7820870.68,-9726.769531,Cpoints
549151.8105,7820664.211,-9730.889648,Cpoints
552014.3105,7817154.219,-9540.490234,Cpoints
551064.3105,7821095.918,-9702.80957,Cpoints
549026.8105,7821659.02,-9753.469727,Cpoints
548876.8105,7817923.789,-9698.150391,Cpoints
550251.8105,7819068.758,-9559.05957,Cpoints
549376.8105,7819312.77,-9711.200195,Cpoints
549439.3105,7819256.457,-9695.679688,Cpoints
552226.8105,7817097.91,-9499.589844,Cpoints
549776.8105,7821321.16,-9751.80957,Cpoints
549639.3105,7821490.09,-9749.219727,Cpoints
548939.3105,7817980.098,-9699.160156,Cpoints
550226.8105,7819256.457,-9533.719727,Cpoints
550989.3105,7818974.91,-9601.709961,Cpoints
552076.8105,7821283.617,-9653.610352,Cpoints
549664.3105,7819125.07,-9627.530273,Cpoints
551126.8105,7818205.34,-9554.269531,Cpoints
550739.3105,7819819.559,-9546.280273,Cpoints
549989.3105,7821208.539,-9743.780273,Cpoints
549589.3105,7821339.93,-9753.919922,Cpoints
548989.3105,7818543.199,-9731.230469,Cpoints
550264.3105,7818862.289,-9621.990234,Cpoints
549176.8105,7817604.699,-9553.19043,Cpoints
550276.8105,7819706.938,-9557.339844,Cpoints
549776.8105,7821114.691,-9739.879883,Cpoints
550051.8105,7820607.898,-9583.44043,Cpoints
550126.8105,7818899.828,-9637.889648,Cpoints
552076.8105,7816778.816,-9545.240234,Cpoints
550164.3105,7818899.828,-9635.660156,Cpoints
550764.3105,7818505.66,-9659.389648,Cpoints
550726.8105,7819875.867,-9534.019531,Cpoints
549951.8105,7819538.008,-9612.240234,Cpoints
551039.3105,7816928.98,-9608.929688,Cpoints
551464.3105,7816741.277,-9584.389648,Cpoints
552364.3105,7821283.617,-9604.849609,Cpoints
549264.3105,7821377.469,-9754.69043,Cpoints
550451.8105,7818956.141,-9533.389648,Cpoints
550364.3105,7819688.168,-9557.929688,Cpoints
551051.8105,7817285.609,-9597.650391,Cpoints
550764.3105,7821452.551,-9723.370117,Cpoints
550751.8105,7821114.691,-9687.929688,Cpoints
552101.8105,7821659.02,-9573.200195,Cpoints
552401.8105,7817942.559,-9558.179688,Cpoints
551439.3105,7821471.32,-9682.889648,Cpoints
549976.8105,7818336.73,-9677.25,Cpoints
549701.8105,7819444.16,-9639.379883,Cpoints
551239.3105,7821227.309,-9698.379883,Cpoints
550489.3105,7818430.578,-9685.830078,Cpoints
552051.8105,7817642.238,-9558.219727,Cpoints
549301.8105,7817623.469,-9538.419922,Cpoints
552289.3105,7817811.168,-9549.429688,Cpoints
550401.8105,7819012.449,-9527.030273,Cpoints
551989.3105,7816666.199,-9541.599609,Cpoints
549976.8105,7820814.371,-9673.730469,Cpoints
550701.8105,7819950.949,-9514.44043,Cpoints
550864.3105,7820833.141,-9614.870117,Cpoints
550276.8105,7821827.949,-9736.730469,Cpoints
550889.3105,7817998.871,-9599.889648,Cpoints
549151.8105,7818167.797,-9707.620117,Cpoints
552151.8105,7821358.699,-9629.259766,Cpoints
551601.8105,7817060.367,-9565.839844,Cpoints
551251.8105,7821114.691,-9697.05957,Cpoints
551751.8105,7821321.16,-9674.410156,Cpoints
549589.3105,7821565.168,-9741.269531,Cpoints
550326.8105,7818693.359,-9644.209961,Cpoints
552001.8105,7821396.238,-9648.30957,Cpoints
550614.3105,7819669.398,-9536.200195,Cpoints
549864.3105,7818017.637,-9706.55957,Cpoints
549589.3105,7820044.801,-9679.549805,Cpoints
550364.3105,7817717.32,-9668.629883,Cpoints
549264.3105,7817698.547,-9586.780273,Cpoints
550939.3105,7818899.828,-9603.410156,Cpoints
550726.8105,7817304.379,-9615.419922,Cpoints
550039.3105,7818430.578,-9667.870117,Cpoints
552001.8105,7817022.828,-9553.429688,Cpoints
550139.3105,7820101.109,-9449.280273,Cpoints
552151.8105,7816703.738,-9525.459961,Cpoints
548976.8105,7817886.25,-9679.599609,Cpoints
549139.3105,7817848.711,-9656.469727,Cpoints
551764.3105,7816684.969,-9561.870117,Cpoints
550326.8105,7818805.98,-9616.049805,Cpoints
550489.3105,7817172.988,-9598.30957,Cpoints
550801.8105,7817248.07,-9615.929688,Cpoints
550764.3105,7817398.227,-9606.730469,Cpoints
548976.8105,7820758.059,-9756.80957,Cpoints
551576.8105,7817492.078,-9572.280273,Cpoints
550089.3105,7818430.578,-9674.990234,Cpoints
548901.8105,7817060.367,-9671.459961,Cpoints
550739.3105,7818956.141,-9542.129883,Cpoints
550789.3105,7821002.07,-9654.740234,Cpoints
552114.3105,7816816.359,-9538.650391,Cpoints
550776.8105,7816928.98,-9630.69043,Cpoints
548914.3105,7817792.398,-9670.719727,Cpoints
550289.3105,7816778.816,-9592.969727,Cpoints
551751.8105,7816741.277,-9568.780273,Cpoints
550439.3105,7820833.141,-9587.230469,Cpoints
552201.8105,7821302.391,-9623.25,Cpoints
552351.8105,7816666.199,-9482.519531,Cpoints
550776.8105,7818167.797,-9632.219727,Cpoints
551876.8105,7817191.758,-9551.400391,Cpoints
551001.8105,7818073.949,-9603.389648,Cpoints
550739.3105,7816966.52,-9625.429688,Cpoints
551551.8105,7817998.871,-9567,Cpoints
552364.3105,7821171,-9607.480469,Cpoints
551876.8105,7821602.711,-9605.519531,Cpoints
551126.8105,7821077.148,-9703.669922,Cpoints
550389.3105,7818561.969,-9668.669922,Cpoints
550676.8105,7819125.07,-9477.019531,Cpoints
552139.3105,7817060.367,-9529.400391,Cpoints
551051.8105,7820664.211,-9630.459961,Cpoints
550814.3105,7818486.891,-9649.269531,Cpoints
549139.3105,7819331.539,-9736.530273,Cpoints
550426.8105,7819631.859,-9549.339844,Cpoints
549426.8105,7821095.918,-9745.919922,Cpoints
551826.8105,7817961.328,-9557.150391,Cpoints
549789.3105,7816835.129,-9649.650391,Cpoints
549176.8105,7817980.098,-9685.259766,Cpoints
551089.3105,7817210.527,-9588.490234,Cpoints
549939.3105,7819256.457,-9603.080078,Cpoints
549876.8105,7821189.77,-9744.669922,Cpoints
550239.3105,7821471.32,-9744.299805,Cpoints
549414.3105,7820213.73,-9719.889648,Cpoints
549489.3105,7819481.699,-9692.820313,Cpoints
552026.8105,7817585.93,-9558.129883,Cpoints
549751.8105,7818111.488,-9698.55957,Cpoints
550114.3105,7820138.648,-9446.629883,Cpoints
549014.3105,7818918.598,-9728.80957,Cpoints
549989.3105,7819331.539,-9590.719727,Cpoints
551714.3105,7816666.199,-9564.969727,Cpoints
550326.8105,7820176.188,-9389.490234,Cpoints
550014.3105,7820119.879,-9492.389648,Cpoints
551389.3105,7817567.16,-9586.490234,Cpoints
549364.3105,7817266.84,-9474.980469,Cpoints
549651.8105,7821058.379,-9741.879883,Cpoints
551939.3105,7817417,-9559.19043,Cpoints
552189.3105,7817811.168,-9559.299805,Cpoints
550851.8105,7819406.617,-9501.990234,Cpoints
549801.8105,7818261.648,-9676.549805,Cpoints
548876.8105,7819087.527,-9736.110352,Cpoints
551814.3105,7817492.078,-9561.959961,Cpoints
550851.8105,7821208.539,-9709.490234,Cpoints
551901.8105,7817567.16,-9564.009766,Cpoints
550264.3105,7821264.848,-9721.530273,Cpoints
549026.8105,7819162.609,-9729.900391,Cpoints
549289.3105,7820345.121,-9735.089844,Cpoints
550076.8105,7819237.688,-9581.969727,Cpoints
550401.8105,7820870.68,-9601.030273,Cpoints
552389.3105,7817698.547,-9511.549805,Cpoints
549201.8105,7818111.488,-9704.030273,Cpoints
550001.8105,7819763.25,-9590.610352,Cpoints
550414.3105,7819406.617,-9486.160156,Cpoints
551539.3105,7817548.387,-9579,Cpoints
549564.3105,7820345.121,-9705.410156,Cpoints
550201.8105,7819406.617,-9544.700195,Cpoints
549351.8105,7819819.559,-9722.370117,Cpoints
550339.3105,7818393.039,-9683.929688,Cpoints
550626.8105,7821771.641,-9729.120117,Cpoints
550876.8105,7818543.199,-9641.320313,Cpoints
549789.3105,7820082.34,-9597.610352,Cpoints
548976.8105,7820945.758,-9765.650391,Cpoints
549014.3105,7819294,-9735.599609,Cpoints
549326.8105,7819462.93,-9726.389648,Cpoints
551139.3105,7817548.387,-9582.620117,Cpoints
549626.8105,7820101.109,-9665.040039,Cpoints
551826.8105,7817304.379,-9561.69043,Cpoints
549826.8105,7818881.059,-9554.980469,Cpoints
550901.8105,7819838.328,-9559.400391,Cpoints
551026.8105,7820739.289,-9646.879883,Cpoints
551101.8105,7820739.289,-9659.379883,Cpoints
551151.8105,7816985.289,-9583.139648,Cpoints
550426.8105,7818224.109,-9678.200195,Cpoints
551914.3105,7817886.25,-9566.5,Cpoints
549476.8105,7820908.219,-9742.530273,Cpoints
551089.3105,7821020.84,-9699.830078,Cpoints
552276.8105,7816853.898,-9488.540039,Cpoints
550826.8105,7818599.508,-9647.700195,Cpoints
549476.8105,7818843.52,-9626.120117,Cpoints
549014.3105,7819782.02,-9733.160156,Cpoints
550901.8105,7819425.391,-9517.580078,Cpoints
550876.8105,7820645.438,-9563.360352,Cpoints
550901.8105,7821734.102,-9712.759766,Cpoints
549439.3105,7817567.16,-9521.339844,Cpoints
549189.3105,7819575.551,-9741.269531,Cpoints
550676.8105,7819331.539,-9456.459961,Cpoints
548901.8105,7820983.297,-9768.450195,Cpoints
549876.8105,7819631.859,-9635.69043,Cpoints
549539.3105,7819819.559,-9688.209961,Cpoints
550851.8105,7818843.52,-9607.639648,Cpoints
552064.3105,7817717.32,-9568.519531,Cpoints
549864.3105,7819331.539,-9611.599609,Cpoints
550939.3105,7819481.699,-9536.730469,Cpoints
550226.8105,7818674.59,-9655.719727,Cpoints
549326.8105,7818073.949,-9700.280273,Cpoints
550876.8105,7818411.809,-9628,Cpoints
551001.8105,7817004.059,-9606.639648,Cpoints
550176.8105,7818224.109,-9702.469727,Cpoints
551126.8105,7817492.078,-9583.389648,Cpoints
548926.8105,7820514.051,-9746.519531,Cpoints
551026.8105,7817172.988,-9598.629883,Cpoints
550451.8105,7817604.699,-9659.049805,Cpoints
549551.8105,7820194.961,-9690.709961,Cpoints
549639.3105,7820270.039,-9681.120117,Cpoints
549739.3105,7818599.508,-9562.950195,Cpoints
552139.3105,7817398.227,-9525.639648,Cpoints
551676.8105,7817661.008,-9578.179688,Cpoints
550026.8105,7818336.73,-9686.419922,Cpoints
550826.8105,7819031.219,-9542.339844,Cpoints
551439.3105,7817585.93,-9585.540039,Cpoints
551101.8105,7818505.66,-9572.19043,Cpoints
549039.3105,7819181.379,-9729.429688,Cpoints
549626.8105,7818149.027,-9697.580078,Cpoints
550814.3105,7821734.102,-9723.599609,Cpoints
551114.3105,7817773.629,-9574.410156,Cpoints
550351.8105,7820720.52,-9552.549805,Cpoints
549326.8105,7818205.34,-9706.879883,Cpoints
550664.3105,7817792.398,-9608.280273,Cpoints
549814.3105,7818205.34,-9690.650391,Cpoints
549139.3105,7820194.961,-9722.349609,Cpoints
551214.3105,7816928.98,-9578.820313,Cpoints
551014.3105,7817754.859,-9575.269531,Cpoints
549951.8105,7819594.32,-9616.599609,Cpoints
549326.8105,7820101.109,-9719.969727,Cpoints
551176.8105,7817285.609,-9584.400391,Cpoints
550839.3105,7820664.211,-9552.660156,Cpoints
548951.8105,7819613.09,-9743.240234,Cpoints
549189.3105,7819556.777,-9742.860352,Cpoints
550426.8105,7821077.148,-9673.480469,Cpoints
551014.3105,7817041.598,-9602.540039,Cpoints
550201.8105,7819444.16,-9548.719727,Cpoints
549926.8105,7818956.141,-9590.080078,Cpoints
549689.3105,7820063.57,-9641.290039,Cpoints
550151.8105,7821715.328,-9746.389648,Cpoints
549789.3105,7816703.738,-9662.709961,Cpoints
551889.3105,7821452.551,-9653.740234,Cpoints
549939.3105,7819312.77,-9598.009766,Cpoints
551689.3105,7818092.719,-9547.299805,Cpoints
549401.8105,7819969.719,-9726.450195,Cpoints
549014.3105,7818111.488,-9710.230469,Cpoints
550839.3105,7821002.07,-9660.80957,Cpoints
551989.3105,7817661.008,-9562.660156,Cpoints
549914.3105,7820851.91,-9700.240234,Cpoints
549764.3105,7818355.5,-9642.030273,Cpoints
549789.3105,7819369.078,-9614.740234,Cpoints
550064.3105,7818599.508,-9644.419922,Cpoints
549476.8105,7819012.449,-9642.450195,Cpoints
549514.3105,7821321.16,-9751.139648,Cpoints
552039.3105,7817848.711,-9568.719727,Cpoints
551739.3105,7817698.547,-9575.030273,Cpoints
551001.8105,7821583.941,-9697.160156,Cpoints
550789.3105,7818561.969,-9651.950195,Cpoints
550039.3105,7819613.09,-9603.629883,Cpoints
550126.8105,7819969.719,-9500.110352,Cpoints
549414.3105,7817323.148,-9481.580078,Cpoints
550989.3105,7820664.211,-9612.400391,Cpoints
549801.8105,7818167.797,-9695,Cpoints
549876.8105,7820889.449,-9715.370117,Cpoints
550739.3105,7819988.488,-9511.200195,Cpoints
550426.8105,7819613.09,-9547.429688,Cpoints
549839.3105,7818993.68,-9585.089844,Cpoints
550214.3105,7817548.387,-9665.669922,Cpoints
551114.3105,7818468.117,-9560.400391,Cpoints
552101.8105,7817398.227,-9531.240234,Cpoints
550039.3105,7819538.008,-9599.790039,Cpoints
549426.8105,7819519.238,-9711.69043,Cpoints
550501.8105,7816910.207,-9610.80957,Cpoints
550376.8105,7820682.98,-9529.669922,Cpoints
551226.8105,7817004.059,-9574.219727,Cpoints
550964.3105,7818393.039,-9599.959961,Cpoints
549964.3105,7820514.051,-9599.860352,Cpoints
552101.8105,7817604.699,-9555.240234,Cpoints
550676.8105,7819819.559,-9534.480469,Cpoints
550876.8105,7817060.367,-9620,Cpoints
549951.8105,7820964.531,-9710.839844,Cpoints
550126.8105,7818317.957,-9697.25,Cpoints
550114.3105,7820589.129,-9554.740234,Cpoints
550476.8105,7821246.078,-9721.900391,Cpoints
549839.3105,7819031.219,-9599.030273,Cpoints
552014.3105,7817492.078,-9556.040039,Cpoints
550651.8105,7820270.039,-9442.330078,Cpoints
549326.8105,7819500.469,-9729.599609,Cpoints
549601.8105,7820176.188,-9675.849609,Cpoints
548964.3105,7817492.078,-9593.669922,Cpoints
550026.8105,7818205.34,-9706.69043,Cpoints
551076.8105,7817492.078,-9585.240234,Cpoints
552451.8105,7817473.309,-9466.009766,Cpoints
550901.8105,7816910.207,-9626.719727,Cpoints
548939.3105,7817679.777,-9635.05957,Cpoints
551051.8105,7817191.758,-9594.040039,Cpoints
549226.8105,7819688.168,-9731.530273,Cpoints
549639.3105,7818280.418,-9666.860352,Cpoints
549826.8105,7816741.277,-9655.25,Cpoints
550939.3105,7816985.289,-9614.679688,Cpoints
550889.3105,7818317.957,-9620.450195,Cpoints
549226.8105,7819519.238,-9741.969727,Cpoints
551839.3105,7816891.438,-9570.589844,Cpoints
552251.8105,7817811.168,-9553.879883,Cpoints
550139.3105,7819312.77,-9563.240234,Cpoints
548989.3105,7821002.07,-9766.120117,Cpoints
550464.3105,7818787.207,-9604.870117,Cpoints
549439.3105,7818336.73,-9685.410156,Cpoints
549926.8105,7819744.48,-9616.679688,Cpoints
550614.3105,7819857.098,-9522.049805,Cpoints
549614.3105,7821771.641,-9737.089844,Cpoints
550839.3105,7818787.207,-9623.929688,Cpoints
549039.3105,7821133.457,-9765.849609,Cpoints
550664.3105,7818336.73,-9676.910156,Cpoints
550276.8105,7821321.16,-9730.160156,Cpoints
551751.8105,7817736.09,-9572.030273,Cpoints
549114.3105,7817998.871,-9690.490234,Cpoints
549939.3105,7819669.398,-9619.719727,Cpoints
549314.3105,7818036.41,-9693.620117,Cpoints
552051.8105,7816666.199,-9539.30957,Cpoints
549876.8105,7821152.23,-9740.519531,Cpoints
550226.8105,7821621.48,-9743.929688,Cpoints
550339.3105,7818073.949,-9679.589844,Cpoints
549864.3105,7819294,-9614.540039,Cpoints
549676.8105,7821696.559,-9745.5,Cpoints
551501.8105,7817754.859,-9583.240234,Cpoints
550851.8105,7817717.32,-9587.469727,Cpoints
550264.3105,7820176.188,-9399.889648,Cpoints
551851.8105,7817604.699,-9565.820313,Cpoints
549414.3105,7817848.711,-9650.19043,Cpoints
548914.3105,7821602.711,-9762.30957,Cpoints
549726.8105,7820438.969,-9663.94043,Cpoints
549751.8105,7818730.898,-9547.419922,Cpoints
549801.8105,7817998.871,-9703.400391,Cpoints
549564.3105,7818073.949,-9703.049805,Cpoints
550301.8105,7819068.758,-9541.25,Cpoints
550364.3105,7818468.117,-9679.330078,Cpoints
549551.8105,7817736.09,-9617.099609,Cpoints
551051.8105,7821696.559,-9696.019531,Cpoints
551326.8105,7817529.617,-9587.429688,Cpoints
550626.8105,7821208.539,-9700.490234,Cpoints
549789.3105,7820457.738,-9642.389648,Cpoints
549851.8105,7820983.297,-9730.389648,Cpoints
550139.3105,7818073.949,-9707.049805,Cpoints
549801.8105,7819294,-9618.459961,Cpoints
550326.8105,7818017.637,-9678.549805,Cpoints
550501.8105,7817754.859,-9636.879883,Cpoints
550251.8105,7820514.051,-9496.599609,Cpoints
550814.3105,7819594.32,-9544.009766,Cpoints
550939.3105,7819425.391,-9529.719727,Cpoints
549614.3105,7818130.258,-9699.820313,Cpoints
549051.8105,7818805.98,-9720.009766,Cpoints
550676.8105,7821471.32,-9733.110352,Cpoints
549051.8105,7818730.898,-9722.870117,Cpoints
550939.3105,7821415.008,-9707.450195,Cpoints
550614.3105,7820401.43,-9422.379883,Cpoints
549051.8105,7819425.391,-9740.150391,Cpoints
550889.3105,7821133.457,-9703.839844,Cpoints
549051.8105,7818768.438,-9721.160156,Cpoints
549051.8105,7819387.852,-9738.580078,Cpoints
549614.3105,7821659.02,-9744.290039,Cpoints
551414.3105,7818017.637,-9547.389648,Cpoints
549689.3105,7820814.371,-9734.5,Cpoints
549951.8105,7820157.418,-9528.730469,Cpoints
550101.8105,7820457.738,-9527.780273,Cpoints
549301.8105,7818637.047,-9666.05957,Cpoints
551089.3105,7821433.781,-9692.139648,Cpoints
549964.3105,7817266.84,-9623.959961,Cpoints
549876.8105,7819950.949,-9570.240234,Cpoints
549789.3105,7821189.77,-9743.730469,Cpoints
551164.3105,7817398.227,-9587.179688,Cpoints
549151.8105,7818712.129,-9712.679688,Cpoints
549776.8105,7820213.73,-9623.480469,Cpoints
549426.8105,7821020.84,-9744.580078,Cpoints
549151.8105,7820476.508,-9738.950195,Cpoints
550914.3105,7819312.77,-9521.629883,Cpoints
549651.8105,7817172.988,-9613.669922,Cpoints
549376.8105,7819763.25,-9718.75,Cpoints
550339.3105,7819425.391,-9505.219727,Cpoints
549401.8105,7817961.328,-9694.639648,Cpoints
550976.8105,7819143.84,-9574.230469,Cpoints
548926.8105,7817604.699,-9625.429688,Cpoints
550489.3105,7817473.309,-9644.120117,Cpoints
549664.3105,7819631.859,-9676.419922,Cpoints
549376.8105,7817585.93,-9516.120117,Cpoints
549839.3105,7821077.148,-9736.160156,Cpoints
551801.8105,7817360.688,-9566.080078,Cpoints
551051.8105,7817642.238,-9582.610352,Cpoints
550414.3105,7819782.02,-9529.05957,Cpoints
551026.8105,7817473.309,-9587.269531,Cpoints
551964.3105,7817323.148,-9550.349609,Cpoints
550701.8105,7818224.109,-9652.320313,Cpoints
549851.8105,7820382.66,-9616.480469,Cpoints
549051.8105,7819369.078,-9738.009766,Cpoints
549526.8105,7820026.027,-9701.259766,Cpoints
549814.3105,7819125.07,-9622.320313,Cpoints
550614.3105,7816666.199,-9649.589844,Cpoints
550789.3105,7818805.98,-9607.5,Cpoints
550439.3105,7821827.949,-9730.5,Cpoints
549701.8105,7818393.039,-9625.030273,Cpoints
550164.3105,7818805.98,-9652.25,Cpoints
550689.3105,7820720.52,-9531.959961,Cpoints
550264.3105,7817698.547,-9684.240234,Cpoints
550151.8105,7819294,-9560.320313,Cpoints
550776.8105,7820645.438,-9525.200195,Cpoints
551926.8105,7816835.129,-9563.169922,Cpoints
551064.3105,7818712.129,-9612.080078,Cpoints
550289.3105,7820682.98,-9546.860352,Cpoints
550889.3105,7818430.578,-9626.089844,Cpoints
549776.8105,7819462.93,-9624.009766,Cpoints
548964.3105,7819631.859,-9742.169922,Cpoints
551251.8105,7816910.207,-9581.94043,Cpoints
550764.3105,7817341.918,-9609.589844,Cpoints
548976.8105,7817942.559,-9688.980469,Cpoints
550176.8105,7818730.898,-9660.450195,Cpoints
550151.8105,7818186.57,-9705.080078,Cpoints
550439.3105,7821433.781,-9730.070313,Cpoints
550064.3105,7819425.391,-9582.849609,Cpoints
551864.3105,7817886.25,-9565.110352,Cpoints
550476.8105,7818092.719,-9657.469727,Cpoints
550001.8105,7819256.457,-9594.839844,Cpoints
551601.8105,7817998.871,-9564.230469,Cpoints
550314.3105,7818486.891,-9675.75,Cpoints
550676.8105,7821058.379,-9660.870117,Cpoints
550189.3105,7820814.371,-9603.469727,Cpoints
549876.8105,7818299.188,-9673.509766,Cpoints
550239.3105,7818242.879,-9699.530273,Cpoints
549539.3105,7820438.969,-9711.139648,Cpoints
549864.3105,7818336.73,-9660.570313,Cpoints
551164.3105,7818411.809,-9536.959961,Cpoints
549476.8105,7816722.508,-9659.830078,Cpoints
549789.3105,7821715.328,-9744.759766,Cpoints
550926.8105,7819200.148,-9547.620117,Cpoints
549476.8105,7818036.41,-9709.790039,Cpoints
549151.8105,7818918.598,-9716.629883,Cpoints
550051.8105,7819031.219,-9608.080078,Cpoints
549964.3105,7818242.879,-9695.200195,Cpoints
551151.8105,7816816.359,-9593.150391,Cpoints
549264.3105,7817510.848,-9477.160156,Cpoints
549914.3105,7817923.789,-9712.019531,Cpoints
549489.3105,7818149.027,-9714.019531,Cpoints
551876.8105,7817754.859,-9567.769531,Cpoints
551714.3105,7817980.098,-9556.370117,Cpoints
550401.8105,7817417,-9640.419922,Cpoints
550014.3105,7818749.668,-9624.980469,Cpoints
549239.3105,7819838.328,-9730.030273,Cpoints
549951.8105,7820232.5,-9546.339844,Cpoints
549201.8105,7817210.527,-9518.919922,Cpoints
551714.3105,7816853.898,-9572.339844,Cpoints
549226.8105,7816722.508,-9695.320313,Cpoints
550951.8105,7820626.668,-9588.110352,Cpoints
548976.8105,7817004.059,-9666.339844,Cpoints
550664.3105,7818224.109,-9658.740234,Cpoints
551201.8105,7821077.148,-9701.179688,Cpoints
548964.3105,7819237.688,-9730.320313,Cpoints
549514.3105,7817623.469,-9561.589844,Cpoints
550901.8105,7821602.711,-9708.459961,Cpoints
550264.3105,7819913.41,-9474.299805,Cpoints
549276.8105,7819894.641,-9732.839844,Cpoints
549151.8105,7820870.68,-9745.55957,Cpoints
549789.3105,7821020.84,-9734.879883,Cpoints
549976.8105,7818899.828,-9610.910156,Cpoints
549151.8105,7816722.508,-9687.389648,Cpoints
549701.8105,7820945.758,-9737.120117,Cpoints
550276.8105,7820138.648,-9405.19043,Cpoints
551126.8105,7817191.758,-9583.429688,Cpoints
549326.8105,7817529.617,-9481.950195,Cpoints
549689.3105,7819087.527,-9626.339844,Cpoints
549751.8105,7820026.027,-9612.209961,Cpoints
549551.8105,7819012.449,-9627.009766,Cpoints
549301.8105,7816741.277,-9682.5,Cpoints
550064.3105,7819387.852,-9580.419922,Cpoints
549051.8105,7818749.668,-9722,Cpoints
549039.3105,7820814.371,-9756.490234,Cpoints
551226.8105,7816816.359,-9587.919922,Cpoints
550451.8105,7818749.668,-9621.719727,Cpoints
548889.3105,7820870.68,-9766.679688,Cpoints
550801.8105,7820833.141,-9594.379883,Cpoints
550189.3105,7820288.809,-9432.780273,Cpoints
549126.8105,7818561.969,-9714.879883,Cpoints
550926.8105,7818693.359,-9645.75,Cpoints
551139.3105,7821677.789,-9692.700195,Cpoints
550664.3105,7818280.418,-9669.290039,Cpoints
549476.8105,7819500.469,-9697.55957,Cpoints
550989.3105,7818881.059,-9612.820313,Cpoints
549589.3105,7817679.777,-9608.19043,Cpoints
549226.8105,7817754.859,-9614.049805,Cpoints
551039.3105,7818881.059,-9615.259766,Cpoints
549989.3105,7818618.281,-9618.419922,Cpoints
549614.3105,7819068.758,-9629.219727,Cpoints
551814.3105,7817116.68,-9556.669922,Cpoints
550051.8105,7821171,-9734.080078,Cpoints
550614.3105,7820908.219,-9609.799805,Cpoints
550239.3105,7819125.07,-9543.459961,Cpoints
549039.3105,7821377.469,-9766.55957,Cpoints
550101.8105,7817379.461,-9616.919922,Cpoints
550664.3105,7821189.77,-9691.139648,Cpoints
549676.8105,7820138.648,-9649.070313,Cpoints
550739.3105,7821283.617,-9712.540039,Cpoints
549189.3105,7816666.199,-9687.700195,Cpoints
550776.8105,7817285.609,-9613.429688,Cpoints
551626.8105,7818111.488,-9545.320313,Cpoints
550776.8105,7818261.648,-9645.540039,Cpoints
549651.8105,7819331.539,-9642.469727,Cpoints
549051.8105,7819406.617,-9739.349609,Cpoints
550026.8105,7821264.848,-9747.120117,Cpoints
549289.3105,7819200.148,-9717.219727,Cpoints
549714.3105,7821339.93,-9749.879883,Cpoints
551939.3105,7817736.09,-9568.320313,Cpoints
549051.8105,7818824.75,-9719.889648,Cpoints
552289.3105,7821246.078,-9610.709961,Cpoints
551089.3105,7818674.59,-9602.679688,Cpoints
550389.3105,7816684.969,-9618.679688,Cpoints
550701.8105,7816703.738,-9650.759766,Cpoints
549751.8105,7820345.121,-9652.379883,Cpoints
550076.8105,7818749.668,-9645.370117,Cpoints
549626.8105,7819425.391,-9658.639648,Cpoints
549826.8105,7819894.641,-9600.589844,Cpoints
550951.8105,7821339.93,-9707.69043,Cpoints
550739.3105,7818824.75,-9593.450195,Cpoints
551701.8105,7817229.301,-9558.769531,Cpoints
551614.3105,7817867.48,-9577.450195,Cpoints
550251.8105,7819857.098,-9499.580078,Cpoints
549126.8105,7820908.219,-9753.769531,Cpoints
549076.8105,7816666.199,-9682.089844,Cpoints
551514.3105,7817229.301,-9575.019531,Cpoints
550126.8105,7819106.301,-9582.160156,Cpoints
552076.8105,7817041.598,-9543.80957,Cpoints
549914.3105,7817266.84,-9633.769531,Cpoints
549876.8105,7820251.27,-9591.040039,Cpoints
551564.3105,7817172.988,-9565.150391,Cpoints
548976.8105,7817135.449,-9628.040039,Cpoints
549514.3105,7821508.859,-9742.839844,Cpoints
549051.8105,7818787.207,-9720.490234,Cpoints
551001.8105,7821077.148,-9699.240234,Cpoints
550776.8105,7820401.43,-9482.80957,Cpoints
551664.3105,7817754.859,-9574.830078,Cpoints
550639.3105,7821133.457,-9679.94043,Cpoints
549464.3105,7821771.641,-9731.070313,Cpoints
549739.3105,7817229.301,-9633.830078,Cpoints
549401.8105,7818543.199,-9629,Cpoints
550389.3105,7820776.828,-9570.200195,Cpoints
552151.8105,7817004.059,-9523.429688,Cpoints
550901.8105,7817886.25,-9592.549805,Cpoints
551664.3105,7817867.48,-9572.099609,Cpoints
549101.8105,7820420.199,-9737.150391,Cpoints
550426.8105,7820926.988,-9619.679688,Cpoints
550439.3105,7821640.25,-9737.230469,Cpoints
551176.8105,7821433.781,-9688.730469,Cpoints
549926.8105,7818843.52,-9592.389648,Cpoints
550314.3105,7821508.859,-9740.269531,Cpoints
552364.3105,7816891.438,-9445.669922,Cpoints
549051.8105,7818712.129,-9723.530273,Cpoints
550626.8105,7818430.578,-9682.120117,Cpoints
550914.3105,7819369.078,-9518.610352,Cpoints
549676.8105,7819218.918,-9625.929688,Cpoints
549214.3105,7818974.91,-9711.110352,Cpoints
549026.8105,7819331.539,-9737.209961,Cpoints
549501.8105,7820101.109,-9699.730469,Cpoints
549251.8105,7821715.328,-9763.55957,Cpoints
549826.8105,7819594.32,-9643.30957,Cpoints
552214.3105,7816760.051,-9511.110352,Cpoints
549489.3105,7821827.949,-9733.330078,Cpoints
552176.8105,7817285.609,-9501.040039,Cpoints
551964.3105,7817548.387,-9562.320313,Cpoints
551251.8105,7817398.227,-9588.129883,Cpoints
550164.3105,7819125.07,-9567.540039,Cpoints
550201.8105,7820157.418,-9416.049805,Cpoints
550139.3105,7819369.078,-9562.889648,Cpoints
552364.3105,7816760.051,-9457.349609,Cpoints
549601.8105,7819594.32,-9678.44043,Cpoints
551689.3105,7817116.68,-9558.370117,Cpoints
551626.8105,7817135.449,-9559.200195,Cpoints
550351.8105,7819350.309,-9486.629883,Cpoints
550389.3105,7819519.238,-9528.419922,Cpoints
549364.3105,7819237.688,-9710.669922,Cpoints
550164.3105,7818449.348,-9676.25,Cpoints
549389.3105,7817529.617,-9492.030273,Cpoints
550914.3105,7821827.949,-9713.049805,Cpoints
550326.8105,7819012.449,-9550.360352,Cpoints
550314.3105,7819200.148,-9501.799805,Cpoints
550001.8105,7820908.219,-9690.150391,Cpoints
549726.8105,7819613.09,-9667.540039,Cpoints
550864.3105,7820758.059,-9593.639648,Cpoints
550839.3105,7817905.02,-9599.370117,Cpoints
549051.8105,7818843.52,-9720.259766,Cpoints
550514.3105,7816722.508,-9634.160156,Cpoints
550189.3105,7818580.738,-9660.509766,Cpoints
549001.8105,7816928.98,-9671.580078,Cpoints
549751.8105,7818036.41,-9701.259766,Cpoints
550126.8105,7819425.391,-9569.389648,Cpoints
550689.3105,7818974.91,-9525.919922,Cpoints
549326.8105,7817360.688,-9438.879883,Cpoints
551101.8105,7818524.43,-9575.69043,Cpoints
549464.3105,7818224.109,-9712.969727,Cpoints
550114.3105,7821302.391,-9747.200195,Cpoints
549351.8105,7820908.219,-9737.450195,Cpoints
549226.8105,7820701.75,-9734.69043,Cpoints
549164.3105,7817154.219,-9553.589844,Cpoints
550939.3105,7820720.52,-9615.259766,Cpoints
549939.3105,7819049.988,-9601.44043,Cpoints
550251.8105,7818524.43,-9670.209961,Cpoints
551039.3105,7816666.199,-9613.080078,Cpoints
550014.3105,7819894.641,-9543.179688,Cpoints
550089.3105,7818374.27,-9686.839844,Cpoints
549889.3105,7820138.648,-9556.69043,Cpoints
550026.8105,7820589.129,-9592.009766,Cpoints
551276.8105,7821246.078,-9697.759766,Cpoints
551414.3105,7818092.719,-9538.049805,Cpoints
550314.3105,7818655.82,-9652.429688,Cpoints
550276.8105,7819256.457,-9512.219727,Cpoints
549964.3105,7819519.238,-9607.089844,Cpoints
550126.8105,7818599.508,-9656.040039,Cpoints
548951.8105,7818092.719,-9711.209961,Cpoints
549926.8105,7819950.949,-9554.120117,Cpoints
549726.8105,7816872.668,-9652.049805,Cpoints
550839.3105,7817417,-9598.700195,Cpoints
550151.8105,7819875.867,-9524.269531,Cpoints
550089.3105,7820495.281,-9542.950195,Cpoints
551614.3105,7817811.168,-9578.05957,Cpoints
551189.3105,7821640.25,-9678.910156,Cpoints
549526.8105,7817886.25,-9672.330078,Cpoints
550789.3105,7819782.02,-9558.019531,Cpoints
551776.8105,7817266.84,-9559.089844,Cpoints
552101.8105,7817886.25,-9569.080078,Cpoints
550889.3105,7818749.668,-9640.799805,Cpoints
550701.8105,7819613.09,-9533.740234,Cpoints
548889.3105,7819162.609,-9730.990234,Cpoints
549964.3105,7819462.93,-9598.870117,Cpoints
550751.8105,7821621.48,-9733.200195,Cpoints
550239.3105,7820645.438,-9538.469727,Cpoints
550801.8105,7819444.16,-9500.200195,Cpoints
549051.8105,7818017.637,-9695.540039,Cpoints
549164.3105,7817754.859,-9622.150391,Cpoints
550276.8105,7819125.07,-9530.889648,Cpoints
550651.8105,7821396.238,-9728.19043,Cpoints
552001.8105,7817754.859,-9571.580078,Cpoints
551414.3105,7817961.328,-9557.490234,Cpoints
552076.8105,7817079.141,-9542.589844,Cpoints
549376.8105,7820082.34,-9718.339844,Cpoints
549801.8105,7818355.5,-9646.339844,Cpoints
550376.8105,7818036.41,-9670.629883,Cpoints
551801.8105,7818055.18,-9553.509766,Cpoints
549639.3105,7818374.27,-9636.160156,Cpoints
549889.3105,7819556.777,-9628.80957,Cpoints
550214.3105,7820063.57,-9436.179688,Cpoints
551614.3105,7816722.508,-9577.990234,Cpoints
549914.3105,7820401.43,-9594.660156,Cpoints
551764.3105,7816816.359,-9573.320313,Cpoints
549939.3105,7820270.039,-9564.339844,Cpoints
550214.3105,7819706.938,-9559.719727,Cpoints
552226.8105,7817323.148,-9493.219727,Cpoints
549801.8105,7818055.18,-9702.360352,Cpoints
551951.8105,7817773.629,-9571.75,Cpoints
551301.8105,7817867.48,-9562.009766,Cpoints
549064.3105,7818111.488,-9706.759766,Cpoints
549351.8105,7818130.258,-9709.169922,Cpoints
550201.8105,7820382.66,-9465.280273,Cpoints
551326.8105,7821077.148,-9677.450195,Cpoints
548951.8105,7818580.738,-9726.599609,Cpoints
551114.3105,7816760.051,-9598.169922,Cpoints
552114.3105,7817942.559,-9574.55957,Cpoints
550201.8105,7820532.82,-9511.610352,Cpoints
552289.3105,7816684.969,-9496.299805,Cpoints
550814.3105,7818937.367,-9564.150391,Cpoints
551751.8105,7817923.789,-9559.200195,Cpoints
551476.8105,7817961.328,-9566.459961,Cpoints
550214.3105,7819275.23,-9538.980469,Cpoints
550276.8105,7819669.398,-9563.849609,Cpoints
551689.3105,7817698.547,-9576.860352,Cpoints
548939.3105,7820758.059,-9762.030273,Cpoints
549814.3105,7818561.969,-9580.410156,Cpoints
550489.3105,7818974.91,-9521.879883,Cpoints
550226.8105,7820026.027,-9443.030273,Cpoints
550976.8105,7816778.816,-9626.370117,Cpoints
550426.8105,7820701.75,-9531.549805,Cpoints
549876.8105,7819162.609,-9618.480469,Cpoints
548914.3105,7817341.918,-9590.900391,Cpoints
550964.3105,7817041.598,-9608.5,Cpoints
550176.8105,7819838.328,-9527.19043,Cpoints
549476.8105,7821077.148,-9743.080078,Cpoints
550189.3105,7819519.238,-9563.919922,Cpoints
550351.8105,7817961.328,-9672.839844,Cpoints
549976.8105,7820063.57,-9516.610352,Cpoints
550139.3105,7820720.52,-9585.849609,Cpoints
550839.3105,7819800.789,-9557.219727,Cpoints
549901.8105,7819500.469,-9620.280273,Cpoints
550201.8105,7818393.039,-9686.589844,Cpoints
548989.3105,7817717.32,-9627.209961,Cpoints
550664.3105,7821640.25,-9730.889648,Cpoints
548876.8105,7820908.219,-9766.910156,Cpoints
551301.8105,7816853.898,-9588.879883,Cpoints
550114.3105,7819819.559,-9550.709961,Cpoints
549939.3105,7821133.457,-9739.030273,Cpoints
550701.8105,7821827.949,-9724.099609,Cpoints
550426.8105,7818130.258,-9672.339844,Cpoints
550739.3105,7819106.301,-9503.040039,Cpoints
550326.8105,7817905.02,-9678.709961,Cpoints
552226.8105,7817567.16,-9548.429688,Cpoints
550451.8105,7819106.301,-9482.129883,Cpoints
550376.8105,7819275.23,-9472.349609,Cpoints
551589.3105,7817304.379,-9572.259766,Cpoints
549726.8105,7819275.23,-9617.280273,Cpoints
549989.3105,7820382.66,-9560.099609,Cpoints
551589.3105,7821490.09,-9661.070313,Cpoints
549251.8105,7820401.43,-9735.070313,Cpoints
550614.3105,7821546.398,-9738.410156,Cpoints
549114.3105,7817604.699,-9564.290039,Cpoints
549739.3105,7819068.758,-9622.610352,Cpoints
549239.3105,7820438.969,-9736.55957,Cpoints
550051.8105,7819725.711,-9586.469727,Cpoints
549376.8105,7820870.68,-9735.549805,Cpoints
551489.3105,7817360.688,-9588.370117,Cpoints
549014.3105,7819087.527,-9732.509766,Cpoints
550889.3105,7818055.18,-9609.55957,Cpoints
548951.8105,7818637.047,-9725.040039,Cpoints
551051.8105,7818561.969,-9599.870117,Cpoints
549814.3105,7818637.047,-9558.839844,Cpoints
552289.3105,7817004.059,-9481.75,Cpoints
550014.3105,7818149.027,-9710.580078,Cpoints
551326.8105,7818317.957,-9511.75,Cpoints
549664.3105,7820232.5,-9667.419922,Cpoints
549301.8105,7818355.5,-9691.919922,Cpoints
550276.8105,7821471.32,-9743.05957,Cpoints
550001.8105,7820157.418,-9499.820313,Cpoints
550301.8105,7818130.258,-9689.240234,Cpoints
551889.3105,7817529.617,-9562.860352,Cpoints
549126.8105,7817661.008,-9585.219727,Cpoints
550089.3105,7819275.23,-9576.94043,Cpoints
550176.8105,7818524.43,-9665.969727,Cpoints
549439.3105,7818186.57,-9717.980469,Cpoints
549326.8105,7819444.16,-9724.879883,Cpoints
552339.3105,7816778.816,-9463.679688,Cpoints
549914.3105,7819763.25,-9617.160156,Cpoints
550039.3105,7819800.789,-9570.549805,Cpoints
552289.3105,7816835.129,-9482.990234,Cpoints
551876.8105,7817698.547,-9566.370117,Cpoints
549126.8105,7818036.41,-9694.509766,Cpoints
550614.3105,7820026.027,-9474.040039,Cpoints
548939.3105,7820870.68,-9765.870117,Cpoints
548939.3105,7820476.508,-9742.629883,Cpoints
550001.8105,7820288.809,-9530.860352,Cpoints
549626.8105,7820326.348,-9688.790039,Cpoints
549601.8105,7820232.5,-9685.549805,Cpoints
550814.3105,7818993.68,-9546.400391,Cpoints
551426.8105,7817923.789,-9565.570313,Cpoints
550089.3105,7819706.938,-9582.009766,Cpoints
550101.8105,7816835.129,-9591,Cpoints
551176.8105,7816966.52,-9578.919922,Cpoints
550901.8105,7820232.5,-9542.599609,Cpoints
549939.3105,7819613.09,-9620.05957,Cpoints
551001.8105,7817079.141,-9602.740234,Cpoints
549839.3105,7819012.449,-9592.299805,Cpoints
550489.3105,7820438.969,-9376.200195,Cpoints
550114.3105,7820007.258,-9490.099609,Cpoints
549926.8105,7821095.918,-9734.55957,Cpoints
548889.3105,7820626.668,-9759.969727,Cpoints
550326.8105,7820795.598,-9585.299805,Cpoints
551676.8105,7818055.18,-9551.429688,Cpoints
549926.8105,7819350.309,-9597.389648,Cpoints
550826.8105,7821039.609,-9672.740234,Cpoints
551989.3105,7817717.32,-9567.910156,Cpoints
550239.3105,7819575.551,-9565.339844,Cpoints
550226.8105,7821583.941,-9743.94043,Cpoints
550976.8105,7820532.82,-9580.230469,Cpoints
551964.3105,7817998.871,-9567.660156,Cpoints
550889.3105,7821771.641,-9715.480469,Cpoints
551939.3105,7817923.789,-9564.44043,Cpoints
550964.3105,7820682.98,-9610.049805,Cpoints
550051.8105,7819763.25,-9577.799805,Cpoints
550201.8105,7820401.43,-9472.589844,Cpoints
552289.3105,7821771.641,-9533.360352,Cpoints
550914.3105,7818280.418,-9615.25,Cpoints
551451.8105,7818167.797,-9532.629883,Cpoints
549576.8105,7819143.84,-9646.490234,Cpoints
551964.3105,7817811.168,-9572.320313,Cpoints
549414.3105,7819556.777,-9715.69043,Cpoints
549726.8105,7821602.711,-9747.509766,Cpoints
550614.3105,7821077.148,-9666.919922,Cpoints
549814.3105,7818299.188,-9666.700195,Cpoints
550139.3105,7818355.5,-9692.80957,Cpoints
549326.8105,7820401.43,-9735.969727,Cpoints
551101.8105,7817548.387,-9584.509766,Cpoints
549839.3105,7819049.988,-9604.820313,Cpoints
549026.8105,7819106.301,-9731.570313,Cpoints
549426.8105,7818824.75,-9642.929688,Cpoints
549326.8105,7819481.699,-9728.009766,Cpoints
550064.3105,7818205.34,-9708.099609,Cpoints
550901.8105,7818092.719,-9613.519531,Cpoints
550189.3105,7818505.66,-9669.19043,Cpoints
548901.8105,7817642.238,-9638.929688,Cpoints
550264.3105,7818374.27,-9686.459961,Cpoints
549214.3105,7819725.711,-9731.120117,Cpoints
549651.8105,7818299.188,-9660.299805,Cpoints
551014.3105,7817417,-9591.900391,Cpoints
551926.8105,7821452.551,-9649.759766,Cpoints
549151.8105,7819538.008,-9745.620117,Cpoints
549501.8105,7821358.699,-9753.759766,Cpoints
550214.3105,7819331.539,-9538.280273,Cpoints
550451.8105,7818824.75,-9587.44043,Cpoints
549451.8105,7818374.27,-9669.799805,Cpoints
551651.8105,7817229.301,-9562.44043,Cpoints
549576.8105,7821752.867,-9738.209961,Cpoints
551776.8105,7817773.629,-9569.929688,Cpoints
549926.8105,7819688.168,-9622.269531,Cpoints
549726.8105,7821734.102,-9744.709961,Cpoints
552101.8105,7816666.199,-9533.230469,Cpoints
549714.3105,7818017.637,-9700.990234,Cpoints
551539.3105,7817754.859,-9582.429688,Cpoints
550039.3105,7820908.219,-9681.150391,Cpoints
549664.3105,7820420.199,-9680.94043,Cpoints
549801.8105,7818036.41,-9702.790039,Cpoints
550351.8105,7818430.578,-9682.669922,Cpoints
552101.8105,7817341.918,-9523.469727,Cpoints
551301.8105,7817492.078,-9587.799805,Cpoints
549789.3105,7820401.43,-9640.379883,Cpoints
549801.8105,7820964.531,-9732.139648,Cpoints
549476.8105,7819950.949,-9711.150391,Cpoints
549801.8105,7819312.77,-9616.990234,Cpoints
550301.8105,7817980.098,-9682.769531,Cpoints
550489.3105,7817698.547,-9645.790039,Cpoints
549901.8105,7819444.16,-9611.400391,Cpoints
548964.3105,7818674.59,-9725.580078,Cpoints
551039.3105,7818524.43,-9598.360352,Cpoints
549939.3105,7819181.379,-9608.219727,Cpoints
549814.3105,7818618.281,-9563.719727,Cpoints
551551.8105,7817811.168,-9582.429688,Cpoints
552239.3105,7817379.461,-9504.089844,Cpoints
550064.3105,7818149.027,-9711.290039,Cpoints
550789.3105,7821790.41,-9719,Cpoints
549864.3105,7819256.457,-9618.379883,Cpoints
551239.3105,7821039.609,-9692.719727,Cpoints
549551.8105,7819763.25,-9685.160156,Cpoints
550301.8105,7820514.051,-9478.419922,Cpoints
549301.8105,7817229.301,-9486.509766,Cpoints
551814.3105,7817905.02,-9561.620117,Cpoints
549626.8105,7821002.07,-9738.480469,Cpoints
549089.3105,7819838.328,-9729.94043,Cpoints
551289.3105,7818017.637,-9538.650391,Cpoints
549514.3105,7818524.43,-9599.55957,Cpoints
550839.3105,7819143.84,-9529.919922,Cpoints
549076.8105,7818655.82,-9722.75,Cpoints
550039.3105,7820776.828,-9642.5,Cpoints
550289.3105,7821077.148,-9675.080078,Cpoints
552289.3105,7817191.758,-9461.879883,Cpoints
550164.3105,7818956.141,-9621.05957,Cpoints
551251.8105,7821321.16,-9689.179688,Cpoints
549551.8105,7818805.98,-9601.44043,Cpoints
549289.3105,7819725.711,-9728.290039,Cpoints
550751.8105,7820607.898,-9509.530273,Cpoints
548889.3105,7819462.93,-9733.660156,Cpoints
550726.8105,7820720.52,-9536.910156,Cpoints
551289.3105,7816666.199,-9592.839844,Cpoints
549814.3105,7820251.27,-9618.209961,Cpoints
548964.3105,7819031.219,-9736.099609,Cpoints
550089.3105,7817886.25,-9705.44043,Cpoints
549101.8105,7818956.141,-9724.540039,Cpoints
549151.8105,7819162.609,-9720.759766,Cpoints
549526.8105,7819706.938,-9690.780273,Cpoints
549751.8105,7818468.117,-9603.599609,Cpoints
549551.8105,7818655.82,-9579.339844,Cpoints
548889.3105,7819294,-9730.219727,Cpoints
551801.8105,7817417,-9565.969727,Cpoints
549226.8105,7820270.039,-9734.509766,Cpoints
550214.3105,7820926.988,-9640,Cpoints
549676.8105,7819594.32,-9674.519531,Cpoints
549489.3105,7818730.898,-9613.639648,Cpoints
550726.8105,7819294,-9459.94043,Cpoints
549601.8105,7818468.117,-9607.900391,Cpoints
550001.8105,7818242.879,-9699.620117,Cpoints
549151.8105,7820288.809,-9732.650391,Cpoints
549089.3105,7819125.07,-9726.780273,Cpoints
549601.8105,7817172.988,-9601.44043,Cpoints
552114.3105,7817661.008,-9562.25,Cpoints
550276.8105,7821152.23,-9696.25,Cpoints
550414.3105,7819950.949,-9464.620117,Cpoints
549026.8105,7819256.457,-9733.299805,Cpoints
549376.8105,7817417,-9458.259766,Cpoints
549501.8105,7818787.207,-9614.419922,Cpoints
549014.3105,7818655.82,-9725.629883,Cpoints
552289.3105,7817698.547,-9536.009766,Cpoints
550376.8105,7820814.371,-9586,Cpoints
549089.3105,7819031.219,-9729.280273,Cpoints
549751.8105,7820945.758,-9735.589844,Cpoints
551139.3105,7821377.469,-9694.730469,Cpoints
550851.8105,7819200.148,-9520.94043,Cpoints
551576.8105,7817717.32,-9579.360352,Cpoints
549876.8105,7818899.828,-9568.469727,Cpoints
548926.8105,7818730.898,-9727.110352,Cpoints
549089.3105,7819932.18,-9722.709961,Cpoints
549026.8105,7818993.68,-9732.120117,Cpoints
549239.3105,7818449.348,-9682.349609,Cpoints
549651.8105,7819932.18,-9649.370117,Cpoints
549476.8105,7819594.32,-9702.480469,Cpoints
549214.3105,7819594.32,-9738.780273,Cpoints
552351.8105,7817698.547,-9520.400391,Cpoints
551464.3105,7817266.84,-9580.990234,Cpoints
549351.8105,7819725.711,-9722.94043,Cpoints
550089.3105,7819538.008,-9592.80957,Cpoints
549564.3105,7820776.828,-9732.480469,Cpoints
550301.8105,7818317.957,-9688.769531,Cpoints
551214.3105,7821771.641,-9675.509766,Cpoints
549539.3105,7818749.668,-9598.139648,Cpoints
549876.8105,7818730.898,-9568.639648,Cpoints
549089.3105,7819237.688,-9728.94043,Cpoints
549151.8105,7818805.98,-9710.009766,Cpoints
549451.8105,7818449.348,-9639.139648,Cpoints
549226.8105,7819444.16,-9737.780273,Cpoints
549051.8105,7819613.09,-9738.80957,Cpoints
551351.8105,7817980.098,-9546.19043,Cpoints
551226.8105,7817773.629,-9569.099609,Cpoints
549326.8105,7819125.07,-9700.679688,Cpoints
548889.3105,7819538.008,-9738.589844,Cpoints
551064.3105,7817060.367,-9595.509766,Cpoints
549089.3105,7819575.551,-9741.830078,Cpoints
549264.3105,7820870.68,-9737.959961,Cpoints
549489.3105,7817398.227,-9510.44043,Cpoints
550201.8105,7816684.969,-9611.30957,Cpoints
549251.8105,7817473.309,-9462.650391,Cpoints
550201.8105,7819725.711,-9556.429688,Cpoints
549814.3105,7818974.91,-9579.400391,Cpoints
549601.8105,7821039.609,-9739.400391,Cpoints
549514.3105,7818486.891,-9613.049805,Cpoints
552289.3105,7817229.301,-9460.69043,Cpoints
549814.3105,7820288.809,-9626.120117,Cpoints
550114.3105,7818149.027,-9709.370117,Cpoints
550676.8105,7819068.758,-9491.230469,Cpoints
550776.8105,7819294,-9476.070313,Cpoints
550701.8105,7821114.691,-9677.719727,Cpoints
551339.3105,7817698.547,-9579.259766,Cpoints
551576.8105,7817661.008,-9578.830078,Cpoints
549801.8105,7819969.719,-9589.950195,Cpoints
549864.3105,7820232.5,-9591.320313,Cpoints
552426.8105,7817360.688,-9437.030273,Cpoints
549739.3105,7818843.52,-9560.580078,Cpoints
550301.8105,7818299.188,-9690.099609,Cpoints
549526.8105,7818224.109,-9702.400391,Cpoints
552176.8105,7817604.699,-9556.679688,Cpoints
550751.8105,7819782.02,-9551.950195,Cpoints
549189.3105,7817473.309,-9477,Cpoints
550651.8105,7819031.219,-9498.110352,Cpoints
549226.8105,7818899.828,-9703.330078,Cpoints
551301.8105,7817698.547,-9578.080078,Cpoints
549501.8105,7821002.07,-9743.349609,Cpoints
551364.3105,7817867.48,-9565.509766,Cpoints
549539.3105,7819631.859,-9686.980469,Cpoints
549226.8105,7818862.289,-9701.320313,Cpoints
550764.3105,7819725.711,-9554.05957,Cpoints
551601.8105,7821095.918,-9671.629883,Cpoints
550814.3105,7819744.48,-9559.780273,Cpoints
551589.3105,7821133.457,-9672.650391,Cpoints
551001.8105,7818449.348,-9596.280273,Cpoints
549676.8105,7818974.91,-9611.959961,Cpoints
549989.3105,7821752.867,-9743.429688,Cpoints
549476.8105,7820776.828,-9732.80957,Cpoints
550914.3105,7816853.898,-9632.089844,Cpoints
548889.3105,7820063.57,-9720.120117,Cpoints
551851.8105,7817848.711,-9567.769531,Cpoints
552414.3105,7817191.758,-9399.740234,Cpoints
551039.3105,7818468.117,-9587.169922,Cpoints
549826.8105,7820457.738,-9627.650391,Cpoints
550114.3105,7817754.859,-9696.150391,Cpoints
551201.8105,7817116.68,-9578.980469,Cpoints
550264.3105,7818918.598,-9606.05957,Cpoints
548951.8105,7819763.25,-9733.799805,Cpoints
551414.3105,7821002.07,-9663.719727,Cpoints
549614.3105,7818956.141,-9613.240234,Cpoints
551626.8105,7821546.398,-9647.650391,Cpoints
549214.3105,7820044.801,-9722.700195,Cpoints
550976.8105,7820589.129,-9589.55957,Cpoints
549251.8105,7819125.07,-9710.990234,Cpoints
549289.3105,7818862.289,-9686.040039,Cpoints
549164.3105,7817942.559,-9678.389648,Cpoints
549889.3105,7816985.289,-9601.509766,Cpoints
549964.3105,7821734.102,-9742.370117,Cpoints
549139.3105,7819875.867,-9726.540039,Cpoints
549651.8105,7817717.32,-9642.049805,Cpoints
550926.8105,7816910.207,-9624.969727,Cpoints
549676.8105,7818881.059,-9588.549805,Cpoints
549764.3105,7819932.18,-9609.980469,Cpoints
549464.3105,7819688.168,-9706.290039,Cpoints
550076.8105,7817473.309,-9644.379883,Cpoints
551639.3105,7817454.539,-9563.990234,Cpoints
550489.3105,7820044.801,-9448.679688,Cpoints
549189.3105,7820889.449,-9741.709961,Cpoints
550201.8105,7821302.391,-9738.740234,Cpoints
549276.8105,7819049.988,-9700.780273,Cpoints
548889.3105,7820007.258,-9719.679688,Cpoints
549576.8105,7818355.5,-9659.429688,Cpoints
549389.3105,7819125.07,-9688.139648,Cpoints
549576.8105,7818299.188,-9675.549805,Cpoints
549339.3105,7818524.43,-9644.55957,Cpoints
548889.3105,7818618.281,-9725.469727,Cpoints
549151.8105,7819369.078,-9738.900391,Cpoints
550114.3105,7820889.449,-9650.459961,Cpoints
550239.3105,7819519.238,-9555.030273,Cpoints
548889.3105,7821114.691,-9771.389648,Cpoints
551839.3105,7817792.398,-9569.19043,Cpoints
550301.8105,7821677.789,-9742.80957,Cpoints
552451.8105,7817172.988,-9387.049805,Cpoints
549151.8105,7820964.531,-9754.889648,Cpoints
549576.8105,7816647.43,-9657.709961,Cpoints
549764.3105,7817341.918,-9636.769531,Cpoints
548976.8105,7821471.32,-9752.629883,Cpoints
549739.3105,7819162.609,-9624,Cpoints
551076.8105,7820701.75,-9646.259766,Cpoints
551239.3105,7817867.48,-9564.290039,Cpoints
549864.3105,7820438.969,-9613.009766,Cpoints
549989.3105,7817754.859,-9699.540039,Cpoints
551426.8105,7821677.789,-9647.339844,Cpoints
549864.3105,7821790.41,-9740.129883,Cpoints
549214.3105,7820101.109,-9720.849609,Cpoints
549451.8105,7820063.57,-9711.200195,Cpoints
550326.8105,7817548.387,-9664.879883,Cpoints
550814.3105,7817623.469,-9588.650391,Cpoints
550126.8105,7817248.07,-9590.290039,Cpoints
550114.3105,7817792.398,-9698.839844,Cpoints
550139.3105,7817529.617,-9661.580078,Cpoints
548951.8105,7819800.789,-9732.990234,Cpoints
551164.3105,7818580.738,-9568.25,Cpoints
551376.8105,7820983.297,-9664.730469,Cpoints
550489.3105,7821058.379,-9665.780273,Cpoints
549651.8105,7819725.711,-9673,Cpoints
549314.3105,7820645.438,-9737.610352,Cpoints
549614.3105,7818918.598,-9607.599609,Cpoints
549226.8105,7818693.359,-9695.879883,Cpoints
551664.3105,7821546.398,-9644.509766,Cpoints
552376.8105,7817323.148,-9442.5,Cpoints
549701.8105,7817492.078,-9607.790039,Cpoints
549214.3105,7820007.258,-9725.400391,Cpoints
550251.8105,7817341.918,-9609.570313,Cpoints
549301.8105,7820570.359,-9738,Cpoints
549414.3105,7819181.379,-9692.830078,Cpoints
551001.8105,7820551.59,-9592.80957,Cpoints
549289.3105,7820926.988,-9739.540039,Cpoints
549589.3105,7819950.949,-9675.200195,Cpoints
549326.8105,7816797.59,-9680.240234,Cpoints
549314.3105,7821020.84,-9743.25,Cpoints
549276.8105,7819106.301,-9706.110352,Cpoints
549839.3105,7817867.48,-9704.80957,Cpoints
548889.3105,7818017.637,-9709.740234,Cpoints
549676.8105,7817848.711,-9680.820313,Cpoints
549576.8105,7820288.809,-9700.650391,Cpoints
551001.8105,7821452.551,-9700.700195,Cpoints
549289.3105,7818899.828,-9686.179688,Cpoints
549151.8105,7819275.23,-9730.700195,Cpoints
550789.3105,7821583.941,-9729.75,Cpoints
549714.3105,7820157.418,-9637.480469,Cpoints
552414.3105,7817492.078,-9482.269531,Cpoints
549126.8105,7816966.52,-9643.320313,Cpoints
552426.8105,7817736.09,-9511.610352,Cpoints
549664.3105,7818730.898,-9553.549805,Cpoints
549164.3105,7819894.641,-9726.330078,Cpoints
549651.8105,7820701.75,-9719.900391,Cpoints
549651.8105,7821602.711,-9748.740234,Cpoints
550026.8105,7817661.008,-9688.860352,Cpoints
550326.8105,7821095.918,-9676.759766,Cpoints
549901.8105,7817097.91,-9613.339844,Cpoints
550501.8105,7817285.609,-9617.410156,Cpoints
549864.3105,7817041.598,-9612.049805,Cpoints
550389.3105,7821790.41,-9733.459961,Cpoints
550301.8105,7817829.938,-9684.230469,Cpoints
549551.8105,7819200.148,-9660.179688,Cpoints
551376.8105,7816703.738,-9591.620117,Cpoints
549676.8105,7818843.52,-9578.969727,Cpoints
549289.3105,7820307.578,-9735.709961,Cpoints
549151.8105,7816778.816,-9690.990234,Cpoints
548901.8105,7819706.938,-9737.700195,Cpoints
549276.8105,7820983.297,-9743.360352,Cpoints
549751.8105,7819969.719,-9610.929688,Cpoints
549214.3105,7820851.91,-9738.25,Cpoints
549076.8105,7817679.777,-9597,Cpoints
551114.3105,7817285.609,-9590.129883,Cpoints
549214.3105,7817942.559,-9674.089844,Cpoints
549401.8105,7817210.527,-9508.620117,Cpoints
549301.8105,7817998.871,-9685.759766,Cpoints
550064.3105,7817435.77,-9633.959961,Cpoints
549451.8105,7817661.008,-9564.480469,Cpoints
551264.3105,7820983.297,-9683.169922,Cpoints
549539.3105,7816835.129,-9663.110352,Cpoints
550126.8105,7820776.828,-9609.459961,Cpoints
550464.3105,7820063.57,-9437.929688,Cpoints
549564.3105,7820983.297,-9741.19043,Cpoints
549576.8105,7816741.277,-9662.910156,Cpoints
549201.8105,7820664.211,-9730.990234,Cpoints
549576.8105,7819387.852,-9667.330078,Cpoints
549501.8105,7817604.699,-9551.519531,Cpoints
549976.8105,7818430.578,-9651.870117,Cpoints
549914.3105,7818111.488,-9706.410156,Cpoints
549714.3105,7820194.961,-9643.200195,Cpoints
550201.8105,7821358.699,-9743.879883,Cpoints
549326.8105,7820851.91,-9736.419922,Cpoints
551326.8105,7820964.531,-9670.110352,Cpoints
550726.8105,7818524.43,-9664.049805,Cpoints
549489.3105,7820626.668,-9732.490234,Cpoints
549276.8105,7819012.449,-9697.080078,Cpoints
552239.3105,7817754.859,-9549.070313,Cpoints
551439.3105,7817510.848,-9589.019531,Cpoints
549576.8105,7818393.039,-9645.450195,Cpoints
549389.3105,7819087.527,-9680.169922,Cpoints
551351.8105,7818092.719,-9527.389648,Cpoints
551214.3105,7817698.547,-9576.769531,Cpoints
549401.8105,7817060.367,-9583.339844,Cpoints
549326.8105,7818486.891,-9653.379883,Cpoints
551464.3105,7817886.25,-9574.200195,Cpoints
549376.8105,7820157.418,-9714.969727,Cpoints
549739.3105,7819500.469,-9640.860352,Cpoints
550151.8105,7821339.93,-9749.040039,Cpoints
549551.8105,7819500.469,-9678.599609,Cpoints
550151.8105,7821020.84,-9687.599609,Cpoints
549151.8105,7819406.617,-9741.469727,Cpoints
549689.3105,7820570.359,-9691.049805,Cpoints
549489.3105,7817529.617,-9524.830078,Cpoints
550126.8105,7820851.91,-9633.860352,Cpoints
549201.8105,7818749.668,-9702.950195,Cpoints
550339.3105,7820889.449,-9609.110352,Cpoints
550264.3105,7819481.699,-9541.860352,Cpoints
550264.3105,7820945.758,-9638,Cpoints
548889.3105,7821077.148,-9771.769531,Cpoints
549551.8105,7820720.52,-9726.94043,Cpoints
549401.8105,7819857.098,-9717.540039,Cpoints
550251.8105,7817510.848,-9654.639648,Cpoints
550039.3105,7820044.801,-9492.320313,Cpoints
549401.8105,7820701.75,-9736.480469,Cpoints
549251.8105,7817135.449,-9542.389648,Cpoints
552151.8105,7816872.668,-9527.910156,Cpoints
550739.3105,7817210.527,-9619.320313,Cpoints
550501.8105,7817905.02,-9639.030273,Cpoints
549214.3105,7818787.207,-9701,Cpoints
550676.8105,7819237.688,-9456.509766,Cpoints
550001.8105,7817792.398,-9703.25,Cpoints
549626.8105,7818524.43,-9584.379883,Cpoints
549564.3105,7820607.898,-9724.469727,Cpoints
549576.8105,7820945.758,-9743.070313,Cpoints
550889.3105,7817642.238,-9583.669922,Cpoints
551014.3105,7817567.16,-9587.259766,Cpoints
550164.3105,7817905.02,-9699.759766,Cpoints
549614.3105,7818092.719,-9702.040039,Cpoints
549464.3105,7820401.43,-9724.009766,Cpoints
548901.8105,7817717.32,-9654.530273,Cpoints
549826.8105,7816872.668,-9634.070313,Cpoints
549151.8105,7817510.848,-9510.639648,Cpoints
549289.3105,7818993.68,-9691.69043,Cpoints
550876.8105,7819312.77,-9508.049805,Cpoints
550076.8105,7820870.68,-9659.230469,Cpoints
550164.3105,7820626.668,-9550.540039,Cpoints
549626.8105,7817079.141,-9621.209961,Cpoints
550051.8105,7817567.16,-9671.160156,Cpoints
549851.8105,7817454.539,-9644.459961,Cpoints
550864.3105,7819556.777,-9537.370117,Cpoints
549626.8105,7820495.281,-9702.110352,Cpoints
549826.8105,7817510.848,-9647.219727,Cpoints
549401.8105,7819913.41,-9722.910156,Cpoints
549201.8105,7820739.289,-9736.75,Cpoints
550089.3105,7818036.41,-9709.860352,Cpoints
550439.3105,7817323.148,-9622.139648,Cpoints
551189.3105,7817191.758,-9579.459961,Cpoints
549964.3105,7817172.988,-9611.849609,Cpoints
550351.8105,7817642.238,-9668.730469,Cpoints
550239.3105,7817417,-9628.410156,Cpoints
550089.3105,7821358.699,-9754.650391,Cpoints
550964.3105,7820814.371,-9646.099609,Cpoints
549189.3105,7818393.039,-9700.620117,Cpoints
551739.3105,7821734.102,-9570.509766,Cpoints
549576.8105,7817811.168,-9653.799805,Cpoints
549551.8105,7816891.438,-9655.429688,Cpoints
552151.8105,7816928.98,-9522.580078,Cpoints
549376.8105,7817754.859,-9603.330078,Cpoints
549839.3105,7817379.461,-9643.169922,Cpoints
550039.3105,7818092.719,-9712.269531,Cpoints
550751.8105,7820776.828,-9564.019531,Cpoints
551114.3105,7821133.457,-9702.929688,Cpoints
549914.3105,7817492.078,-9652.879883,Cpoints
549039.3105,7821058.379,-9765.110352,Cpoints
551264.3105,7817229.301,-9578.269531,Cpoints
550351.8105,7820044.801,-9428.490234,Cpoints
551426.8105,7817829.938,-9574.299805,Cpoints
549214.3105,7818824.75,-9702.080078,Cpoints
548951.8105,7820232.5,-9722.820313,Cpoints
549576.8105,7818486.891,-9604.209961,Cpoints
549439.3105,7817905.02,-9674.719727,Cpoints
549714.3105,7817754.859,-9671.330078,Cpoints
548951.8105,7817548.387,-9608.240234,Cpoints
549551.8105,7819462.93,-9675.94043,Cpoints
550601.8105,7816891.438,-9631.089844,Cpoints
549551.8105,7820851.91,-9742.370117,Cpoints
550426.8105,7821715.328,-9736.070313,Cpoints
551351.8105,7818055.18,-9532.19043,Cpoints
549564.3105,7819425.391,-9671.160156,Cpoints
549764.3105,7820776.828,-9718.650391,Cpoints
551239.3105,7818073.949,-9537.019531,Cpoints
549589.3105,7816778.816,-9665.299805,Cpoints
551589.3105,7817961.328,-9570.360352,Cpoints
550876.8105,7817360.688,-9601.900391,Cpoints
548939.3105,7820288.809,-9725.25,Cpoints
549389.3105,7818505.66,-9635.849609,Cpoints
551139.3105,7817041.598,-9586.019531,Cpoints
549176.8105,7818599.508,-9704.629883,Cpoints
549639.3105,7817848.711,-9675.240234,Cpoints
550614.3105,7817248.07,-9619.530273,Cpoints
552289.3105,7817116.68,-9471.030273,Cpoints
550089.3105,7820682.98,-9588.280273,Cpoints
552426.8105,7817754.859,-9516.089844,Cpoints
549201.8105,7817661.008,-9577.839844,Cpoints
549964.3105,7818299.188,-9683.700195,Cpoints
549714.3105,7817604.699,-9638.19043,Cpoints
549414.3105,7818899.828,-9647.599609,Cpoints
550751.8105,7821246.078,-9710.259766,Cpoints
549451.8105,7819143.84,-9675.530273,Cpoints
551314.3105,7816928.98,-9581.870117,Cpoints
549376.8105,7818055.18,-9710.219727,Cpoints
549226.8105,7819218.918,-9722.459961,Cpoints
549739.3105,7819125.07,-9625.070313,Cpoints
549189.3105,7818524.43,-9696.950195,Cpoints
549976.8105,7819819.559,-9580.820313,Cpoints
551376.8105,7821677.789,-9652.299805,Cpoints
549589.3105,7817341.918,-9564.269531,Cpoints
549139.3105,7820514.051,-9738.599609,Cpoints
549376.8105,7817323.148,-9463.889648,Cpoints
550264.3105,7817998.871,-9689.540039,Cpoints
550176.8105,7819969.719,-9481.900391,Cpoints
549301.8105,7820795.598,-9738.19043,Cpoints
549714.3105,7819725.711,-9667.820313,Cpoints
549689.3105,7821752.867,-9739.849609,Cpoints
549664.3105,7819275.23,-9633.330078,Cpoints
549614.3105,7819519.238,-9672.929688,Cpoints
550651.8105,7820739.289,-9542.790039,Cpoints
549726.8105,7818749.668,-9550.419922,Cpoints
549001.8105,7817041.598,-9649.910156,Cpoints
549526.8105,7821095.918,-9741.160156,Cpoints
550176.8105,7820870.68,-9625.160156,Cpoints
549376.8105,7821039.609,-9743.540039,Cpoints
550014.3105,7817191.758,-9604.099609,Cpoints
549926.8105,7820908.219,-9708.580078,Cpoints
549664.3105,7821133.457,-9743.360352,Cpoints
549501.8105,7817435.77,-9516.730469,Cpoints
550714.3105,7819331.539,-9459.129883,Cpoints
549376.8105,7819387.852,-9713.709961,Cpoints
549626.8105,7819462.93,-9663.530273,Cpoints
549914.3105,7818355.5,-9660.290039,Cpoints
549276.8105,7819631.859,-9733.80957,Cpoints
549589.3105,7817285.609,-9570.730469,Cpoints
549076.8105,7820551.59,-9735.549805,Cpoints
550489.3105,7817811.168,-9637.580078,Cpoints
550189.3105,7820720.52,-9574.349609,Cpoints
549526.8105,7817848.711,-9660.070313,Cpoints
549014.3105,7820438.969,-9737.089844,Cpoints
549539.3105,7819613.09,-9686.780273,Cpoints
549739.3105,7818805.98,-9556.530273,Cpoints
550164.3105,7819631.859,-9576.759766,Cpoints
549764.3105,7820119.879,-9613.879883,Cpoints
549914.3105,7818055.18,-9708.620117,Cpoints
550489.3105,7819763.25,-9530.69043,Cpoints
549239.3105,7820814.371,-9737.740234,Cpoints
550276.8105,7816666.199,-9615.349609,Cpoints
549139.3105,7819688.168,-9734.019531,Cpoints
549201.8105,7817867.48,-9656.169922,Cpoints
549301.8105,7818674.59,-9670.860352,Cpoints
549914.3105,7817679.777,-9687.540039,Cpoints
550176.8105,7820326.348,-9452,Cpoints
551301.8105,7821114.691,-9687.209961,Cpoints
549914.3105,7819425.391,-9605.120117,Cpoints
549876.8105,7817736.09,-9697.269531,Cpoints
549439.3105,7817454.539,-9490.780273,Cpoints
551126.8105,7820908.219,-9680.030273,Cpoints
548951.8105,7819312.77,-9733.030273,Cpoints
549439.3105,7818730.898,-9628.040039,Cpoints
549189.3105,7820420.199,-9736.639648,Cpoints
550214.3105,7817717.32,-9689.849609,Cpoints
549289.3105,7820701.75,-9738.410156,Cpoints
549526.8105,7820495.281,-9719.610352,Cpoints
549589.3105,7820739.289,-9726.790039,Cpoints
550089.3105,7818824.75,-9645.360352,Cpoints
549001.8105,7821602.711,-9752.219727,Cpoints
551376.8105,7817698.547,-9579.769531,Cpoints
549926.8105,7818730.898,-9587.709961,Cpoints
550039.3105,7820964.531,-9693.070313,Cpoints
549501.8105,7819256.457,-9678.5,Cpoints
550301.8105,7820833.141,-9598.019531,Cpoints
549964.3105,7819162.609,-9605.419922,Cpoints
549351.8105,7817604.699,-9524.259766,Cpoints
549051.8105,7820438.969,-9736.950195,Cpoints
550476.8105,7821715.328,-9735.280273,Cpoints
549826.8105,7819538.008,-9633.94043,Cpoints
551026.8105,7820589.129,-9607.519531,Cpoints
550926.8105,7818355.5,-9609.230469,Cpoints
550689.3105,7818092.719,-9625.69043,Cpoints
550314.3105,7819913.41,-9469.540039,Cpoints
551364.3105,7817923.789,-9558.290039,Cpoints
552114.3105,7817642.238,-9559.990234,Cpoints
549701.8105,7819387.852,-9629.040039,Cpoints
549039.3105,7819838.328,-9731.19043,Cpoints
550101.8105,7818693.359,-9653.769531,Cpoints
549451.8105,7818505.66,-9621.94043,Cpoints
552289.3105,7817642.238,-9536.469727,Cpoints
549739.3105,7817004.059,-9632.339844,Cpoints
551201.8105,7817248.07,-9580.799805,Cpoints
550239.3105,7820833.141,-9602.980469,Cpoints
549914.3105,7820720.52,-9668.370117,Cpoints
549889.3105,7820176.188,-9564.169922,Cpoints
550914.3105,7821696.559,-9709.610352,Cpoints
549364.3105,7820288.809,-9734.570313,Cpoints
549551.8105,7817585.93,-9563.419922,Cpoints
549539.3105,7817435.77,-9534.230469,Cpoints
549114.3105,7817379.461,-9494.05957,Cpoints
549601.8105,7818430.578,-9623.610352,Cpoints
550176.8105,7817604.699,-9679.209961,Cpoints
549876.8105,7820851.91,-9708.19043,Cpoints
549014.3105,7819763.25,-9732.959961,Cpoints
549826.8105,7817736.09,-9694.349609,Cpoints
549139.3105,7821002.07,-9759.219727,Cpoints
552276.8105,7817379.461,-9494.669922,Cpoints
549151.8105,7817060.367,-9595.490234,Cpoints
549389.3105,7819049.988,-9672.120117,Cpoints
550026.8105,7817492.078,-9651.740234,Cpoints
550864.3105,7818655.82,-9647.490234,Cpoints
550339.3105,7820758.059,-9571.230469,Cpoints
549701.8105,7817961.328,-9697.969727,Cpoints
549476.8105,7818899.828,-9628.469727,Cpoints
550414.3105,7820044.801,-9433.269531,Cpoints
551076.8105,7821039.609,-9700.799805,Cpoints
549139.3105,7821677.789,-9761.389648,Cpoints
551001.8105,7817961.328,-9591.730469,Cpoints
550689.3105,7820964.531,-9629.339844,Cpoints
549276.8105,7820063.57,-9723.980469,Cpoints
549639.3105,7818224.109,-9682.360352,Cpoints
548964.3105,7821077.148,-9770.299805,Cpoints
550051.8105,7817060.367,-9579.709961,Cpoints
550626.8105,7819218.918,-9446.429688,Cpoints
549426.8105,7817154.219,-9540.889648,Cpoints
549314.3105,7821264.848,-9748.780273,Cpoints
550351.8105,7817473.309,-9655.44043,Cpoints
549526.8105,7819782.02,-9690.639648,Cpoints
549089.3105,7821227.309,-9763.070313,Cpoints
549689.3105,7818149.027,-9695.040039,Cpoints
552151.8105,7817154.219,-9517.620117,Cpoints
549789.3105,7817886.25,-9698,Cpoints
551026.8105,7820701.75,-9635.629883,Cpoints
549239.3105,7819312.77,-9731.860352,Cpoints
550301.8105,7817642.238,-9675.580078,Cpoints
550339.3105,7820101.109,-9413.099609,Cpoints
549801.8105,7819256.457,-9621.80957,Cpoints
551114.3105,7817004.059,-9590.480469,Cpoints
549876.8105,7819218.918,-9618.530273,Cpoints
552051.8105,7817398.227,-9540.19043,Cpoints
550289.3105,7817210.527,-9586.040039,Cpoints
551251.8105,7821020.84,-9688.830078,Cpoints
548951.8105,7819462.93,-9735.959961,Cpoints
549189.3105,7818017.637,-9691.709961,Cpoints
548951.8105,7819932.18,-9724.120117,Cpoints
551001.8105,7818355.5,-9584.709961,Cpoints
549476.8105,7818073.949,-9713.990234,Cpoints
551064.3105,7817248.07,-9594.360352,Cpoints
549189.3105,7820232.5,-9729.25,Cpoints
549926.8105,7818505.66,-9617.139648,Cpoints
549701.8105,7816684.969,-9668.339844,Cpoints
549739.3105,7820682.98,-9706.05957,Cpoints
550126.8105,7821377.469,-9753.929688,Cpoints
552164.3105,7817567.16,-9551.429688,Cpoints
549414.3105,7820232.5,-9723.660156,Cpoints
552239.3105,7817604.699,-9550.55957,Cpoints
551101.8105,7818017.637,-9577.219727,Cpoints
549489.3105,7819425.391,-9690.94043,Cpoints
549289.3105,7819575.551,-9735.450195,Cpoints
551539.3105,7817304.379,-9578.639648,Cpoints
549301.8105,7818768.438,-9679.419922,Cpoints
550089.3105,7821715.328,-9745.580078,Cpoints
552076.8105,7817191.758,-9528.860352,Cpoints
549114.3105,7816872.668,-9676.269531,Cpoints
550276.8105,7818186.57,-9695.330078,Cpoints
549039.3105,7821020.84,-9765.450195,Cpoints
549826.8105,7820758.059,-9699.889648,Cpoints
551989.3105,7817398.227,-9551.269531,Cpoints
550764.3105,7819387.852,-9478.879883,Cpoints
549364.3105,7818730.898,-9654.070313,Cpoints
549764.3105,7821677.789,-9746.519531,Cpoints
551264.3105,7817585.93,-9585.150391,Cpoints
550264.3105,7821677.789,-9743.610352,Cpoints
550164.3105,7817773.629,-9695.5,Cpoints
548876.8105,7819913.41,-9723.790039,Cpoints
550114.3105,7821640.25,-9745.839844,Cpoints
549614.3105,7818674.59,-9556.629883,Cpoints
550851.8105,7819594.32,-9545.089844,Cpoints
549839.3105,7819425.391,-9619.570313,Cpoints
550926.8105,7820851.91,-9640.120117,Cpoints
550701.8105,7821752.867,-9723.05957,Cpoints
549151.8105,7820063.57,-9722.240234,Cpoints
549014.3105,7818862.289,-9724.450195,Cpoints
549401.8105,7820570.359,-9737.200195,Cpoints
549289.3105,7817905.02,-9662.160156,Cpoints
549289.3105,7818149.027,-9705.049805,Cpoints
550239.3105,7818299.188,-9697.580078,Cpoints
550314.3105,7820213.73,-9384.360352,Cpoints
548976.8105,7817661.008,-9617.549805,Cpoints
549551.8105,7818974.91,-9620.280273,Cpoints
549176.8105,7818561.969,-9702.709961,Cpoints
552076.8105,7817304.379,-9525.629883,Cpoints
548889.3105,7818561.969,-9727.370117,Cpoints
550026.8105,7817886.25,-9708.75,Cpoints
549651.8105,7816666.199,-9665.25,Cpoints
549151.8105,7816910.207,-9665.139648,Cpoints
549414.3105,7817266.84,-9495.030273,Cpoints
549689.3105,7821020.84,-9739.950195,Cpoints
551464.3105,7817623.469,-9584.25,Cpoints
549501.8105,7817248.07,-9542.200195,Cpoints
549576.8105,7818261.648,-9684.540039,Cpoints
551876.8105,7817417,-9563.900391,Cpoints
549239.3105,7818299.188,-9705.400391,Cpoints
549289.3105,7819819.559,-9728.290039,Cpoints
551189.3105,7818374.27,-9528.269531,Cpoints
550626.8105,7819162.609,-9453.480469,Cpoints
549151.8105,7821058.379,-9758.009766,Cpoints
549976.8105,7817510.848,-9658.129883,Cpoints
549151.8105,7819125.07,-9720.679688,Cpoints
550076.8105,7821452.551,-9754,Cpoints
549601.8105,7819669.398,-9677.25,Cpoints
549764.3105,7821752.867,-9743.259766,Cpoints
548889.3105,7819800.789,-9732.639648,Cpoints
549151.8105,7818993.68,-9722.669922,Cpoints
549676.8105,7821208.539,-9741.290039,Cpoints
549339.3105,7817773.629,-9612.519531,Cpoints
549089.3105,7817022.828,-9628.769531,Cpoints
551814.3105,7817454.539,-9564.05957,Cpoints
550901.8105,7818787.207,-9631.490234,Cpoints
549964.3105,7819782.02,-9596.290039,Cpoints
549214.3105,7820983.297,-9747.820313,Cpoints
550764.3105,7817585.93,-9594.75,Cpoints
550139.3105,7817154.219,-9583.620117,Cpoints
550726.8105,7818374.27,-9670.25,Cpoints
548951.8105,7818918.598,-9735.379883,Cpoints
549626.8105,7817548.387,-9588.209961,Cpoints
552214.3105,7817079.141,-9505.429688,Cpoints
550426.8105,7817961.328,-9657.580078,Cpoints
549489.3105,7821396.238,-9754.780273,Cpoints
552139.3105,7817792.398,-9564.419922,Cpoints
549701.8105,7818242.879,-9676.379883,Cpoints
551939.3105,7817454.539,-9560.05957,Cpoints
551339.3105,7818242.879,-9512.669922,Cpoints
549264.3105,7820363.887,-9734.580078,Cpoints
551226.8105,7817454.539,-9586.969727,Cpoints
550014.3105,7819312.77,-9589.089844,Cpoints
549489.3105,7819706.938,-9700.410156,Cpoints
550389.3105,7820908.219,-9611.759766,Cpoints
550651.8105,7818730.898,-9622.980469,Cpoints
550889.3105,7821227.309,-9709.780273,Cpoints
551351.8105,7817473.309,-9588.700195,Cpoints
550976.8105,7820495.281,-9575.330078,Cpoints
548901.8105,7819068.758,-9736.69043,Cpoints
548901.8105,7818130.258,-9720.240234,Cpoints
549189.3105,7818073.949,-9699.44043,Cpoints
550414.3105,7819369.078,-9475.919922,Cpoints
551726.8105,7818017.637,-9553.19043,Cpoints
549776.8105,7819819.559,-9636.230469,Cpoints
549689.3105,7818430.578,-9611.230469,Cpoints
551339.3105,7817567.16,-9586.580078,Cpoints
551526.8105,7817492.078,-9581.410156,Cpoints
549551.8105,7820382.66,-9706.910156,Cpoints
550439.3105,7817736.09,-9650.790039,Cpoints
549476.8105,7819894.641,-9705.879883,Cpoints
549426.8105,7818787.207,-9639.290039,Cpoints
550314.3105,7818355.5,-9685.519531,Cpoints
549639.3105,7817661.008,-9624.599609,Cpoints
550639.3105,7819556.777,-9521.879883,Cpoints
549739.3105,7818092.719,-9699.959961,Cpoints
550814.3105,7817172.988,-9620.959961,Cpoints
550614.3105,7821734.102,-9731.570313,Cpoints
549314.3105,7817417,-9439.280273,Cpoints
549351.8105,7820363.887,-9735.25,Cpoints
550839.3105,7818543.199,-9645.480469,Cpoints
551026.8105,7820814.371,-9660.240234,Cpoints
549801.8105,7820026.027,-9587.980469,Cpoints
550601.8105,7817341.918,-9628.740234,Cpoints
551001.8105,7817398.227,-9594.450195,Cpoints
548889.3105,7818899.828,-9737.80957,Cpoints
550789.3105,7817097.91,-9622.200195,Cpoints
552176.8105,7817698.547,-9559.919922,Cpoints
549314.3105,7817285.609,-9457.839844,Cpoints
549739.3105,7817905.02,-9695.629883,Cpoints
552339.3105,7817642.238,-9520.25,Cpoints
550164.3105,7818017.637,-9703.179688,Cpoints
549551.8105,7818130.258,-9704.650391,Cpoints
550464.3105,7819481.699,-9507.429688,Cpoints
549126.8105,7821339.93,-9762.929688,Cpoints
549051.8105,7817961.328,-9686.980469,Cpoints
549989.3105,7818561.969,-9624.839844,Cpoints
549351.8105,7819857.098,-9724.780273,Cpoints
550901.8105,7820401.43,-9534.019531,Cpoints
550276.8105,7819331.539,-9513.400391,Cpoints
550726.8105,7818186.57,-9640.480469,Cpoints
549151.8105,7819087.527,-9721.69043,Cpoints
549864.3105,7818167.797,-9699.360352,Cpoints
548939.3105,7820589.129,-9748.889648,Cpoints
550351.8105,7820476.508,-9425.299805,Cpoints
551439.3105,7817736.09,-9579.639648,Cpoints
550214.3105,7820420.199,-9475.169922,Cpoints
549414.3105,7819631.859,-9716.629883,Cpoints
549526.8105,7818374.27,-9662.80957,Cpoints
550401.8105,7819444.16,-9499.030273,Cpoints
551814.3105,7817191.758,-9554.950195,Cpoints
549139.3105,7819613.09,-9738.709961,Cpoints
549926.8105,7818468.117,-9626.639648,Cpoints
549876.8105,7820720.52,-9679.5,Cpoints
549514.3105,7820326.348,-9717.370117,Cpoints
549026.8105,7819538.008,-9742.929688,Cpoints
551251.8105,7821827.949,-9662.410156,Cpoints
549864.3105,7818505.66,-9603.709961,Cpoints
549351.8105,7818862.289,-9667.540039,Cpoints
549876.8105,7818937.367,-9573.349609,Cpoints
550301.8105,7819575.551,-9559.709961,Cpoints
549689.3105,7816910.207,-9648.25,Cpoints
549514.3105,7819125.07,-9656.879883,Cpoints
550726.8105,7819538.008,-9515.429688,Cpoints
549489.3105,7820176.188,-9701.219727,Cpoints
549051.8105,7819631.859,-9737.269531,Cpoints
550776.8105,7818712.129,-9633.320313,Cpoints
551926.8105,7817642.238,-9564.700195,Cpoints
550726.8105,7818768.438,-9612.759766,Cpoints
552014.3105,7817980.098,-9569.620117,Cpoints
549689.3105,7818092.719,-9700.209961,Cpoints
549101.8105,7817961.328,-9685.040039,Cpoints
549414.3105,7819725.711,-9714.75,Cpoints
549664.3105,7817754.859,-9655.629883,Cpoints
550639.3105,7820626.668,-9489.740234,Cpoints
550951.8105,7817585.93,-9585.299805,Cpoints
549014.3105,7821452.551,-9756.929688,Cpoints
550901.8105,7816816.359,-9636.099609,Cpoints
550751.8105,7819200.148,-9485.230469,Cpoints
549714.3105,7819894.641,-9632.570313,Cpoints
549601.8105,7819838.328,-9671.389648,Cpoints
550839.3105,7821339.93,-9718.549805,Cpoints
549026.8105,7819556.777,-9742.780273,Cpoints
549039.3105,7820495.281,-9737.240234,Cpoints
549089.3105,7819312.77,-9735.530273,Cpoints
550126.8105,7818956.141,-9623.379883,Cpoints
551301.8105,7817942.559,-9551.719727,Cpoints
549751.8105,7818974.91,-9592.55957,Cpoints
549389.3105,7818637.047,-9635.360352,Cpoints
549251.8105,7817886.25,-9657.05957,Cpoints
550939.3105,7819049.988,-9577.540039,Cpoints
551489.3105,7818092.719,-9549.360352,Cpoints
551176.8105,7816891.438,-9584.759766,Cpoints
552451.8105,7817341.918,-9425.509766,Cpoints
549089.3105,7819800.789,-9732.55957,Cpoints
551764.3105,7817492.078,-9560.429688,Cpoints
551289.3105,7817980.098,-9545.55957,Cpoints
549751.8105,7818524.43,-9587.950195,Cpoints
549001.8105,7820345.121,-9730.759766,Cpoints
550739.3105,7820495.281,-9484.830078,Cpoints
552089.3105,7817792.398,-9570.839844,Cpoints
549039.3105,7817022.828,-9643.089844,Cpoints
549689.3105,7820345.121,-9670.419922,Cpoints
549114.3105,7818674.59,-9718.410156,Cpoints
549164.3105,7819969.719,-9724.230469,Cpoints
549876.8105,7819087.527,-9609.370117,Cpoints
550014.3105,7820758.059,-9643.089844,Cpoints
550951.8105,7821508.859,-9702.889648,Cpoints
550251.8105,7821039.609,-9670.709961,Cpoints
548876.8105,7819688.168,-9739.25,Cpoints
550251.8105,7820307.578,-9412.280273,Cpoints
549076.8105,7819444.16,-9742.070313,Cpoints
550889.3105,7819875.867,-9554.900391,Cpoints
549551.8105,7818843.52,-9605.30957,Cpoints
551939.3105,7817229.301,-9547.040039,Cpoints
549801.8105,7820326.348,-9635.169922,Cpoints
549864.3105,7818411.809,-9633.719727,Cpoints
552414.3105,7817529.617,-9486.280273,Cpoints
550051.8105,7820363.887,-9524.799805,Cpoints
549289.3105,7819688.168,-9729.540039,Cpoints
552389.3105,7817642.238,-9504.820313,Cpoints
549401.8105,7820964.531,-9741.610352,Cpoints
548889.3105,7819500.469,-9735.730469,Cpoints
550401.8105,7818768.438,-9615.139648,Cpoints
550026.8105,7820720.52,-9625.419922,Cpoints
549676.8105,7819012.449,-9620.410156,Cpoints
552214.3105,7816872.668,-9510.959961,Cpoints
550401.8105,7819049.988,-9513.339844,Cpoints
551326.8105,7816666.199,-9595.700195,Cpoints
550189.3105,7819932.18,-9489.589844,Cpoints
548964.3105,7818993.68,-9736.860352,Cpoints
550076.8105,7817848.711,-9704.240234,Cpoints
549151.8105,7819031.219,-9723.259766,Cpoints
549014.3105,7819894.641,-9727.139648,Cpoints
552451.8105,7817585.93,-9483.25,Cpoints
550076.8105,7820157.418,-9459.330078,Cpoints
550289.3105,7818956.141,-9584.25,Cpoints
549876.8105,7819125.07,-9614.650391,Cpoints
549164.3105,7819631.859,-9737.179688,Cpoints
550701.8105,7820776.828,-9556.620117,Cpoints
551764.3105,7817360.688,-9565.969727,Cpoints
549414.3105,7820926.988,-9739.55957,Cpoints
549076.8105,7818937.367,-9724.620117,Cpoints
551789.3105,7817623.469,-9569.570313,Cpoints
549251.8105,7817642.238,-9558.830078,Cpoints
549176.8105,7819181.379,-9720.049805,Cpoints
549551.8105,7819688.168,-9684.150391,Cpoints
549314.3105,7819406.617,-9724.169922,Cpoints
549751.8105,7818430.578,-9614.700195,Cpoints
552176.8105,7817642.238,-9559.870117,Cpoints
549551.8105,7818674.59,-9581.589844,Cpoints
549676.8105,7819162.609,-9626.120117,Cpoints
550714.3105,7818149.027,-9634.320313,Cpoints
549826.8105,7819969.719,-9580.709961,Cpoints
548889.3105,7819331.539,-9730.990234,Cpoints
550101.8105,7818543.199,-9654.879883,Cpoints
549901.8105,7820457.738,-9603.660156,Cpoints
549814.3105,7818937.367,-9565.700195,Cpoints
549476.8105,7819838.328,-9702.299805,Cpoints
551564.3105,7816910.207,-9573.200195,Cpoints
549239.3105,7820232.5,-9731.660156,Cpoints
550364.3105,7819631.859,-9561.30957,Cpoints
550464.3105,7816666.199,-9631.530273,Cpoints
549001.8105,7819462.93,-9739.370117,Cpoints
548914.3105,7820157.418,-9719.429688,Cpoints
549764.3105,7818261.648,-9672.969727,Cpoints
550226.8105,7820889.449,-9623.650391,Cpoints
550726.8105,7817417,-9613.610352,Cpoints
550851.8105,7817473.309,-9593.870117,Cpoints
549376.8105,7817454.539,-9464.379883,Cpoints
550014.3105,7818899.828,-9623.330078,Cpoints
549001.8105,7819706.938,-9734.30957,Cpoints
549489.3105,7818693.359,-9608.950195,Cpoints
549801.8105,7818449.348,-9614.589844,Cpoints
549701.8105,7819969.719,-9631.089844,Cpoints
549289.3105,7818130.258,-9703.139648,Cpoints
549564.3105,7820082.34,-9687.110352,Cpoints
549601.8105,7818449.348,-9615.55957,Cpoints
549789.3105,7819894.641,-9610.44043,Cpoints
549351.8105,7819331.539,-9716.040039,Cpoints
549426.8105,7819275.23,-9700.089844,Cpoints
549776.8105,7821077.148,-9737.719727,Cpoints
550064.3105,7818261.648,-9701.929688,Cpoints
550089.3105,7818881.059,-9639.540039,Cpoints
549139.3105,7820326.348,-9734.860352,Cpoints
549539.3105,7821058.379,-9739.320313,Cpoints
550626.8105,7818524.43,-9672.839844,Cpoints
549089.3105,7819087.527,-9728.030273,Cpoints
549289.3105,7819331.539,-9726.19043,Cpoints
549626.8105,7816741.277,-9666.280273,Cpoints
550739.3105,7821790.41,-9720.049805,Cpoints
550126.8105,7820232.5,-9443.169922,Cpoints
549026.8105,7817829.938,-9657.379883,Cpoints
550264.3105,7821189.77,-9705.910156,Cpoints
549514.3105,7818449.348,-9629.379883,Cpoints
549364.3105,7817079.141,-9571.419922,Cpoints
550426.8105,7819988.488,-9454.200195,Cpoints
549501.8105,7818242.879,-9705.019531,Cpoints
549964.3105,7821846.719,-9743.230469,Cpoints
550014.3105,7820514.051,-9582.410156,Cpoints
549026.8105,7819218.918,-9730.80957,Cpoints
548951.8105,7819725.711,-9735.389648,Cpoints
549814.3105,7821827.949,-9739.480469,Cpoints
549614.3105,7818730.898,-9564.780273,Cpoints
548876.8105,7819631.859,-9742.040039,Cpoints
552089.3105,7817848.711,-9568.580078,Cpoints
552026.8105,7817304.379,-9536.919922,Cpoints
549289.3105,7819538.008,-9735.969727,Cpoints
549476.8105,7818805.98,-9623.429688,Cpoints
549039.3105,7818674.59,-9724.94043,Cpoints
549651.8105,7819875.867,-9652.860352,Cpoints
552301.8105,7817736.09,-9535.549805,Cpoints
549439.3105,7820138.648,-9706.480469,Cpoints
549751.8105,7818299.188,-9660.580078,Cpoints
549539.3105,7819575.551,-9685.530273,Cpoints
549626.8105,7820363.887,-9688.709961,Cpoints
549089.3105,7819706.938,-9733.769531,Cpoints
549864.3105,7820213.73,-9585.889648,Cpoints
552239.3105,7817661.008,-9549.769531,Cpoints
549089.3105,7818993.68,-9728.269531,Cpoints
549751.8105,7821002.07,-9736.730469,Cpoints
549814.3105,7821152.23,-9741.669922,Cpoints
549114.3105,7817717.32,-9609.080078,Cpoints
551089.3105,7821396.238,-9695.070313,Cpoints
548926.8105,7818805.98,-9727.589844,Cpoints
550639.3105,7821490.09,-9738.849609,Cpoints
550201.8105,7817998.871,-9698.139648,Cpoints
549976.8105,7818843.52,-9613.830078,Cpoints
548926.8105,7819425.391,-9733.259766,Cpoints
549601.8105,7820401.43,-9695.719727,Cpoints
549876.8105,7818843.52,-9569.610352,Cpoints
550889.3105,7821171,-9707.69043,Cpoints
548926.8105,7818768.438,-9727.049805,Cpoints
549614.3105,7818768.438,-9575.419922,Cpoints
548926.8105,7819387.852,-9732.870117,Cpoints
549626.8105,7820795.598,-9737.599609,Cpoints
551101.8105,7821471.32,-9689.009766,Cpoints
549514.3105,7818411.809,-9647.089844,Cpoints
548926.8105,7818787.207,-9727.110352,Cpoints
549751.8105,7821133.457,-9740.610352,Cpoints
549739.3105,7821171,-9741.269531,Cpoints
549151.8105,7818768.438,-9711.089844,Cpoints
549351.8105,7819613.09,-9727.730469,Cpoints
549414.3105,7818862.289,-9648.519531,Cpoints
549751.8105,7820251.27,-9640.419922,Cpoints
550314.3105,7819950.949,-9455.200195,Cpoints
549101.8105,7820476.508,-9737.419922,Cpoints
550964.3105,7819312.77,-9543.040039,Cpoints
549351.8105,7819782.02,-9721.589844,Cpoints
550051.8105,7818899.828,-9631.780273,Cpoints
549389.3105,7817923.789,-9680.139648,Cpoints
549089.3105,7819969.719,-9721.759766,Cpoints
548876.8105,7817604.699,-9637.099609,Cpoints
549476.8105,7819857.098,-9702.969727,Cpoints
550489.3105,7817529.617,-9647.110352,Cpoints
549026.8105,7819031.219,-9733.049805,Cpoints
550676.8105,7816666.199,-9652.570313,Cpoints
549414.3105,7817585.93,-9523.75,Cpoints
550326.8105,7818580.738,-9664.429688,Cpoints
549214.3105,7819331.539,-9734.120117,Cpoints
548926.8105,7818824.75,-9728.700195,Cpoints
550126.8105,7818111.488,-9708.339844,Cpoints
551976.8105,7817360.688,-9550.910156,Cpoints
549801.8105,7820363.887,-9635.889648,Cpoints
549251.8105,7818486.891,-9675.259766,Cpoints
549101.8105,7819200.148,-9725.580078,Cpoints
548926.8105,7819369.078,-9732.769531,Cpoints
549539.3105,7819988.488,-9696.570313,Cpoints
549814.3105,7819068.758,-9612.719727,Cpoints
552401.8105,7817604.699,-9497.009766,Cpoints
549651.8105,7819969.719,-9650.480469,Cpoints
549751.8105,7818393.039,-9627.629883,Cpoints
549476.8105,7819631.859,-9703.150391,Cpoints
550201.8105,7818824.75,-9645.980469,Cpoints
550151.8105,7819256.457,-9561.169922,Cpoints
548951.8105,7819500.469,-9738.280273,Cpoints
551001.8105,7818712.129,-9627.75,Cpoints
549139.3105,7819950.949,-9723.169922,Cpoints
550314.3105,7820664.211,-9535.089844,Cpoints
549214.3105,7819631.859,-9735.780273,Cpoints
549776.8105,7819425.391,-9618.019531,Cpoints
549001.8105,7820307.578,-9727.650391,Cpoints
551226.8105,7816872.668,-9585.290039,Cpoints
550801.8105,7817341.918,-9606.450195,Cpoints
550164.3105,7818768.438,-9657.490234,Cpoints
549364.3105,7818655.82,-9645.55957,Cpoints
552339.3105,7817736.09,-9527.629883,Cpoints
549551.8105,7819031.219,-9631.179688,Cpoints
550026.8105,7819237.688,-9592.269531,Cpoints
550476.8105,7816741.277,-9627.599609,Cpoints
551614.3105,7818036.41,-9557.230469,Cpoints
549351.8105,7819688.168,-9724.620117,Cpoints
551101.8105,7817154.219,-9586.360352,Cpoints
550089.3105,7819575.551,-9595.5,Cpoints
550201.8105,7820776.828,-9589.919922,Cpoints
551151.8105,7818468.117,-9549.129883,Cpoints
549826.8105,7821734.102,-9742.540039,Cpoints
552151.8105,7817829.938,-9564.25,Cpoints
549464.3105,7817998.871,-9703.860352,Cpoints
549151.8105,7818956.141,-9720.169922,Cpoints
552214.3105,7817154.219,-9497.330078,Cpoints
551264.3105,7821771.641,-9660.110352,Cpoints
549914.3105,7818242.879,-9690.209961,Cpoints
549189.3105,7816741.277,-9693.110352,Cpoints
549501.8105,7818186.57,-9710.269531,Cpoints
549239.3105,7818956.141,-9704.019531,Cpoints
550014.3105,7818693.359,-9625.009766,Cpoints
549564.3105,7818730.898,-9585.129883,Cpoints
552364.3105,7816947.75,-9445.990234,Cpoints
549939.3105,7820194.961,-9543.320313,Cpoints
550914.3105,7820607.898,-9569.200195,Cpoints
552114.3105,7816985.289,-9532.80957,Cpoints
550614.3105,7818224.109,-9665.30957,Cpoints
548951.8105,7819688.168,-9738.44043,Cpoints
549089.3105,7819275.23,-9732.19043,Cpoints
549514.3105,7817679.777,-9583.719727,Cpoints
550876.8105,7821640.25,-9714.089844,Cpoints
549164.3105,7820814.371,-9740.570313,Cpoints
549101.8105,7816722.508,-9684.889648,Cpoints
549689.3105,7820983.297,-9738.580078,Cpoints
549301.8105,7817510.848,-9472.299805,Cpoints
549664.3105,7819068.758,-9626.469727,Cpoints
549739.3105,7820063.57,-9620.730469,Cpoints
548926.8105,7818749.668,-9727.139648,Cpoints
550939.3105,7818749.668,-9638.19043,Cpoints
549214.3105,7817717.32,-9599.990234,Cpoints
550114.3105,7819500.469,-9582.019531,Cpoints
549639.3105,7819350.309,-9647.910156,Cpoints
552001.8105,7816853.898,-9555.080078,Cpoints
548926.8105,7819406.617,-9732.980469,Cpoints
551926.8105,7817698.547,-9565.990234,Cpoints
549751.8105,7820288.809,-9647.05957,Cpoints
549651.8105,7819406.617,-9649.030273,Cpoints
550739.3105,7818862.289,-9578.469727,Cpoints
549051.8105,7819594.32,-9740.230469,Cpoints
549026.8105,7817135.449,-9612.709961,Cpoints
549351.8105,7819556.777,-9727.830078,Cpoints
550976.8105,7821039.609,-9693.25,Cpoints
550614.3105,7821152.23,-9689.080078,Cpoints
551351.8105,7818017.637,-9538.839844,Cpoints
549689.3105,7817229.301,-9617.419922,Cpoints
549401.8105,7818599.508,-9629.339844,Cpoints
551239.3105,7817811.168,-9566.650391,Cpoints
551689.3105,7817867.48,-9568.830078,Cpoints
550476.8105,7821640.25,-9736.839844,Cpoints
549026.8105,7816666.199,-9687.709961,Cpoints
548926.8105,7818712.129,-9726.849609,Cpoints
550951.8105,7819369.078,-9532.549805,Cpoints
549326.8105,7819087.527,-9694.419922,Cpoints
549226.8105,7819481.699,-9740.169922,Cpoints
549514.3105,7820063.57,-9701.629883,Cpoints
549789.3105,7819594.32,-9651.070313,Cpoints
548889.3105,7819575.551,-9741.139648,Cpoints
550051.8105,7817398.227,-9625.490234,Cpoints
551101.8105,7817060.367,-9590.889648,Cpoints
549601.8105,7819631.859,-9678.530273,Cpoints
549639.3105,7816778.816,-9667.450195,Cpoints
549451.8105,7818411.809,-9653.349609,Cpoints
552064.3105,7817492.078,-9549.790039,Cpoints
549601.8105,7818411.809,-9631.30957,Cpoints
549726.8105,7819650.629,-9669.599609,Cpoints
549151.8105,7818824.75,-9709.959961,Cpoints
548926.8105,7818843.52,-9730.30957,Cpoints
548951.8105,7816928.98,-9683.080078,Cpoints
548926.8105,7817923.789,-9693.379883,Cpoints
549926.8105,7818899.828,-9589.410156,Cpoints
549276.8105,7817360.688,-9434.780273,Cpoints
549089.3105,7819538.008,-9744.55957,Cpoints
549426.8105,7818242.879,-9711.599609,Cpoints
552351.8105,7817604.699,-9515.870117,Cpoints
551476.8105,7817529.617,-9586.919922,Cpoints
549239.3105,7820908.219,-9739.929688,Cpoints
549551.8105,7818167.797,-9703.389648,Cpoints
548964.3105,7816966.52,-9675.910156,Cpoints
549114.3105,7821302.391,-9762.400391,Cpoints
549039.3105,7817942.559,-9684.459961,Cpoints
549289.3105,7819857.098,-9730.629883,Cpoints
549214.3105,7819819.559,-9729.099609,Cpoints
549589.3105,7821077.148,-9741.030273,Cpoints
548951.8105,7820551.59,-9744.740234,Cpoints
549414.3105,7819594.32,-9716.469727,Cpoints
551701.8105,7817942.559,-9561.049805,Cpoints
549501.8105,7818355.5,-9673.900391,Cpoints
549501.8105,7820363.887,-9718.339844,Cpoints
551214.3105,7821827.949,-9675.870117,Cpoints
549351.8105,7818899.828,-9666.879883,Cpoints
549876.8105,7818974.91,-9580.459961,Cpoints
550176.8105,7816666.199,-9616.370117,Cpoints
549501.8105,7819162.609,-9664.730469,Cpoints
550976.8105,7819200.148,-9564.589844,Cpoints
549489.3105,7820138.648,-9699.259766,Cpoints
549051.8105,7819650.629,-9735.759766,Cpoints
549676.8105,7818130.258,-9697.780273,Cpoints
548889.3105,7818655.82,-9726.179688,Cpoints
549414.3105,7819669.398,-9716.19043,Cpoints
550976.8105,7817604.699,-9585.089844,Cpoints
549714.3105,7819857.098,-9640.509766,Cpoints
549339.3105,7818937.367,-9671.94043,Cpoints
549589.3105,7819894.641,-9673.240234,Cpoints
549801.8105,7818787.207,-9552.349609,Cpoints
549014.3105,7820532.82,-9737.44043,Cpoints
549089.3105,7819331.539,-9736.820313,Cpoints
551301.8105,7817905.02,-9557.75,Cpoints
549751.8105,7818937.367,-9578.570313,Cpoints
550689.3105,7820457.738,-9456.799805,Cpoints
550664.3105,7820514.051,-9461.269531,Cpoints
549064.3105,7817116.68,-9605.969727,Cpoints
551626.8105,7817417,-9566.75,Cpoints
550626.8105,7819350.309,-9462.919922,Cpoints
550114.3105,7816741.277,-9612.269531,Cpoints
552339.3105,7817210.527,-9437.110352,Cpoints
549601.8105,7817736.09,-9630.709961,Cpoints
549501.8105,7820814.371,-9734.94043,Cpoints
549676.8105,7820101.109,-9647.040039,Cpoints
548926.8105,7817210.527,-9615.860352,Cpoints
549251.8105,7818205.34,-9709.679688,Cpoints
549301.8105,7817661.008,-9560,Cpoints
549889.3105,7819594.32,-9631.400391,Cpoints
549801.8105,7817642.238,-9668.830078,Cpoints
550989.3105,7817473.309,-9589.330078,Cpoints
550814.3105,7821189.77,-9707.429688,Cpoints
550814.3105,7818655.82,-9644.990234,Cpoints
550264.3105,7820720.52,-9564.25,Cpoints
549989.3105,7819481.699,-9597.700195,Cpoints
549539.3105,7819857.098,-9688.530273,Cpoints
549126.8105,7818111.488,-9702.400391,Cpoints
549201.8105,7817154.219,-9540.860352,Cpoints
550039.3105,7818393.039,-9677.110352,Cpoints
549776.8105,7816891.438,-9641.620117,Cpoints
551839.3105,7817567.16,-9563.599609,Cpoints
550851.8105,7819462.93,-9512.969727,Cpoints
549901.8105,7819538.008,-9624.55957,Cpoints
552126.8105,7817717.32,-9565.839844,Cpoints
550339.3105,7819462.93,-9517.400391,Cpoints
549051.8105,7820720.52,-9738.889648,Cpoints
549889.3105,7819181.379,-9616.860352,Cpoints
549426.8105,7821058.379,-9745.150391,Cpoints
551551.8105,7821490.09,-9666.080078,Cpoints
549989.3105,7820326.348,-9548.139648,Cpoints
549964.3105,7817229.301,-9618.980469,Cpoints
549289.3105,7818393.039,-9684.129883,Cpoints
550239.3105,7818637.047,-9656.160156,Cpoints
549614.3105,7819143.84,-9637.530273,Cpoints
550276.8105,7818411.809,-9682.040039,Cpoints
549739.3105,7816816.359,-9659.759766,Cpoints
552051.8105,7817567.16,-9555.230469,Cpoints
552226.8105,7817773.629,-9552.030273,Cpoints
550814.3105,7819406.617,-9494.660156,Cpoints
550301.8105,7821264.848,-9716.889648,Cpoints
552439.3105,7817679.777,-9498.900391,Cpoints
551014.3105,7816966.52,-9609.110352,Cpoints
551889.3105,7817304.379,-9558.330078,Cpoints
550851.8105,7819857.098,-9551.150391,Cpoints
550614.3105,7821246.078,-9709.129883,Cpoints
551026.8105,7821715.328,-9698.719727,Cpoints
550014.3105,7819031.219,-9608.019531,Cpoints
549501.8105,7817567.16,-9539.339844,Cpoints
548876.8105,7820964.531,-9768.049805,Cpoints
549839.3105,7819838.328,-9615.830078,Cpoints
550189.3105,7818261.648,-9701.269531,Cpoints
550439.3105,7817548.387,-9657.469727,Cpoints
549539.3105,7820157.418,-9689.679688,Cpoints
549726.8105,7818637.047,-9552.459961,Cpoints
550851.8105,7821752.867,-9720.290039,Cpoints
550664.3105,7817829.938,-9607.959961,Cpoints
550851.8105,7817679.777,-9586.370117,Cpoints
550739.3105,7818561.969,-9657.679688,Cpoints
550389.3105,7821114.691,-9683.160156,Cpoints
549264.3105,7820739.289,-9738.639648,Cpoints
549351.8105,7820251.27,-9731.330078,Cpoints
548876.8105,7817341.918,-9601.330078,Cpoints
549601.8105,7820908.219,-9742.929688,Cpoints
549276.8105,7818749.668,-9685.25,Cpoints
550614.3105,7819125.07,-9460.240234,Cpoints
551101.8105,7818055.18,-9577.19043,Cpoints
550864.3105,7819350.309,-9502.259766,Cpoints
550089.3105,7820833.141,-9643.160156,Cpoints
548951.8105,7820983.297,-9767.620117,Cpoints
551226.8105,7817266.84,-9582.099609,Cpoints
549664.3105,7820514.051,-9693.44043,Cpoints
550439.3105,7817360.688,-9629.799805,Cpoints
550339.3105,7817604.699,-9668.269531,Cpoints
550926.8105,7820795.598,-9629.360352,Cpoints
549551.8105,7817773.629,-9633.700195,Cpoints
549601.8105,7816872.668,-9658.339844,Cpoints
549114.3105,7817529.617,-9535.429688,Cpoints
549026.8105,7821095.918,-9766,Cpoints
552214.3105,7817848.711,-9563.549805,Cpoints
551239.3105,7817191.758,-9577.849609,Cpoints
549451.8105,7817942.559,-9688.889648,Cpoints
550889.3105,7819200.148,-9534.19043,Cpoints
550626.8105,7816872.668,-9635.089844,Cpoints
548939.3105,7820270.039,-9724.05957,Cpoints
550851.8105,7817360.688,-9602.980469,Cpoints
549451.8105,7818524.43,-9618.620117,Cpoints
550076.8105,7818336.73,-9692.410156,Cpoints
549164.3105,7818637.047,-9709.110352,Cpoints
550651.8105,7817248.07,-9619.299805,Cpoints
550964.3105,7818355.5,-9597.799805,Cpoints
550089.3105,7820701.75,-9594.719727,Cpoints
549164.3105,7817661.008,-9582.379883,Cpoints
549576.8105,7817867.48,-9672.570313,Cpoints
549064.3105,7820382.66,-9735.179688,Cpoints
551339.3105,7816985.289,-9577.620117,Cpoints
551426.8105,7817548.387,-9587.230469,Cpoints
549351.8105,7818017.637,-9699.339844,Cpoints
549551.8105,7817341.918,-9545.400391,Cpoints
549126.8105,7820551.59,-9736.25,Cpoints
549364.3105,7817360.688,-9452.410156,Cpoints
550264.3105,7818036.41,-9691.030273,Cpoints
550164.3105,7820026.027,-9466.889648,Cpoints
549276.8105,7820833.141,-9737.410156,Cpoints
549714.3105,7819688.168,-9670.839844,Cpoints
549626.8105,7819275.23,-9647.669922,Cpoints
550614.3105,7820758.059,-9555.589844,Cpoints
549189.3105,7820795.598,-9738.509766,Cpoints
549676.8105,7818749.668,-9556.389648,Cpoints
548964.3105,7817041.598,-9661.44043,Cpoints
549576.8105,7821114.691,-9743.089844,Cpoints
549389.3105,7821002.07,-9743.290039,Cpoints
550026.8105,7817248.07,-9607.330078,Cpoints
549514.3105,7817811.168,-9644.049805,Cpoints
550764.3105,7819350.309,-9473.75,Cpoints
549426.8105,7819462.93,-9708.339844,Cpoints
549614.3105,7819500.469,-9670.740234,Cpoints
549939.3105,7818374.27,-9658.780273,Cpoints
549539.3105,7817285.609,-9549.349609,Cpoints
549089.3105,7820495.281,-9737.040039,Cpoints
549951.8105,7818055.18,-9710.75,Cpoints
550239.3105,7816666.199,-9615.490234,Cpoints
549189.3105,7817811.168,-9639.509766,Cpoints
551914.3105,7817341.918,-9558.740234,Cpoints
549901.8105,7817642.238,-9679.769531,Cpoints
549889.3105,7817792.398,-9707.669922,Cpoints
551089.3105,7820908.219,-9678.230469,Cpoints
549189.3105,7820382.66,-9735.950195,Cpoints
550226.8105,7817754.859,-9690.730469,Cpoints
549564.3105,7820514.051,-9717.830078,Cpoints
550126.8105,7818824.75,-9649.070313,Cpoints
548964.3105,7821602.711,-9753.820313,Cpoints
551426.8105,7817698.547,-9581,Cpoints
549964.3105,7818730.898,-9603.910156,Cpoints
550001.8105,7820964.531,-9700.599609,Cpoints
550276.8105,7820870.68,-9611.700195,Cpoints
549326.8105,7817585.93,-9513.610352,Cpoints
549839.3105,7819519.238,-9630.540039,Cpoints
551026.8105,7820626.668,-9614.69043,Cpoints
550714.3105,7818111.488,-9626.740234,Cpoints
551364.3105,7817942.559,-9555.049805,Cpoints
550964.3105,7818787.207,-9626.919922,Cpoints
549701.8105,7819350.309,-9624.769531,Cpoints
549001.8105,7819838.328,-9731.450195,Cpoints
550064.3105,7818693.359,-9643.410156,Cpoints
552301.8105,7817604.699,-9534.269531,Cpoints
549514.3105,7817079.141,-9593.179688,Cpoints
550626.8105,7819800.789,-9533.129883,Cpoints
549251.8105,7820514.051,-9739.410156,Cpoints
550801.8105,7818224.109,-9637.339844,Cpoints
549326.8105,7817811.168,-9630.120117,Cpoints
549526.8105,7819331.539,-9679.120117,Cpoints
550064.3105,7817229.301,-9596.879883,Cpoints
549476.8105,7817736.09,-9604.700195,Cpoints
551351.8105,7817079.141,-9575.44043,Cpoints
549789.3105,7817379.461,-9637.790039,Cpoints
549376.8105,7817135.449,-9538.700195,Cpoints
548939.3105,7821471.32,-9753.639648,Cpoints
550039.3105,7817998.871,-9711.660156,Cpoints
550801.8105,7816647.43,-9647.910156,Cpoints
549964.3105,7821659.02,-9740.580078,Cpoints
550789.3105,7820776.828,-9572.709961,Cpoints
550151.8105,7817323.148,-9599.530273,Cpoints
549126.8105,7821602.711,-9760.280273,Cpoints
550889.3105,7816778.816,-9639.339844,Cpoints
549026.8105,7817304.379,-9548.860352,Cpoints
552426.8105,7821452.551,-9588.870117,Cpoints
551326.8105,7821602.711,-9663.910156,Cpoints
548951.8105,7816816.359,-9694.919922,Cpoints
550489.3105,7820382.66,-9370.379883,Cpoints
551214.3105,7817886.25,-9565.669922,Cpoints
551539.3105,7821039.609,-9665.009766,Cpoints
548914.3105,7820438.969,-9740.929688,Cpoints
549076.8105,7821565.168,-9755.860352,Cpoints
549364.3105,7818430.578,-9661.900391,Cpoints
550839.3105,7817022.828,-9621.879883,Cpoints
549676.8105,7817792.398,-9668.030273,Cpoints
549851.8105,7817661.008,-9679.480469,Cpoints
550189.3105,7817848.711,-9696.490234,Cpoints
549876.8105,7821752.867,-9741.55957,Cpoints
550126.8105,7817623.469,-9682.099609,Cpoints
548889.3105,7818355.5,-9739.650391,Cpoints
550864.3105,7819669.398,-9554.389648,Cpoints
550026.8105,7821396.238,-9756.419922,Cpoints
550214.3105,7817360.688,-9610.55957,Cpoints
549214.3105,7820119.879,-9721.169922,Cpoints
551351.8105,7821283.617,-9690.950195,Cpoints
551414.3105,7821527.629,-9676.419922,Cpoints
552251.8105,7817417,-9510.30957,Cpoints
551014.3105,7820908.219,-9672.110352,Cpoints
550114.3105,7817980.098,-9707.209961,Cpoints
552414.3105,7821227.309,-9604.629883,Cpoints
549726.8105,7817172.988,-9629.110352,Cpoints
550139.3105,7817492.078,-9650.570313,Cpoints
549514.3105,7818618.281,-9591.709961,Cpoints
548889.3105,7817567.16,-9628.480469,Cpoints
549651.8105,7816910.207,-9650.200195,Cpoints
549801.8105,7818730.898,-9550.379883,Cpoints
548889.3105,7820101.109,-9719.980469,Cpoints
551539.3105,7816872.668,-9576.790039,Cpoints
549889.3105,7816835.129,-9624.919922,Cpoints
551139.3105,7818561.969,-9571.05957,Cpoints
549114.3105,7821189.77,-9760.780273,Cpoints
551451.8105,7821734.102,-9633.950195,Cpoints
549876.8105,7818561.969,-9591,Cpoints
549451.8105,7820814.371,-9733.839844,Cpoints
549626.8105,7818561.969,-9571.589844,Cpoints
548914.3105,7820401.43,-9736.469727,Cpoints
550901.8105,7817473.309,-9592.889648,Cpoints
548939.3105,7817304.379,-9582.69043,Cpoints
550614.3105,7818167.797,-9653.25,Cpoints
550301.8105,7817154.219,-9576.280273,Cpoints
549376.8105,7817886.25,-9663.990234,Cpoints
549351.8105,7816722.508,-9667.280273,Cpoints
549514.3105,7817323.148,-9530.19043,Cpoints
549764.3105,7816928.98,-9637.379883,Cpoints
549339.3105,7820626.668,-9737.919922,Cpoints
548989.3105,7816872.668,-9682.55957,Cpoints
550151.8105,7817848.711,-9699.389648,Cpoints
549926.8105,7818787.207,-9591.049805,Cpoints
549189.3105,7820532.82,-9738.719727,Cpoints
549139.3105,7818449.348,-9710.05957,Cpoints
550014.3105,7817304.379,-9617.179688,Cpoints
549764.3105,7816966.52,-9632.599609,Cpoints
548889.3105,7816891.438,-9692.25,Cpoints
550701.8105,7817022.828,-9619.80957,Cpoints
550314.3105,7820926.988,-9621.879883,Cpoints
551239.3105,7821659.02,-9668.410156,Cpoints
550851.8105,7819744.48,-9558.740234,Cpoints
548889.3105,7816684.969,-9698.330078,Cpoints
549089.3105,7820983.297,-9765.450195,Cpoints
549864.3105,7817942.559,-9706.339844,Cpoints
550901.8105,7821020.84,-9679.209961,Cpoints
549526.8105,7818881.059,-9613.55957,Cpoints
549264.3105,7821452.551,-9754.820313,Cpoints
552376.8105,7817379.461,-9465.080078,Cpoints
549376.8105,7818768.438,-9654.629883,Cpoints
549714.3105,7817454.539,-9611.429688,Cpoints
549964.3105,7818149.027,-9707.099609,Cpoints
549089.3105,7820664.211,-9731.650391,Cpoints
551151.8105,7817942.559,-9569.900391,Cpoints
548989.3105,7816760.051,-9695.719727,Cpoints
549176.8105,7821527.629,-9767.759766,Cpoints
550739.3105,7817754.859,-9603.969727,Cpoints
550251.8105,7817304.379,-9601.049805,Cpoints
548964.3105,7821640.25,-9755.259766,Cpoints
551451.8105,7817773.629,-9578.820313,Cpoints
549514.3105,7817980.098,-9695.009766,Cpoints
549314.3105,7820532.82,-9738.870117,Cpoints
549439.3105,7819200.148,-9689.089844,Cpoints
549214.3105,7819068.758,-9713.610352,Cpoints
549314.3105,7820889.449,-9737.450195,Cpoints
549589.3105,7819932.18,-9674.150391,Cpoints
549289.3105,7816797.59,-9690.580078,Cpoints
549889.3105,7817848.711,-9711.389648,Cpoints
549614.3105,7818036.41,-9702.089844,Cpoints
549589.3105,7820251.27,-9692.070313,Cpoints
550976.8105,7821471.32,-9702.639648,Cpoints
550901.8105,7817679.777,-9582.830078,Cpoints
550751.8105,7821565.168,-9733.080078,Cpoints
549726.8105,7820119.879,-9629.80957,Cpoints
549539.3105,7820645.438,-9728.099609,Cpoints
548889.3105,7818881.059,-9736.049805,Cpoints
550739.3105,7820664.211,-9519.990234,Cpoints
551064.3105,7820833.141,-9666.950195,Cpoints
549664.3105,7818674.59,-9548.129883,Cpoints
549689.3105,7820664.211,-9708.80957,Cpoints
550001.8105,7817623.469,-9682.69043,Cpoints
550476.8105,7820758.059,-9553.730469,Cpoints
550401.8105,7821659.02,-9737.889648,Cpoints
550301.8105,7821133.457,-9689.980469,Cpoints
549864.3105,7817097.91,-9620.830078,Cpoints
550464.3105,7817285.609,-9615.030273,Cpoints
549314.3105,7820213.73,-9727.530273,Cpoints
549426.8105,7820664.211,-9736.379883,Cpoints
549901.8105,7817041.598,-9603.459961,Cpoints
550239.3105,7817454.539,-9639.070313,Cpoints
551726.8105,7821377.469,-9672.099609,Cpoints
550414.3105,7821771.641,-9733.650391,Cpoints
550451.8105,7817773.629,-9646.719727,Cpoints
550289.3105,7817792.398,-9685.290039,Cpoints
549589.3105,7819200.148,-9651.80957,Cpoints
549689.3105,7818486.891,-9592.719727,Cpoints
548951.8105,7818956.141,-9737.5,Cpoints
549289.3105,7820270.039,-9734.919922,Cpoints
551051.8105,7817792.398,-9576.219727,Cpoints
549114.3105,7816778.816,-9688.599609,Cpoints
549264.3105,7820964.531,-9742.990234,Cpoints
549439.3105,7820176.188,-9708.969727,Cpoints
548901.8105,7817754.859,-9663.900391,Cpoints
551376.8105,7817510.848,-9588.650391,Cpoints
549064.3105,7817642.238,-9587.30957,Cpoints
551139.3105,7817248.07,-9584.530273,Cpoints
551476.8105,7821640.25,-9655.139648,Cpoints
549214.3105,7820607.898,-9733.070313,Cpoints
549364.3105,7817210.527,-9497.070313,Cpoints
551314.3105,7818261.648,-9511.179688,Cpoints
549464.3105,7817679.777,-9575.089844,Cpoints
551289.3105,7820945.758,-9675.179688,Cpoints
549851.8105,7819369.078,-9614.160156,Cpoints
550151.8105,7820795.598,-9606.80957,Cpoints
550639.3105,7817567.16,-9624.799805,Cpoints
549689.3105,7816778.816,-9667.769531,Cpoints
549551.8105,7821020.84,-9739.530273,Cpoints
549576.8105,7816835.129,-9663.009766,Cpoints
549651.8105,7819669.398,-9676,Cpoints
549214.3105,7817905.02,-9664.55957,Cpoints
549451.8105,7817604.699,-9540.099609,Cpoints
549226.8105,7820945.758,-9743.589844,Cpoints
550451.8105,7821058.379,-9668.280273,Cpoints
549951.8105,7818111.488,-9708.540039,Cpoints
549714.3105,7820251.27,-9653.209961,Cpoints
549339.3105,7820814.371,-9736.669922,Cpoints
551326.8105,7821002.07,-9671.860352,Cpoints
549501.8105,7820589.129,-9729.959961,Cpoints
550701.8105,7821302.391,-9712.19043,Cpoints
549326.8105,7820983.297,-9742.269531,Cpoints
551239.3105,7817097.91,-9576.070313,Cpoints
550839.3105,7817642.238,-9586.339844,Cpoints
549214.3105,7819125.07,-9714.650391,Cpoints
551401.8105,7817473.309,-9590.349609,Cpoints
549001.8105,7820251.27,-9724.019531,Cpoints
549839.3105,7820701.75,-9685.580078,Cpoints
549526.8105,7820270.039,-9710.169922,Cpoints
550139.3105,7817285.609,-9593.55957,Cpoints
552414.3105,7816985.289,-9415.160156,Cpoints
551251.8105,7818374.27,-9521.450195,Cpoints
551226.8105,7817736.09,-9572.919922,Cpoints
549439.3105,7817060.367,-9587.370117,Cpoints
549976.8105,7817698.547,-9693.049805,Cpoints
550301.8105,7817529.617,-9661.049805,Cpoints
551464.3105,7817829.938,-9577.980469,Cpoints
549776.8105,7819519.238,-9636.459961,Cpoints
549651.8105,7817229.301,-9604.820313,Cpoints
549851.8105,7816985.289,-9611.879883,Cpoints
551214.3105,7817154.219,-9578.700195,Cpoints
550189.3105,7821039.609,-9685.790039,Cpoints
549976.8105,7817905.02,-9713.839844,Cpoints
549426.8105,7820758.059,-9734.80957,Cpoints
549451.8105,7820983.297,-9744.360352,Cpoints
549726.8105,7820589.129,-9682.719727,Cpoints
549439.3105,7820101.109,-9708.459961,Cpoints
549001.8105,7817623.469,-9601.290039,Cpoints
549826.8105,7818468.117,-9610.629883,Cpoints
549239.3105,7818749.668,-9694.730469,Cpoints
550351.8105,7820851.91,-9598.709961,Cpoints
549026.8105,7816722.508,-9688.889648,Cpoints
550276.8105,7820889.449,-9617.599609,Cpoints
549514.3105,7820739.289,-9730.469727,Cpoints
550114.3105,7817079.141,-9574.219727,Cpoints
549426.8105,7819857.098,-9713.099609,Cpoints
549801.8105,7818824.75,-9551.759766,Cpoints
549601.8105,7818655.82,-9559.799805,Cpoints
548876.8105,7816722.508,-9697.410156,Cpoints
549289.3105,7817135.449,-9540.129883,Cpoints
551489.3105,7817567.16,-9584.650391,Cpoints
550739.3105,7817248.07,-9617.639648,Cpoints
549176.8105,7819763.25,-9731.469727,Cpoints
551114.3105,7820851.91,-9673.25,Cpoints
550451.8105,7817923.789,-9651.370117,Cpoints
549526.8105,7817097.91,-9591.660156,Cpoints
551251.8105,7821734.102,-9664.900391,Cpoints
549789.3105,7817604.699,-9656.349609,Cpoints
549276.8105,7820495.281,-9738.980469,Cpoints
550826.8105,7818205.34,-9632.709961,Cpoints
549251.8105,7821490.09,-9758.209961,Cpoints
549289.3105,7817811.168,-9630.589844,Cpoints
550414.3105,7817717.32,-9657.299805,Cpoints
549214.3105,7818205.34,-9710.75,Cpoints
550026.8105,7817698.547,-9693.490234,Cpoints
549489.3105,7819331.539,-9688.950195,Cpoints
550064.3105,7817172.988,-9592.839844,Cpoints
549526.8105,7820814.371,-9735.820313,Cpoints
549414.3105,7819331.539,-9704.900391,Cpoints
551339.3105,7817041.598,-9575.879883,Cpoints
549226.8105,7817961.328,-9677.839844,Cpoints
549339.3105,7817116.68,-9548.820313,Cpoints
550001.8105,7817998.871,-9713.129883,Cpoints
550864.3105,7816647.43,-9642.219727,Cpoints
549989.3105,7821677.789,-9740.169922,Cpoints
549451.8105,7819331.539,-9697.519531,Cpoints
549576.8105,7816684.969,-9659.519531,Cpoints
551339.3105,7817304.379,-9581.070313,Cpoints
550164.3105,7817360.688,-9609.030273,Cpoints
549139.3105,7821565.168,-9763.089844,Cpoints
549176.8105,7820926.988,-9747.139648,Cpoints
550051.8105,7817717.32,-9694.919922,Cpoints
548989.3105,7817304.379,-9561.629883,Cpoints
552439.3105,7821415.008,-9591.040039,Cpoints
551239.3105,7821696.559,-9667.730469,Cpoints
549289.3105,7821490.09,-9749.169922,Cpoints
551364.3105,7821621.48,-9659.05957,Cpoints
548989.3105,7816816.359,-9690.919922,Cpoints
550451.8105,7820363.887,-9371.959961,Cpoints
551514.3105,7821077.148,-9664.570313,Cpoints
548914.3105,7820420.199,-9738.700195,Cpoints
549039.3105,7821565.168,-9752.910156,Cpoints
551151.8105,7817886.25,-9572.280273,Cpoints
549139.3105,7819763.25,-9733.05957,Cpoints
549351.8105,7818374.27,-9682.490234,Cpoints
548914.3105,7816722.508,-9699.400391,Cpoints
550476.8105,7821677.789,-9736.290039,Cpoints
549601.8105,7818805.98,-9588.94043,Cpoints
549864.3105,7817698.547,-9689.160156,Cpoints
550176.8105,7817811.168,-9696.240234,Cpoints
549964.3105,7820908.219,-9698.919922,Cpoints
550701.8105,7821508.859,-9734.019531,Cpoints
552139.3105,7817248.07,-9511.25,Cpoints
550089.3105,7817079.141,-9577.339844,Cpoints
550114.3105,7817585.93,-9674.799805,Cpoints
548901.8105,7818317.957,-9735.450195,Cpoints
550876.8105,7819706.938,-9556.650391,Cpoints
550051.8105,7821396.238,-9755.94043,Cpoints
549414.3105,7818712.129,-9634.129883,Cpoints
550201.8105,7817323.148,-9600.620117,Cpoints
551314.3105,7821283.617,-9694.610352,Cpoints
551626.8105,7817661.008,-9578.610352,Cpoints
549301.8105,7818712.129,-9674.839844,Cpoints
551451.8105,7821527.629,-9676.480469,Cpoints
552264.3105,7817473.309,-9524.610352,Cpoints
551064.3105,7820889.449,-9673.790039,Cpoints
550464.3105,7819744.48,-9536.05957,Cpoints
549976.8105,7817867.48,-9711.94043,Cpoints
550076.8105,7817980.098,-9709.339844,Cpoints
551976.8105,7817623.469,-9562.139648,Cpoints
549064.3105,7816722.508,-9685.080078,Cpoints
552451.8105,7821227.309,-9605.299805,Cpoints
549689.3105,7817172.988,-9621.400391,Cpoints
549614.3105,7817229.301,-9592.110352,Cpoints
549914.3105,7820964.531,-9719.969727,Cpoints
549526.8105,7818580.738,-9585.790039,Cpoints
548901.8105,7817529.617,-9620.469727,Cpoints
549801.8105,7818749.668,-9551.549805,Cpoints
550164.3105,7820908.219,-9641.889648,Cpoints
551239.3105,7820926.988,-9682.150391,Cpoints
548889.3105,7820119.879,-9719.679688,Cpoints
551576.8105,7816872.668,-9572.549805,Cpoints
550476.8105,7821208.539,-9713.790039,Cpoints
552451.8105,7816985.289,-9401.980469,Cpoints
549626.8105,7818824.75,-9586.830078,Cpoints
549889.3105,7816853.898,-9620.610352,Cpoints
550076.8105,7819181.379,-9585.980469,Cpoints
549026.8105,7820270.039,-9724.599609,Cpoints
551489.3105,7821734.102,-9631.700195,Cpoints
549401.8105,7820776.828,-9734.94043,Cpoints
549664.3105,7820176.188,-9657.620117,Cpoints
551264.3105,7817135.449,-9575.969727,Cpoints
549626.8105,7818618.281,-9555.929688,Cpoints
548914.3105,7820382.66,-9734.269531,Cpoints
549251.8105,7820664.211,-9734.05957,Cpoints
550939.3105,7817473.309,-9591.709961,Cpoints
548889.3105,7817285.609,-9604.679688,Cpoints
550651.8105,7818167.797,-9647.679688,Cpoints
549714.3105,7817623.469,-9643.879883,Cpoints
550301.8105,7817135.449,-9572.709961,Cpoints
549364.3105,7817848.711,-9647.459961,Cpoints
549389.3105,7816703.738,-9662.509766,Cpoints
549489.3105,7817360.688,-9513.120117,Cpoints
549764.3105,7816910.207,-9640.469727,Cpoints
551176.8105,7817867.48,-9569.980469,Cpoints
550814.3105,7816985.289,-9623.990234,Cpoints
551151.8105,7817079.141,-9583.879883,Cpoints
548951.8105,7816872.668,-9688.150391,Cpoints
550126.8105,7817829.938,-9700.339844,Cpoints
550601.8105,7817567.16,-9630.620117,Cpoints
549726.8105,7820776.828,-9726.75,Cpoints
549514.3105,7817698.547,-9592,Cpoints
549964.3105,7818787.207,-9606.849609,Cpoints
549176.8105,7820570.359,-9735.349609,Cpoints
549714.3105,7817811.168,-9679.879883,Cpoints
549101.8105,7818449.348,-9717.540039,Cpoints
550039.3105,7817285.609,-9608.570313,Cpoints
549526.8105,7819969.719,-9699.400391,Cpoints
549764.3105,7816947.75,-9634.679688,Cpoints
548901.8105,7816853.898,-9693.459961,Cpoints
550676.8105,7816985.289,-9623.030273,Cpoints
551514.3105,7821640.25,-9651.200195,Cpoints
549464.3105,7817154.219,-9553.540039,Cpoints
550301.8105,7820964.531,-9636.200195,Cpoints
551276.8105,7821659.02,-9662.280273,Cpoints
550889.3105,7819744.48,-9558.349609,Cpoints
549826.8105,7817548.387,-9652.44043,Cpoints
548876.8105,7817773.629,-9671.129883,Cpoints
548901.8105,7816647.43,-9697.929688,Cpoints
549051.8105,7820964.531,-9766.580078,Cpoints
550189.3105,7820626.668,-9543.700195,Cpoints
549851.8105,7817905.02,-9705.860352,Cpoints
551064.3105,7817829.938,-9577.580078,Cpoints
550914.3105,7820983.297,-9673.089844,Cpoints
549064.3105,7820701.75,-9735.700195,Cpoints
549564.3105,7818881.059,-9606.540039,Cpoints
549276.8105,7821415.008,-9752.209961,Cpoints
549426.8105,7816910.207,-9651.469727,Cpoints
549389.3105,7820007.258,-9726.759766,Cpoints
549339.3105,7818768.438,-9667.580078,Cpoints
549251.8105,7818055.18,-9694.089844,Cpoints
549976.8105,7818186.57,-9704.459961,Cpoints
549876.8105,7821095.918,-9734.950195,Cpoints
551764.3105,7821377.469,-9669.30957,Cpoints
549051.8105,7820645.438,-9733.69043,Cpoints
550964.3105,7817360.688,-9599.169922,Cpoints
549289.3105,7818205.34,-9707.650391,Cpoints
551189.3105,7817942.559,-9564.900391,Cpoints
548951.8105,7816760.051,-9699.780273,Cpoints
549289.3105,7820194.961,-9726.469727,Cpoints
549214.3105,7821527.629,-9764.709961,Cpoints
550701.8105,7817754.859,-9608.849609,Cpoints
550364.3105,7821696.559,-9740.280273,Cpoints
548951.8105,7821677.789,-9758.269531,Cpoints
550739.3105,7818224.109,-9646.44043,Cpoints
549351.8105,7820194.961,-9722.349609,Cpoints
549539.3105,7818017.637,-9699.980469,Cpoints
550214.3105,7821809.18,-9743.150391,Cpoints
550876.8105,7818599.508,-9646.160156,Cpoints
550214.3105,7821846.719,-9741.980469,Cpoints
550789.3105,7819481.699,-9509.19043,Cpoints
550089.3105,7818974.91,-9618.280273,Cpoints
551501.8105,7818167.797,-9534.089844,Cpoints
550751.8105,7818411.809,-9665.769531,Cpoints
550001.8105,7821621.48,-9739.299805,Cpoints
551851.8105,7817398.227,-9565.379883,Cpoints
551776.8105,7817548.387,-9561.900391,Cpoints
550689.3105,7818824.75,-9588.5,Cpoints
550289.3105,7821415.008,-9740.019531,Cpoints
548889.3105,7820363.887,-9731.769531,Cpoints
551564.3105,7817848.711,-9581.080078,Cpoints
551464.3105,7818017.637,-9556.629883,Cpoints
551026.8105,7821039.609,-9697.419922,Cpoints
552139.3105,7817454.539,-9536.070313,Cpoints
549414.3105,7818167.797,-9718.629883,Cpoints
549626.8105,7820138.648,-9665.589844,Cpoints
550389.3105,7820101.109,-9413.94043,Cpoints
549789.3105,7818881.059,-9554.580078,Cpoints
549389.3105,7820833.141,-9734.660156,Cpoints
549101.8105,7820945.758,-9763.030273,Cpoints
551226.8105,7818486.891,-9539.160156,Cpoints
550264.3105,7819782.02,-9532.94043,Cpoints
551064.3105,7820776.828,-9661.129883,Cpoints
549889.3105,7821039.609,-9730.75,Cpoints
549676.8105,7819744.48,-9669.389648,Cpoints
551326.8105,7817792.398,-9569.679688,Cpoints
549814.3105,7818393.039,-9634.860352,Cpoints
550701.8105,7817867.48,-9609.580078,Cpoints
551951.8105,7817961.328,-9564.490234,Cpoints
550789.3105,7818317.957,-9649.490234,Cpoints
550089.3105,7820082.34,-9467.55957,Cpoints
549601.8105,7819763.25,-9674.740234,Cpoints
550464.3105,7818242.879,-9676.379883,Cpoints
550764.3105,7818993.68,-9533.849609,Cpoints
549826.8105,7821114.691,-9739.080078,Cpoints
549489.3105,7820870.68,-9739.759766,Cpoints
550739.3105,7818618.281,-9649.620117,Cpoints
551714.3105,7817736.09,-9573.150391,Cpoints
550151.8105,7820420.199,-9494.80957,Cpoints
551014.3105,7821621.48,-9696.110352,Cpoints
549826.8105,7821020.84,-9733.870117,Cpoints
551376.8105,7817285.609,-9578.929688,Cpoints
550851.8105,7818486.891,-9641.080078,Cpoints
550714.3105,7819068.758,-9502.049805,Cpoints
551589.3105,7817567.16,-9574.490234,Cpoints
550001.8105,7820232.5,-9515.379883,Cpoints
550314.3105,7819875.867,-9486.679688,Cpoints
550839.3105,7819950.949,-9535.830078,Cpoints
551564.3105,7817642.238,-9579.030273,Cpoints
549864.3105,7818374.27,-9647.549805,Cpoints
551264.3105,7818205.34,-9513.490234,Cpoints
551514.3105,7817867.48,-9580.120117,Cpoints
549851.8105,7820044.801,-9566.629883,Cpoints
550076.8105,7819462.93,-9585.070313,Cpoints
549439.3105,7821339.93,-9751.219727,Cpoints
549676.8105,7818618.281,-9554.669922,Cpoints
552439.3105,7817886.25,-9544.5,Cpoints
549476.8105,7820007.258,-9712.889648,Cpoints
549701.8105,7819819.559,-9651.889648,Cpoints
549676.8105,7820363.887,-9674.25,Cpoints
549001.8105,7818036.41,-9700.030273,Cpoints
549739.3105,7819237.688,-9618.549805,Cpoints
551726.8105,7817829.938,-9567.830078,Cpoints
549914.3105,7820795.598,-9685.94043,Cpoints
551064.3105,7821583.941,-9693.570313,Cpoints
549401.8105,7820270.039,-9731.030273,Cpoints
549726.8105,7820870.68,-9732.620117,Cpoints
550714.3105,7817961.328,-9613.620117,Cpoints
549014.3105,7821189.77,-9769.120117,Cpoints
552439.3105,7817548.387,-9480.320313,Cpoints
548876.8105,7820270.039,-9721.110352,Cpoints
549426.8105,7817811.168,-9634.009766,Cpoints
549464.3105,7820307.578,-9726.55957,Cpoints
549989.3105,7818393.039,-9666.110352,Cpoints
551051.8105,7821546.398,-9695.080078,Cpoints
550989.3105,7816910.207,-9619.25,Cpoints
551539.3105,7817961.328,-9571.820313,Cpoints
549014.3105,7820964.531,-9766.019531,Cpoints
550414.3105,7817454.539,-9647.110352,Cpoints
549414.3105,7817360.688,-9476.679688,Cpoints
550726.8105,7818280.418,-9659.030273,Cpoints
550639.3105,7820288.809,-9437.009766,Cpoints
548989.3105,7817473.309,-9579.700195,Cpoints
550876.8105,7816910.207,-9628.669922,Cpoints
549826.8105,7816797.59,-9647.860352,Cpoints
550064.3105,7820213.73,-9472.75,Cpoints
550664.3105,7819294,-9453.799805,Cpoints
549001.8105,7821114.691,-9768.620117,Cpoints
550226.8105,7821659.02,-9744.349609,Cpoints
549464.3105,7817867.48,-9661.320313,Cpoints
549526.8105,7818073.949,-9705.660156,Cpoints
549501.8105,7817754.859,-9616.75,Cpoints
550101.8105,7818092.719,-9709.730469,Cpoints
549151.8105,7820438.969,-9738.139648,Cpoints
550039.3105,7820438.969,-9552.349609,Cpoints
549301.8105,7818618.281,-9663.55957,Cpoints
551151.8105,7817435.77,-9585.200195,Cpoints
549489.3105,7821039.609,-9742.339844,Cpoints
549976.8105,7820739.289,-9650.69043,Cpoints
549551.8105,7817548.387,-9553.209961,Cpoints
549076.8105,7817398.227,-9515.669922,Cpoints
550164.3105,7817567.16,-9671.419922,Cpoints
549864.3105,7820795.598,-9697.389648,Cpoints
549189.3105,7817041.598,-9595.679688,Cpoints
550014.3105,7817454.539,-9642.320313,Cpoints
550414.3105,7820026.027,-9439.330078,Cpoints
549139.3105,7821640.25,-9761.169922,Cpoints
551001.8105,7817923.789,-9588.089844,Cpoints
550739.3105,7820945.758,-9627.870117,Cpoints
551251.8105,7816966.52,-9575.950195,Cpoints
548964.3105,7821039.609,-9769.089844,Cpoints
550039.3105,7817079.141,-9584.429688,Cpoints
550614.3105,7819256.457,-9444.019531,Cpoints
548901.8105,7819894.641,-9725.69043,Cpoints
549789.3105,7817829.938,-9695.480469,Cpoints
550276.8105,7817604.699,-9673.669922,Cpoints
549489.3105,7818111.488,-9713.919922,Cpoints
549164.3105,7820270.039,-9731.509766,Cpoints
549676.8105,7816666.199,-9666.889648,Cpoints
550051.8105,7821752.867,-9744.360352,Cpoints
549164.3105,7816872.668,-9677.889648,Cpoints
549076.8105,7821039.609,-9764.30957,Cpoints
549876.8105,7820776.828,-9690.980469,Cpoints
549364.3105,7818693.359,-9649.69043,Cpoints
549776.8105,7821621.48,-9743.469727,Cpoints
551251.8105,7817642.238,-9582.110352,Cpoints
550114.3105,7821602.711,-9745.179688,Cpoints
550901.8105,7819613.09,-9548.580078,Cpoints
550901.8105,7820889.449,-9641.639648,Cpoints
549439.3105,7820570.359,-9733.80957,Cpoints
549564.3105,7818937.367,-9613.160156,Cpoints
550014.3105,7817848.711,-9707.200195,Cpoints
549614.3105,7816684.969,-9662.769531,Cpoints
549139.3105,7816928.98,-9657.959961,Cpoints
551501.8105,7817623.469,-9582.910156,Cpoints
549451.8105,7817248.07,-9518.839844,Cpoints
549239.3105,7818336.73,-9699.969727,Cpoints
549114.3105,7821039.609,-9762.639648,Cpoints
549964.3105,7817454.539,-9645.679688,Cpoints
549589.3105,7819725.711,-9677.459961,Cpoints
548951.8105,7819819.559,-9732.150391,Cpoints
549289.3105,7817754.859,-9608.730469,Cpoints
549601.8105,7817567.16,-9581.570313,Cpoints
552151.8105,7817942.559,-9576.839844,Cpoints
549701.8105,7820026.027,-9634.799805,Cpoints
550164.3105,7821677.789,-9746.419922,Cpoints
549751.8105,7816684.969,-9666.450195,Cpoints
549864.3105,7820945.758,-9725.379883,Cpoints
549701.8105,7818336.73,-9646.19043,Cpoints
549964.3105,7820870.68,-9691.599609,Cpoints
550889.3105,7819782.02,-9559.080078,Cpoints
550739.3105,7821677.789,-9728.299805,Cpoints
549501.8105,7818993.68,-9632.580078,Cpoints
549126.8105,7820138.648,-9720.990234,Cpoints
551151.8105,7817323.148,-9588.110352,Cpoints
552014.3105,7817848.711,-9568.910156,Cpoints
550914.3105,7820194.961,-9549.80957,Cpoints
551739.3105,7817661.008,-9576.110352,Cpoints
549151.8105,7820007.258,-9723.360352,Cpoints
550889.3105,7819481.699,-9522.730469,Cpoints
552064.3105,7817754.859,-9571.929688,Cpoints
550489.3105,7820495.281,-9392.990234,Cpoints
550164.3105,7817736.09,-9693.639648,Cpoints
549376.8105,7818111.488,-9713.179688,Cpoints
549351.8105,7820945.758,-9739.639648,Cpoints
550714.3105,7819387.852,-9469.05957,Cpoints
550051.8105,7817360.688,-9617.580078,Cpoints
550676.8105,7819200.148,-9461.459961,Cpoints
549639.3105,7818486.891,-9595.669922,Cpoints
551051.8105,7817567.16,-9586.450195,Cpoints
549801.8105,7820701.75,-9695.429688,Cpoints
550101.8105,7817135.449,-9584.400391,Cpoints
550126.8105,7817905.02,-9703.740234,Cpoints
549464.3105,7820457.738,-9724.459961,Cpoints
551039.3105,7818355.5,-9571.150391,Cpoints
548876.8105,7817679.777,-9650.099609,Cpoints
549839.3105,7816816.359,-9641.910156,Cpoints
549289.3105,7818956.141,-9688.69043,Cpoints
549264.3105,7821264.848,-9751.209961,Cpoints
549314.3105,7816684.969,-9671.169922,Cpoints
549264.3105,7820007.258,-9728.589844,Cpoints
550339.3105,7820119.879,-9406.530273,Cpoints
549589.3105,7817060.367,-9616.5,Cpoints
550014.3105,7817585.93,-9675.80957,Cpoints
549901.8105,7817435.77,-9645.629883,Cpoints
548951.8105,7819969.719,-9722.070313,Cpoints
551014.3105,7817736.09,-9574.94043,Cpoints
550914.3105,7819575.551,-9544.889648,Cpoints
549701.8105,7816985.289,-9635.459961,Cpoints
550289.3105,7817266.84,-9596.160156,Cpoints
549176.8105,7821020.84,-9754.19043,Cpoints
549426.8105,7819932.18,-9720.330078,Cpoints
550226.8105,7820720.52,-9568.929688,Cpoints
549251.8105,7820776.828,-9738.370117,Cpoints
549539.3105,7817379.461,-9536.780273,Cpoints
550126.8105,7818017.637,-9706.780273,Cpoints
551164.3105,7817210.527,-9580.530273,Cpoints
549951.8105,7817135.449,-9608.629883,Cpoints
549826.8105,7817773.629,-9699.790039,Cpoints
550214.3105,7817379.461,-9616,Cpoints
550051.8105,7821339.93,-9754.259766,Cpoints
549001.8105,7817548.387,-9591.269531,Cpoints
550751.8105,7819594.32,-9534.259766,Cpoints
550051.8105,7818055.18,-9711.860352,Cpoints
549189.3105,7818411.809,-9699.110352,Cpoints
551689.3105,7821752.867,-9572.469727,Cpoints
549764.3105,7818674.59,-9547.349609,Cpoints
551414.3105,7817867.48,-9570.389648,Cpoints
549651.8105,7820908.219,-9737.660156,Cpoints
549426.8105,7817736.09,-9598.969727,Cpoints
550664.3105,7819875.867,-9525.389648,Cpoints
549639.3105,7818186.57,-9690.709961,Cpoints
549826.8105,7817341.918,-9645.019531,Cpoints
549939.3105,7817792.398,-9706.280273,Cpoints
549939.3105,7817510.848,-9657.55957,Cpoints
549489.3105,7817492.078,-9516.959961,Cpoints
549164.3105,7816966.52,-9639.490234,Cpoints
549664.3105,7817998.871,-9700.549805,Cpoints
549314.3105,7820138.648,-9719.969727,Cpoints
550176.8105,7821302.391,-9741.860352,Cpoints
550351.8105,7820007.258,-9439.05957,Cpoints
549576.8105,7818524.43,-9589.580078,Cpoints
551114.3105,7816853.898,-9597.769531,Cpoints
549889.3105,7818693.359,-9573.129883,Cpoints
549351.8105,7818993.68,-9672.650391,Cpoints
549564.3105,7820814.371,-9738.129883,Cpoints
550776.8105,7821696.559,-9727.959961,Cpoints
550776.8105,7821227.309,-9711.700195,Cpoints
550389.3105,7821734.102,-9736.790039,Cpoints
550351.8105,7817435.77,-9646.370117,Cpoints
549626.8105,7821602.711,-9746.040039,Cpoints
549339.3105,7820307.578,-9735.450195,Cpoints
550514.3105,7818881.059,-9559.839844,Cpoints
551201.8105,7818055.18,-9549.769531,Cpoints
549514.3105,7816666.199,-9654.780273,Cpoints
549764.3105,7820908.219,-9732.019531,Cpoints
549314.3105,7820758.059,-9738.620117,Cpoints
549551.8105,7817473.309,-9540.429688,Cpoints
550176.8105,7818317.957,-9698.160156,Cpoints
549526.8105,7816985.289,-9627.679688,Cpoints
551101.8105,7817116.68,-9587.849609,Cpoints
551164.3105,7817792.398,-9571.299805,Cpoints
549601.8105,7820007.258,-9673.509766,Cpoints
549051.8105,7816853.898,-9678.799805,Cpoints
550476.8105,7817980.098,-9647.610352,Cpoints
551726.8105,7817585.93,-9566.580078,Cpoints
550189.3105,7817679.777,-9688.629883,Cpoints
550489.3105,7819631.859,-9535.379883,Cpoints
549076.8105,7820270.039,-9725.330078,Cpoints
551051.8105,7817679.777,-9579.179688,Cpoints
550476.8105,7821846.719,-9730.05957,Cpoints
551126.8105,7821621.48,-9689.769531,Cpoints
549589.3105,7820420.199,-9699.969727,Cpoints
549914.3105,7817886.25,-9713.219727,Cpoints
549276.8105,7819913.41,-9733.549805,Cpoints
550101.8105,7817341.918,-9606.990234,Cpoints
549164.3105,7820607.898,-9731.80957,Cpoints
551039.3105,7821133.457,-9704.730469,Cpoints
550351.8105,7820307.578,-9376.429688,Cpoints
550751.8105,7821827.949,-9719.179688,Cpoints
549439.3105,7816722.508,-9662.040039,Cpoints
550276.8105,7817736.09,-9684.820313,Cpoints
551089.3105,7818561.969,-9586.299805,Cpoints
550226.8105,7817585.93,-9673.379883,Cpoints
551114.3105,7817811.168,-9574.290039,Cpoints
550601.8105,7819575.551,-9522.990234,Cpoints
550589.3105,7817736.09,-9617.599609,Cpoints
550514.3105,7819087.527,-9477.790039,Cpoints
550601.8105,7818486.891,-9678.5,Cpoints
550914.3105,7819594.32,-10263.5,Dpoints
550176.8105,7819706.938,-10137.7002,Dpoints
548889.3105,7818092.719,-10408.90039,Dpoints
550814.3105,7821827.949,-10568.40039,Dpoints
549789.3105,7821114.691,-10433,Dpoints
549276.8105,7818543.199,-10320,Dpoints
550101.8105,7818055.18,-10418.59961,Dpoints
550926.8105,7821827.949,-10563.79981,Dpoints
551514.3105,7821283.617,-10425.90039,Dpoints
549676.8105,7819481.699,-10223.29981,Dpoints
550414.3105,7817135.449,-10055.09961,Dpoints
549151.8105,7818336.73,-10448.09961,Dpoints
552201.8105,7817229.301,-9926.889648,Dpoints
549826.8105,7821621.48,-10421.59961,Dpoints
549626.8105,7817398.227,-9975.120117,Dpoints
549114.3105,7816760.051,-10506,Dpoints
551489.3105,7819782.02,-10385.7002,Dpoints
550739.3105,7821677.789,-10567.59961,Dpoints
549626.8105,7817867.48,-10339.5,Dpoints
551964.3105,7821527.629,-10397,Dpoints
550501.8105,7817248.07,-10193.29981,Dpoints
552001.8105,7821058.379,-10546.90039,Dpoints
550214.3105,7821058.379,-10438.2002,Dpoints
550714.3105,7821583.941,-10579.40039,Dpoints
550451.8105,7821058.379,-10356.59961,Dpoints
550051.8105,7819857.098,-9981.709961,Dpoints
550851.8105,7819913.41,-10114.40039,Dpoints
552114.3105,7821077.148,-10548,Dpoints
549839.3105,7817285.609,-10307.79981,Dpoints
552064.3105,7821095.918,-10545.5,Dpoints
552439.3105,7817548.387,-9835.44043,Dpoints
552376.8105,7817661.008,-9933.330078,Dpoints
552251.8105,7820420.199,-10036.29981,Dpoints
549951.8105,7820288.809,-9867.549805,Dpoints
551951.8105,7821039.609,-10544.40039,Dpoints
552426.8105,7820664.211,-10419.29981,Dpoints
549814.3105,7818524.43,-9947.040039,Dpoints
549501.8105,7817923.789,-10329.5,Dpoints
549926.8105,7817492.078,-10313.90039,Dpoints
550939.3105,7820720.52,-10313.59961,Dpoints
549351.8105,7819763.25,-10471.40039,Dpoints
552176.8105,7821002.07,-10546.29981,Dpoints
551926.8105,7818149.027,-10053.79981,Dpoints
551539.3105,7820119.879,-10150.40039,Dpoints
549789.3105,7821771.641,-10418,Dpoints
550826.8105,7820194.961,-9926.129883,Dpoints
549451.8105,7817360.688,-9700.389648,Dpoints
549801.8105,7821283.617,-10440.5,Dpoints
550326.8105,7818468.117,-10346.7002,Dpoints
552214.3105,7816853.898,-9949.629883,Dpoints
550364.3105,7820382.66,-9692.450195,Dpoints
552076.8105,7821321.16,-10494.40039,Dpoints
550976.8105,7820795.598,-10411.79981,Dpoints
549851.8105,7821358.699,-10454.79981,Dpoints
551551.8105,7817379.461,-10082.09961,Dpoints
550976.8105,7819744.48,-10328.59961,Dpoints
552189.3105,7821396.238,-10387.79981,Dpoints
549939.3105,7818336.73,-10346,Dpoints
549939.3105,7818036.41,-10423.90039,Dpoints
549726.8105,7819969.719,-10196.7002,Dpoints
549864.3105,7819350.309,-10140,Dpoints
551489.3105,7817398.227,-10085.59961,Dpoints
551276.8105,7817792.398,-10233.29981,Dpoints
549326.8105,7819425.391,-10468.79981,Dpoints
549726.8105,7818411.809,-10149.5,Dpoints
549551.8105,7819631.859,-10442,Dpoints
552326.8105,7817435.77,-9870.509766,Dpoints
549064.3105,7816778.816,-10515.79981,Dpoints
549639.3105,7820007.258,-10286.40039,Dpoints
550876.8105,7821133.457,-10557.90039,Dpoints
552339.3105,7817360.688,-9817.629883,Dpoints
551226.8105,7821433.781,-10469.59961,Dpoints
552301.8105,7817773.629,-10019.79981,Dpoints
549014.3105,7818449.348,-10418.09961,Dpoints
551776.8105,7816835.129,-10122.40039,Dpoints
550726.8105,7820457.738,-9733.349609,Dpoints
550039.3105,7820270.039,-9756.519531,Dpoints
549664.3105,7820363.887,-10338.2002,Dpoints
549826.8105,7818280.418,-10360.40039,Dpoints
550989.3105,7821527.629,-10551.29981,Dpoints
552089.3105,7818411.809,-10014.2002,Dpoints
548964.3105,7818336.73,-10414,Dpoints
549614.3105,7819106.301,-10234.90039,Dpoints
550839.3105,7821358.699,-10637.59961,Dpoints
552076.8105,7817754.859,-10055.40039,Dpoints
549326.8105,7821471.32,-10362.79981,Dpoints
549101.8105,7818092.719,-10455.5,Dpoints
549989.3105,7821415.008,-10461.7002,Dpoints
551926.8105,7821321.16,-10502.29981,Dpoints
549276.8105,7820926.988,-10368.09961,Dpoints
551239.3105,7820026.027,-10360.09961,Dpoints
552326.8105,7817529.617,-9915.719727,Dpoints
552389.3105,7816797.59,-9730.269531,Dpoints
549539.3105,7819143.84,-10325.79981,Dpoints
549126.8105,7818468.117,-10424.29981,Dpoints
549539.3105,7817266.84,-9868.820313,Dpoints
550826.8105,7816947.75,-10274.09961,Dpoints
550701.8105,7818411.809,-10381.79981,Dpoints
551989.3105,7820983.297,-10561.7002,Dpoints
549564.3105,7820082.34,-10355.7002,Dpoints
551539.3105,7821114.691,-10430.7002,Dpoints
552014.3105,7821171,-10540.2002,Dpoints
549789.3105,7820194.961,-10071,Dpoints
550664.3105,7821415.008,-10590,Dpoints
549201.8105,7818073.949,-10469,Dpoints
550764.3105,7819631.859,-10079.59961,Dpoints
549814.3105,7820007.258,-10029.5,Dpoints
551714.3105,7818637.047,-10202.90039,Dpoints
549264.3105,7820983.297,-10363.29981,Dpoints
550864.3105,7817060.367,-10266.79981,Dpoints
551476.8105,7817248.07,-10111,Dpoints
549864.3105,7821020.84,-10465.29981,Dpoints
550664.3105,7821283.617,-10569.40039,Dpoints
550064.3105,7821227.309,-10486,Dpoints
551264.3105,7821058.379,-10499.40039,Dpoints
551289.3105,7819181.379,-10371.79981,Dpoints
549876.8105,7820270.039,-9970.009766,Dpoints
551851.8105,7818580.738,-10010.40039,Dpoints
551976.8105,7818393.039,-10010,Dpoints
552089.3105,7819444.16,-10160.5,Dpoints
550689.3105,7820701.75,-9836.620117,Dpoints
551251.8105,7821809.18,-10436.7002,Dpoints
550139.3105,7817341.918,-10205.09961,Dpoints
550151.8105,7817829.938,-10386.5,Dpoints
551189.3105,7820664.211,-10394.79981,Dpoints
549726.8105,7821264.848,-10418.7002,Dpoints
549789.3105,7817867.48,-10385.79981,Dpoints
552189.3105,7821752.867,-10117.90039,Dpoints
551514.3105,7821302.391,-10425.5,Dpoints
552214.3105,7817060.367,-9913.209961,Dpoints
550226.8105,7821002.07,-10378.29981,Dpoints
551726.8105,7821246.078,-10490.29981,Dpoints
549701.8105,7819369.078,-10169.5,Dpoints
550139.3105,7818224.109,-10408.79981,Dpoints
550976.8105,7821246.078,-10616,Dpoints
549526.8105,7817980.098,-10363.79981,Dpoints
549201.8105,7817717.32,-9980.969727,Dpoints
552201.8105,7821114.691,-10525.90039,Dpoints
551339.3105,7819237.688,-10347.5,Dpoints
552126.8105,7821246.078,-10507.09961,Dpoints
550089.3105,7821171,-10498.90039,Dpoints
550601.8105,7820176.188,-9641.139648,Dpoints
551314.3105,7820983.297,-10488.5,Dpoints
551039.3105,7817529.617,-10220.5,Dpoints
551089.3105,7819857.098,-10358,Dpoints
550014.3105,7821734.102,-10456.2002,Dpoints
550864.3105,7818299.188,-10339.59961,Dpoints
551264.3105,7821527.629,-10461.29981,Dpoints
549851.8105,7819162.609,-10235.5,Dpoints
551476.8105,7821039.609,-10435.5,Dpoints
549801.8105,7820307.578,-10092.59961,Dpoints
551314.3105,7821077.148,-10496.40039,Dpoints
549851.8105,7821095.918,-10456.09961,Dpoints
550614.3105,7821508.859,-10578,Dpoints
552239.3105,7820532.82,-10189.5,Dpoints
552276.8105,7821020.84,-10512.2002,Dpoints
550139.3105,7817886.25,-10395.40039,Dpoints
551926.8105,7821377.469,-10479,Dpoints
549351.8105,7819594.32,-10480.7002,Dpoints
551026.8105,7820851.91,-10486.5,Dpoints
551064.3105,7817341.918,-10162.5,Dpoints
550776.8105,7821358.699,-10606.2002,Dpoints
550989.3105,7820270.039,-10234.90039,Dpoints
551089.3105,7821095.918,-10560.40039,Dpoints
549401.8105,7817435.77,-9630.959961,Dpoints
551401.8105,7820983.297,-10468.79981,Dpoints
551089.3105,7816797.59,-10273.79981,Dpoints
550976.8105,7817004.059,-10254.09961,Dpoints
551339.3105,7821677.789,-10415.2002,Dpoints
549914.3105,7818561.969,-10039.7002,Dpoints
552039.3105,7817492.078,-10043.7002,Dpoints
551076.8105,7816928.98,-10249,Dpoints
550889.3105,7821415.008,-10625.7002,Dpoints
552151.8105,7821508.859,-10381.2002,Dpoints
551426.8105,7821358.699,-10478.90039,Dpoints
549439.3105,7818468.117,-10177.79981,Dpoints
551451.8105,7820739.289,-10475.59961,Dpoints
549826.8105,7821171,-10445.59961,Dpoints
549364.3105,7821095.918,-10368.40039,Dpoints
551189.3105,7820739.289,-10432.40039,Dpoints
551626.8105,7819125.07,-10302,Dpoints
552226.8105,7821020.84,-10532.29981,Dpoints
548889.3105,7817942.559,-10405.5,Dpoints
549314.3105,7818637.047,-10214.5,Dpoints
549951.8105,7819143.84,-10290,Dpoints
551226.8105,7821452.551,-10468.09961,Dpoints
550651.8105,7819763.25,-10062.29981,Dpoints
550376.8105,7821246.078,-10516.79981,Dpoints
550889.3105,7817661.008,-10155.59961,Dpoints
550464.3105,7819894.641,-9867.389648,Dpoints
552039.3105,7819857.098,-9899.05957,Dpoints
551864.3105,7821133.457,-10518.29981,Dpoints
550614.3105,7821433.781,-10582.40039,Dpoints
551151.8105,7819782.02,-10391.2002,Dpoints
549864.3105,7821396.238,-10452.5,Dpoints
549464.3105,7819481.699,-10408.5,Dpoints
552164.3105,7817417,-9989.320313,Dpoints
550176.8105,7817661.008,-10361.2002,Dpoints
549376.8105,7820701.75,-10398.59961,Dpoints
550251.8105,7821640.25,-10503,Dpoints
550739.3105,7821640.25,-10571.40039,Dpoints
549476.8105,7820401.43,-10432.29981,Dpoints
549101.8105,7818167.797,-10454.09961,Dpoints
552201.8105,7817285.609,-9935.790039,Dpoints
551376.8105,7821377.469,-10487.5,Dpoints
550389.3105,7821095.918,-10425.7002,Dpoints
550051.8105,7818036.41,-10423.5,Dpoints
549514.3105,7817736.09,-10184.09961,Dpoints
550289.3105,7819875.867,-9951.790039,Dpoints
550189.3105,7821827.949,-10483,Dpoints
549389.3105,7818186.57,-10430.5,Dpoints
551314.3105,7821752.867,-10392.29981,Dpoints
551226.8105,7820194.961,-10339.40039,Dpoints
551489.3105,7820194.961,-10245.29981,Dpoints
551339.3105,7817248.07,-10111.7002,Dpoints
549551.8105,7819049.988,-10261.59961,Dpoints
550101.8105,7818449.348,-10371.29981,Dpoints
551889.3105,7821058.379,-10529.79981,Dpoints
551314.3105,7821508.859,-10465.79981,Dpoints
551551.8105,7820851.91,-10506.90039,Dpoints
550676.8105,7820119.879,-9728.769531,Dpoints
551826.8105,7820758.059,-10476,Dpoints
551626.8105,7818580.738,-10146.40039,Dpoints
551364.3105,7820157.418,-10360.29981,Dpoints
550089.3105,7821039.609,-10477.29981,Dpoints
550676.8105,7820063.57,-9764.669922,Dpoints
551989.3105,7819237.688,-10189,Dpoints
550764.3105,7821565.168,-10582.79981,Dpoints
552389.3105,7817304.379,-9723.459961,Dpoints
550401.8105,7818599.508,-10351.90039,Dpoints
551901.8105,7816741.277,-10073.09961,Dpoints
551689.3105,7819012.449,-10297.29981,Dpoints
551964.3105,7820138.648,-9567.160156,Dpoints
551114.3105,7820795.598,-10467.79981,Dpoints
550289.3105,7820776.828,-9971.120117,Dpoints
550089.3105,7817210.527,-10061.5,Dpoints
551339.3105,7816966.52,-10118.7002,Dpoints
549039.3105,7818393.039,-10421,Dpoints
549364.3105,7819538.008,-10478.09961,Dpoints
548914.3105,7818317.957,-10408.7002,Dpoints
549526.8105,7817886.25,-10310.5,Dpoints
549914.3105,7820270.039,-9912.129883,Dpoints
551764.3105,7818524.43,-10083,Dpoints
551101.8105,7820851.91,-10501.7002,Dpoints
549464.3105,7819143.84,-10390,Dpoints
551339.3105,7820551.59,-10388.29981,Dpoints
552276.8105,7820082.34,-9973.280273,Dpoints
552226.8105,7820945.758,-10539.09961,Dpoints
551301.8105,7821827.949,-10381,Dpoints
549839.3105,7818017.637,-10411.29981,Dpoints
552226.8105,7817492.078,-9989.230469,Dpoints
550201.8105,7819331.539,-10012.59961,Dpoints
552176.8105,7820213.73,-9788.5,Dpoints
550089.3105,7818899.828,-10367.7002,Dpoints
549551.8105,7819369.078,-10286,Dpoints
552414.3105,7817191.758,-9639.990234,Dpoints
552151.8105,7821827.949,-9992.19043,Dpoints
548889.3105,7818149.027,-10406.5,Dpoints
551926.8105,7819087.527,-10194.09961,Dpoints
551101.8105,7819763.25,-10385.2002,Dpoints
549401.8105,7818092.719,-10466.09961,Dpoints
551051.8105,7819594.32,-10378.2002,Dpoints
549951.8105,7819744.48,-10163.5,Dpoints
551489.3105,7817323.148,-10111.59961,Dpoints
551139.3105,7818017.637,-10242.40039,Dpoints
550639.3105,7818561.969,-10362.7002,Dpoints
550426.8105,7821002.07,-10286.29981,Dpoints
549939.3105,7821471.32,-10450.7002,Dpoints
551089.3105,7821677.789,-10514.40039,Dpoints
550326.8105,7817473.309,-10277.79981,Dpoints
549389.3105,7819706.938,-10478.59961,Dpoints
550139.3105,7820176.188,-9631.679688,Dpoints
551439.3105,7817604.699,-10086.2002,Dpoints
549626.8105,7819350.309,-10199,Dpoints
549264.3105,7817848.711,-10180.5,Dpoints
550751.8105,7819763.25,-10076.59961,Dpoints
551039.3105,7819838.328,-10331.40039,Dpoints
550914.3105,7817022.828,-10263.79981,Dpoints
551126.8105,7817417,-10166.29981,Dpoints
549726.8105,7818843.52,-9835.469727,Dpoints
550589.3105,7817004.059,-10270.29981,Dpoints
550151.8105,7819519.238,-10212.2002,Dpoints
552414.3105,7817229.301,-9648.540039,Dpoints
549789.3105,7819125.07,-10214.40039,Dpoints
549776.8105,7821339.93,-10432,Dpoints
550876.8105,7820739.289,-10222,Dpoints
550201.8105,7819068.758,-10071.2002,Dpoints
552101.8105,7817492.078,-10027.7002,Dpoints
550789.3105,7820007.258,-9978.330078,Dpoints
549726.8105,7818768.438,-9773.150391,Dpoints
551964.3105,7821189.77,-10536.2002,Dpoints
549789.3105,7819650.629,-10342.2002,Dpoints
550351.8105,7817792.398,-10340.5,Dpoints
550026.8105,7820101.109,-9739.080078,Dpoints
552351.8105,7820194.961,-10073.09961,Dpoints
551701.8105,7819331.539,-10305.5,Dpoints
552414.3105,7820833.141,-10440.29981,Dpoints
550189.3105,7821077.148,-10463.79981,Dpoints
550464.3105,7817116.68,-10123.5,Dpoints
552176.8105,7817604.699,-10028.90039,Dpoints
550189.3105,7820363.887,-9667.80957,Dpoints
550701.8105,7817004.059,-10282.29981,Dpoints
550026.8105,7818730.898,-10327.2002,Dpoints
549339.3105,7821227.309,-10359.90039,Dpoints
549701.8105,7818092.719,-10385.29981,Dpoints
550064.3105,7818130.258,-10423.59961,Dpoints
549414.3105,7821565.168,-10372.59961,Dpoints
552101.8105,7821433.781,-10439.79981,Dpoints
550951.8105,7817661.008,-10182.29981,Dpoints
551064.3105,7821415.008,-10556,Dpoints
550139.3105,7816966.52,-9865.740234,Dpoints
550914.3105,7817417,-10244,Dpoints
550776.8105,7819913.41,-10031,Dpoints
552001.8105,7818730.898,-10017.40039,Dpoints
550926.8105,7820776.828,-10341.7002,Dpoints
551901.8105,7816816.359,-10056.29981,Dpoints
549439.3105,7817323.148,-9700.389648,Dpoints
550739.3105,7820157.418,-9791.450195,Dpoints
549801.8105,7817642.238,-10330.2002,Dpoints
552151.8105,7820514.051,-10105.40039,Dpoints
550064.3105,7818505.66,-10333.7002,Dpoints
551514.3105,7820495.281,-10364.40039,Dpoints
550001.8105,7820176.188,-9750.929688,Dpoints
552076.8105,7821246.078,-10522.09961,Dpoints
550664.3105,7821490.09,-10586,Dpoints
549251.8105,7818618.281,-10325.59961,Dpoints
551514.3105,7821527.629,-10369.29981,Dpoints
549701.8105,7819556.777,-10266.09961,Dpoints
549901.8105,7817942.559,-10410.7002,Dpoints
550939.3105,7818036.41,-10217.29981,Dpoints
551776.8105,7817454.539,-10070.29981,Dpoints
549789.3105,7817585.93,-10300.79981,Dpoints
552039.3105,7821490.09,-10418.5,Dpoints
551539.3105,7821827.949,-10202.29981,Dpoints
551564.3105,7819969.719,-10178.5,Dpoints
552339.3105,7820814.371,-10489.7002,Dpoints
550314.3105,7819706.938,-10139.40039,Dpoints
551814.3105,7820251.27,-9635.629883,Dpoints
551076.8105,7821583.941,-10515.59961,Dpoints
550914.3105,7820082.34,-10153.2002,Dpoints
549526.8105,7818749.668,-9889.200195,Dpoints
551839.3105,7819988.488,-9660.790039,Dpoints
549001.8105,7818242.879,-10422.2002,Dpoints
549601.8105,7818224.109,-10341.90039,Dpoints
550439.3105,7821189.77,-10496.09961,Dpoints
550626.8105,7817172.988,-10277.79981,Dpoints
549776.8105,7820270.039,-10117.5,Dpoints
550939.3105,7821020.84,-10528.09961,Dpoints
551376.8105,7821433.781,-10485.79981,Dpoints
551739.3105,7818862.289,-10293.09961,Dpoints
551951.8105,7818430.578,-10006.5,Dpoints
550126.8105,7816797.59,-10071.5,Dpoints
549626.8105,7819406.617,-10219.59961,Dpoints
550776.8105,7820082.34,-9900.080078,Dpoints
550676.8105,7819894.641,-9972.620117,Dpoints
549389.3105,7818411.809,-10328.7002,Dpoints
551476.8105,7818805.98,-10354.29981,Dpoints
550751.8105,7821246.078,-10568.7002,Dpoints
549326.8105,7818355.5,-10426.79981,Dpoints
549401.8105,7819481.699,-10447.59961,Dpoints
549139.3105,7817998.871,-10452.2002,Dpoints
550314.3105,7820551.59,-9718.400391,Dpoints
550501.8105,7821039.609,-10315.5,Dpoints
549326.8105,7820720.52,-10386.7002,Dpoints
550489.3105,7819706.938,-10132.5,Dpoints
552389.3105,7817041.598,-9676.919922,Dpoints
551939.3105,7818993.68,-10127.09961,Dpoints
549776.8105,7821715.328,-10417.79981,Dpoints
551014.3105,7819688.168,-10334.40039,Dpoints
551439.3105,7821433.781,-10472.40039,Dpoints
551539.3105,7821358.699,-10425.29981,Dpoints
552139.3105,7817717.32,-10047.59961,Dpoints
549939.3105,7817717.32,-10387.40039,Dpoints
550839.3105,7817004.059,-10267.90039,Dpoints
549389.3105,7819162.609,-10429.79981,Dpoints
549264.3105,7821283.617,-10348.79981,Dpoints
549589.3105,7821659.02,-10388.7002,Dpoints
550339.3105,7816835.129,-10010.29981,Dpoints
550226.8105,7819725.711,-10125.09961,Dpoints
550714.3105,7821734.102,-10563.59961,Dpoints
551026.8105,7817942.559,-10305.09961,Dpoints
549776.8105,7817248.07,-10274.2002,Dpoints
551876.8105,7818036.41,-10061.79981,Dpoints
551539.3105,7817154.219,-10107.7002,Dpoints
551589.3105,7816985.289,-10131.59961,Dpoints
549664.3105,7817229.301,-10132.2002,Dpoints
550964.3105,7819125.07,-10151.40039,Dpoints
550989.3105,7821189.77,-10606.2002,Dpoints
550651.8105,7821565.168,-10576.29981,Dpoints
550126.8105,7816741.277,-10130.79981,Dpoints
550326.8105,7817210.527,-10038.7002,Dpoints
552026.8105,7820157.418,-9611.799805,Dpoints
552339.3105,7821283.617,-10296.29981,Dpoints
550626.8105,7817116.68,-10317.29981,Dpoints
549514.3105,7818092.719,-10372.40039,Dpoints
550864.3105,7819800.789,-10178.7002,Dpoints
550501.8105,7821189.77,-10495.5,Dpoints
550151.8105,7819143.84,-10120.79981,Dpoints
549401.8105,7819650.629,-10478.09961,Dpoints
549876.8105,7819706.938,-10283.59961,Dpoints
551426.8105,7820908.219,-10462.09961,Dpoints
551989.3105,7820288.809,-9633.150391,Dpoints
550251.8105,7817492.078,-10322.7002,Dpoints
549864.3105,7819613.09,-10273.29981,Dpoints
552201.8105,7817792.398,-10042.7002,Dpoints
550814.3105,7820101.109,-9946.320313,Dpoints
551601.8105,7821058.379,-10456.59961,Dpoints
549339.3105,7819631.859,-10478,Dpoints
551526.8105,7820363.887,-10252.59961,Dpoints
551489.3105,7821377.469,-10432.7002,Dpoints
550226.8105,7817661.008,-10355.09961,Dpoints
551251.8105,7819950.949,-10378.2002,Dpoints
549951.8105,7817285.609,-10277,Dpoints
549689.3105,7821396.238,-10405.40039,Dpoints
550364.3105,7817754.859,-10333.79981,Dpoints
549301.8105,7817492.078,-9630.730469,Dpoints
550664.3105,7821002.07,-10284.79981,Dpoints
549301.8105,7821790.41,-10359.7002,Dpoints
551264.3105,7821734.102,-10426.5,Dpoints
551364.3105,7817304.379,-10106.59961,Dpoints
551726.8105,7819669.398,-10281,Dpoints
549501.8105,7820176.188,-10405.79981,Dpoints
550864.3105,7820194.961,-10000.59961,Dpoints
552214.3105,7820345.121,-9915.410156,Dpoints
550626.8105,7818899.828,-10035.29981,Dpoints
551651.8105,7819200.148,-10327.79981,Dpoints
552314.3105,7817661.008,-9979.120117,Dpoints
552201.8105,7821490.09,-10348.79981,Dpoints
550351.8105,7820682.98,-9787.429688,Dpoints
551314.3105,7820739.289,-10439.90039,Dpoints
550064.3105,7820795.598,-10216.90039,Dpoints
548914.3105,7820758.059,-10326.59961,Dpoints
550376.8105,7821039.609,-10366.79981,Dpoints
550489.3105,7819613.09,-10121.40039,Dpoints
550014.3105,7819256.457,-10233,Dpoints
551064.3105,7819425.391,-10297.79981,Dpoints
551826.8105,7820514.051,-9981.610352,Dpoints
551814.3105,7820908.219,-10561.09961,Dpoints
549976.8105,7817567.16,-10341,Dpoints
550451.8105,7816985.289,-10089.79981,Dpoints
548901.8105,7817886.25,-10393.7002,Dpoints
552226.8105,7820870.68,-10545.79981,Dpoints
549439.3105,7821396.238,-10374.90039,Dpoints
549539.3105,7821377.469,-10384.29981,Dpoints
551201.8105,7819613.09,-10442.40039,Dpoints
549114.3105,7817623.469,-9890.240234,Dpoints
549601.8105,7819950.949,-10345.79981,Dpoints
551576.8105,7821790.41,-10171.5,Dpoints
549389.3105,7819406.617,-10428.59961,Dpoints
550701.8105,7818130.258,-10290.40039,Dpoints
551201.8105,7819369.078,-10461.29981,Dpoints
549764.3105,7820345.121,-10177.59961,Dpoints
552301.8105,7819857.098,-10103.40039,Dpoints
550451.8105,7818055.18,-10330.5,Dpoints
552214.3105,7816985.289,-9920.660156,Dpoints
550264.3105,7821152.23,-10489.29981,Dpoints
549201.8105,7818149.027,-10471.90039,Dpoints
552264.3105,7819800.789,-10111.59961,Dpoints
549451.8105,7820758.059,-10408.09961,Dpoints
549551.8105,7819312.77,-10277.2002,Dpoints
552076.8105,7821827.949,-9921.469727,Dpoints
550376.8105,7816928.98,-9994.070313,Dpoints
551201.8105,7821208.539,-10514.29981,Dpoints
551376.8105,7820889.449,-10473.29981,Dpoints
549051.8105,7817398.227,-9741.219727,Dpoints
551964.3105,7819049.988,-10131.59961,Dpoints
551064.3105,7820720.52,-10412.79981,Dpoints
550839.3105,7820964.531,-10388.2002,Dpoints
549801.8105,7820758.059,-10418.79981,Dpoints
551376.8105,7817717.32,-10100,Dpoints
550314.3105,7818580.738,-10370.90039,Dpoints
551164.3105,7818899.828,-10485.2002,Dpoints
550964.3105,7820420.199,-10211.59961,Dpoints
551401.8105,7820964.531,-10465.7002,Dpoints
549376.8105,7821452.551,-10371.90039,Dpoints
551714.3105,7820964.531,-10513.2002,Dpoints
552301.8105,7820194.961,-10000.79981,Dpoints
549989.3105,7818055.18,-10427.7002,Dpoints
549589.3105,7818355.5,-10257.59961,Dpoints
549539.3105,7818280.418,-10323.29981,Dpoints
552339.3105,7821602.711,-10233.79981,Dpoints
552051.8105,7819256.457,-10108,Dpoints
550951.8105,7821189.77,-10605.2002,Dpoints
550939.3105,7818937.367,-10308.5,Dpoints
550101.8105,7819988.488,-9760.969727,Dpoints
549164.3105,7818468.117,-10426.59961,Dpoints
549764.3105,7821508.859,-10416.79981,Dpoints
549476.8105,7820532.82,-10422.7002,Dpoints
551064.3105,7817604.699,-10218.2002,Dpoints
552439.3105,7817679.777,-9898.540039,Dpoints
550964.3105,7819875.867,-10241.7002,Dpoints
550289.3105,7817191.758,-9989.160156,Dpoints
550101.8105,7821227.309,-10494,Dpoints
549964.3105,7819688.168,-10230.29981,Dpoints
549426.8105,7819594.32,-10471.2002,Dpoints
552389.3105,7821583.941,-10220.59961,Dpoints
552164.3105,7819819.559,-10082.7002,Dpoints
551151.8105,7819181.379,-10388.40039,Dpoints
549451.8105,7818167.797,-10396.79981,Dpoints
549376.8105,7820645.438,-10403.79981,Dpoints
549376.8105,7821321.16,-10358.59961,Dpoints
549564.3105,7819106.301,-10289,Dpoints
551776.8105,7820983.297,-10524,Dpoints
551451.8105,7819106.301,-10201.09961,Dpoints
552076.8105,7818637.047,-10010.79981,Dpoints
550451.8105,7819631.859,-10127.40039,Dpoints
549514.3105,7820814.371,-10416.7002,Dpoints
551101.8105,7819331.539,-10349,Dpoints
551051.8105,7821508.859,-10536,Dpoints
551151.8105,7821809.18,-10513.5,Dpoints
550214.3105,7820194.961,-9597.610352,Dpoints
550739.3105,7820776.828,-9999.759766,Dpoints
552439.3105,7818092.719,-10059.79981,Dpoints
552376.8105,7817604.699,-9905.360352,Dpoints
550626.8105,7820589.129,-9704.639648,Dpoints
549914.3105,7818224.109,-10405.29981,Dpoints
549664.3105,7821189.77,-10415.5,Dpoints
551714.3105,7818749.668,-10288.59961,Dpoints
549626.8105,7821339.93,-10399,Dpoints
550201.8105,7817060.367,-9826.719727,Dpoints
551951.8105,7820345.121,-9670.509766,Dpoints
549626.8105,7817304.379,-10000.5,Dpoints
552264.3105,7820739.289,-10478,Dpoints
549501.8105,7819538.008,-10425.09961,Dpoints
550201.8105,7821339.93,-10507.29981,Dpoints
552239.3105,7819932.18,-10035.7002,Dpoints
549539.3105,7821321.16,-10385.29981,Dpoints
551389.3105,7821771.641,-10353.90039,Dpoints
549489.3105,7821546.398,-10375.5,Dpoints
549576.8105,7818055.18,-10367.7002,Dpoints
549614.3105,7818130.258,-10367.40039,Dpoints
550926.8105,7819200.148,-10035.7002,Dpoints
551001.8105,7820514.051,-10276.5,Dpoints
550276.8105,7818449.348,-10365.29981,Dpoints
550239.3105,7821809.18,-10493.59961,Dpoints
549414.3105,7821039.609,-10379.40039,Dpoints
549714.3105,7817210.527,-10235.59961,Dpoints
549601.8105,7818280.418,-10322.29981,Dpoints
551376.8105,7819106.301,-10261.40039,Dpoints
551051.8105,7818937.367,-10388.79981,Dpoints
551851.8105,7818862.289,-10162.2002,Dpoints
551589.3105,7821208.539,-10448.5,Dpoints
549539.3105,7820701.75,-10424.29981,Dpoints
549589.3105,7821283.617,-10396.79981,Dpoints
550726.8105,7817229.301,-10249.29981,Dpoints
550814.3105,7820514.051,-9888.089844,Dpoints
549026.8105,7818580.738,-10437.2002,Dpoints
550639.3105,7818430.578,-10373.29981,Dpoints
552364.3105,7820664.211,-10428.40039,Dpoints
550114.3105,7819031.219,-10260,Dpoints
549039.3105,7818017.637,-10437.7002,Dpoints
550201.8105,7818674.59,-10434.40039,Dpoints
550826.8105,7821058.379,-10461.09961,Dpoints
548889.3105,7819950.949,-10406.59961,Dpoints
550789.3105,7820964.531,-10344.29981,Dpoints
550214.3105,7820570.359,-9769.870117,Dpoints
551351.8105,7817679.777,-10103,Dpoints
552001.8105,7821114.691,-10540.79981,Dpoints
550351.8105,7818317.957,-10372,Dpoints
549389.3105,7820758.059,-10395.5,Dpoints
550489.3105,7818299.188,-10369.79981,Dpoints
551739.3105,7819744.48,-10221.5,Dpoints
550464.3105,7820664.211,-9745.549805,Dpoints
549364.3105,7821377.469,-10364.90039,Dpoints
551976.8105,7818543.199,-10003.59961,Dpoints
549026.8105,7821002.07,-10334.7002,Dpoints
549951.8105,7821321.16,-10470.40039,Dpoints
551826.8105,7818468.117,-10014.29981,Dpoints
549701.8105,7821565.168,-10401.59961,Dpoints
551839.3105,7821264.848,-10512.7002,Dpoints
550614.3105,7818618.281,-10353.29981,Dpoints
551664.3105,7821790.41,-10107.90039,Dpoints
550239.3105,7817285.609,-10073.90039,Dpoints
551864.3105,7818149.027,-10064.40039,Dpoints
552364.3105,7816741.277,-9799.610352,Dpoints
549639.3105,7817473.309,-10030.7002,Dpoints
551614.3105,7820194.961,-9961,Dpoints
551651.8105,7820926.988,-10513.79981,Dpoints
550851.8105,7817191.758,-10251.2002,Dpoints
548914.3105,7819800.789,-10415.79981,Dpoints
549914.3105,7818130.258,-10420.09961,Dpoints
550101.8105,7817097.91,-9912.360352,Dpoints
552176.8105,7820007.258,-9884.919922,Dpoints
549926.8105,7817661.008,-10371.40039,Dpoints
551201.8105,7820983.297,-10502.5,Dpoints
550939.3105,7817604.699,-10198.09961,Dpoints
552101.8105,7820945.758,-10571.2002,Dpoints
552251.8105,7818092.719,-10063.79981,Dpoints
550714.3105,7820607.898,-9784,Dpoints
550701.8105,7818336.73,-10383.40039,Dpoints
548901.8105,7817792.398,-10375.59961,Dpoints
551901.8105,7818956.141,-10156.90039,Dpoints
549901.8105,7817285.609,-10303.29981,Dpoints
549976.8105,7818655.82,-10140.59961,Dpoints
551889.3105,7821471.32,-10424.40039,Dpoints
551789.3105,7819256.457,-10254.7002,Dpoints
550226.8105,7817585.93,-10343.2002,Dpoints
551089.3105,7821527.629,-10516.90039,Dpoints
549201.8105,7821152.23,-10344,Dpoints
550326.8105,7817041.598,-9898.450195,Dpoints
550751.8105,7818299.188,-10373.09961,Dpoints
551314.3105,7821283.617,-10477.09961,Dpoints
549939.3105,7820063.57,-9839.790039,Dpoints
550464.3105,7820438.969,-9706.320313,Dpoints
549364.3105,7819969.719,-10473,Dpoints
551064.3105,7818862.289,-10392.2002,Dpoints
549464.3105,7820664.211,-10414,Dpoints
549614.3105,7821189.77,-10406.90039,Dpoints
550889.3105,7818130.258,-10261.79981,Dpoints
550026.8105,7820007.258,-9808.769531,Dpoints
550451.8105,7819744.48,-10128.59961,Dpoints
549501.8105,7818430.578,-10182.5,Dpoints
549664.3105,7818224.109,-10352.29981,Dpoints
550789.3105,7818749.668,-10305.90039,Dpoints
552401.8105,7821771.641,-10126.40039,Dpoints
549301.8105,7821734.102,-10360.40039,Dpoints
551851.8105,7821508.859,-10401.90039,Dpoints
552439.3105,7821058.379,-10426.29981,Dpoints
550626.8105,7820551.59,-9681.650391,Dpoints
550151.8105,7819575.551,-10206.79981,Dpoints
551801.8105,7821734.102,-10060.09961,Dpoints
552076.8105,7817642.238,-10048.90039,Dpoints
549339.3105,7818280.418,-10440.40039,Dpoints
552326.8105,7817585.93,-9940.580078,Dpoints
550739.3105,7821002.07,-10353.90039,Dpoints
552201.8105,7821171,-10508.90039,Dpoints
549751.8105,7820457.738,-10296,Dpoints
551864.3105,7821734.102,-10038.2002,Dpoints
549364.3105,7818730.898,-10110.2002,Dpoints
550314.3105,7821077.148,-10427.59961,Dpoints
552439.3105,7820795.598,-10433.90039,Dpoints
550814.3105,7821734.102,-10565.29981,Dpoints
551026.8105,7819425.391,-10232.29981,Dpoints
552114.3105,7820720.52,-10464,Dpoints
549239.3105,7821734.102,-10361.2002,Dpoints
551351.8105,7821827.949,-10355.2002,Dpoints
550814.3105,7820551.59,-9912,Dpoints
550139.3105,7820457.738,-9759.900391,Dpoints
548889.3105,7819838.328,-10413.5,Dpoints
550776.8105,7818374.27,-10385.79981,Dpoints
549276.8105,7818317.957,-10458.29981,Dpoints
551814.3105,7817717.32,-10083.09961,Dpoints
551739.3105,7820926.988,-10538.59961,Dpoints
549839.3105,7819706.938,-10334.09961,Dpoints
551439.3105,7817661.008,-10092.2002,Dpoints
552389.3105,7817135.449,-9680.389648,Dpoints
551801.8105,7820307.578,-9689.459961,Dpoints
552314.3105,7819932.18,-10087.40039,Dpoints
551214.3105,7819087.527,-10391.40039,Dpoints
551739.3105,7820251.27,-9690.980469,Dpoints
549789.3105,7817510.848,-10281.90039,Dpoints
550739.3105,7819988.488,-9930.700195,Dpoints
550726.8105,7821433.781,-10592.09961,Dpoints
550464.3105,7819950.949,-9777.929688,Dpoints
550914.3105,7820307.578,-10103.79981,Dpoints
549414.3105,7818899.828,-10145,Dpoints
549851.8105,7819406.617,-10147.40039,Dpoints
550276.8105,7816853.898,-9951.269531,Dpoints
552389.3105,7821077.148,-10444.59961,Dpoints
549076.8105,7817792.398,-10182.90039,Dpoints
552364.3105,7821452.551,-10231,Dpoints
550676.8105,7821058.379,-10365.5,Dpoints
550989.3105,7821752.867,-10544.79981,Dpoints
550664.3105,7817041.598,-10299.29981,Dpoints
551689.3105,7820532.82,-10146.59961,Dpoints
550614.3105,7817060.367,-10313.90039,Dpoints
550776.8105,7821433.781,-10603.59961,Dpoints
550239.3105,7819650.629,-10165.79981,Dpoints
550176.8105,7820851.91,-10241.2002,Dpoints
550064.3105,7819012.449,-10311.2002,Dpoints
552439.3105,7820607.898,-10389.90039,Dpoints
551426.8105,7821039.609,-10459.09961,Dpoints
550064.3105,7820345.121,-9776.94043,Dpoints
551076.8105,7821452.551,-10539.90039,Dpoints
552151.8105,7820701.75,-10441.79981,Dpoints
551101.8105,7816666.199,-10281.7002,Dpoints
551626.8105,7819406.617,-10355.29981,Dpoints
550714.3105,7816835.129,-10336.5,Dpoints
551914.3105,7820026.027,-9608.919922,Dpoints
551189.3105,7821827.949,-10474.09961,Dpoints
549264.3105,7818712.129,-10305.59961,Dpoints
551776.8105,7821039.609,-10506.79981,Dpoints
549326.8105,7819875.867,-10466.90039,Dpoints
549439.3105,7818261.648,-10414.5,Dpoints
550264.3105,7817022.828,-9841.080078,Dpoints
551764.3105,7820814.371,-10552.5,Dpoints
550376.8105,7819631.859,-10135.7002,Dpoints
548951.8105,7817454.539,-9939.740234,Dpoints
551651.8105,7821189.77,-10467.2002,Dpoints
550751.8105,7816703.738,-10298.7002,Dpoints
551439.3105,7821133.457,-10454.29981,Dpoints
550614.3105,7818486.891,-10367.90039,Dpoints
550301.8105,7818730.898,-10384.59961,Dpoints
551414.3105,7821696.559,-10369.2002,Dpoints
549539.3105,7820157.418,-10383.2002,Dpoints
550339.3105,7821002.07,-10312.29981,Dpoints
551139.3105,7821527.629,-10493.5,Dpoints
551401.8105,7821302.391,-10483,Dpoints
551239.3105,7817736.09,-10199.59961,Dpoints
550401.8105,7818224.109,-10369.7002,Dpoints
551414.3105,7820138.648,-10321.09961,Dpoints
549026.8105,7817905.02,-10405.40039,Dpoints
550739.3105,7819688.168,-10086.59961,Dpoints
550701.8105,7817717.32,-10050.90039,Dpoints
548889.3105,7820570.359,-10334.90039,Dpoints
551814.3105,7820833.141,-10544.29981,Dpoints
550301.8105,7821809.18,-10507.09961,Dpoints
549989.3105,7820082.34,-9783.580078,Dpoints
550126.8105,7818280.418,-10407.2002,Dpoints
552289.3105,7820945.758,-10506.59961,Dpoints
552251.8105,7821696.559,-10206.29981,Dpoints
550626.8105,7818336.73,-10378,Dpoints
551614.3105,7820851.91,-10532.90039,Dpoints
551801.8105,7818881.059,-10237.90039,Dpoints
550876.8105,7821039.609,-10491,Dpoints
552164.3105,7817548.387,-10020.59961,Dpoints
551889.3105,7819012.449,-10204,Dpoints
552251.8105,7817698.547,-10017.2002,Dpoints
551414.3105,7818824.75,-10354.79981,Dpoints
550664.3105,7821752.867,-10558.09961,Dpoints
552264.3105,7817623.469,-9996.080078,Dpoints
550739.3105,7819913.41,-9994.120117,Dpoints
550001.8105,7820326.348,-9823.139648,Dpoints
551514.3105,7819162.609,-10269.09961,Dpoints
552339.3105,7820945.758,-10480.90039,Dpoints
552326.8105,7817942.559,-10048.2002,Dpoints
549789.3105,7819218.918,-10185.29981,Dpoints
549014.3105,7816797.59,-10516.59961,Dpoints
550939.3105,7820176.188,-10178,Dpoints
551064.3105,7816872.668,-10265,Dpoints
551939.3105,7818524.43,-10001.40039,Dpoints
550439.3105,7818355.5,-10366.5,Dpoints
551789.3105,7820345.121,-9738.650391,Dpoints
551426.8105,7819875.867,-10382.90039,Dpoints
549189.3105,7817848.711,-10194.40039,Dpoints
550464.3105,7816816.359,-10240.59961,Dpoints
551089.3105,7816703.738,-10281.40039,Dpoints
551164.3105,7820345.121,-10296,Dpoints
549876.8105,7817154.219,-10264.40039,Dpoints
551476.8105,7819331.539,-10414.79981,Dpoints
551401.8105,7821752.867,-10355.5,Dpoints
549539.3105,7818224.109,-10340.7002,Dpoints
549801.8105,7817004.059,-10242.7002,Dpoints
550601.8105,7821734.102,-10553,Dpoints
549726.8105,7817679.777,-10304,Dpoints
550851.8105,7821189.77,-10582,Dpoints
551264.3105,7817661.008,-10139.40039,Dpoints
548901.8105,7818411.809,-10417.40039,Dpoints
550776.8105,7820176.188,-9845.679688,Dpoints
549151.8105,7818149.027,-10465.79981,Dpoints
549601.8105,7821490.09,-10386.29981,Dpoints
550489.3105,7821790.41,-10536.5,Dpoints
551189.3105,7818937.367,-10457.79981,Dpoints
552151.8105,7817360.688,-9987.419922,Dpoints
550664.3105,7821339.93,-10584.7002,Dpoints
551664.3105,7819932.18,-9976.030273,Dpoints
549914.3105,7819181.379,-10259.5,Dpoints
550501.8105,7821752.867,-10544.90039,Dpoints
551539.3105,7820194.961,-10154.2002,Dpoints
551851.8105,7818430.578,-10009.90039,Dpoints
549489.3105,7821415.008,-10378.59961,Dpoints
550439.3105,7821114.691,-10426.29981,Dpoints
549539.3105,7819425.391,-10327.59961,Dpoints
551501.8105,7819087.527,-10238.79981,Dpoints
550726.8105,7821077.148,-10412.59961,Dpoints
551076.8105,7821621.48,-10514.7002,Dpoints
549801.8105,7818468.117,-10061.79981,Dpoints
551489.3105,7819725.711,-10423.90039,Dpoints
552014.3105,7819406.617,-10221.59961,Dpoints
552189.3105,7820063.57,-9848.099609,Dpoints
550526.8105,7816928.98,-10238.7002,Dpoints
551951.8105,7818486.891,-10004.2002,Dpoints
552051.8105,7820945.758,-10576.29981,Dpoints
550776.8105,7818073.949,-10227.90039,Dpoints
548976.8105,7820908.219,-10329,Dpoints
548876.8105,7821095.918,-10306.59961,Dpoints
550876.8105,7816666.199,-10290.2002,Dpoints
551951.8105,7821471.32,-10427.29981,Dpoints
550476.8105,7818693.359,-10325.90039,Dpoints
552239.3105,7820063.57,-9926.200195,Dpoints
550001.8105,7816835.129,-10120.5,Dpoints
549476.8105,7821471.32,-10375.90039,Dpoints
550889.3105,7818036.41,-10201.09961,Dpoints
549889.3105,7818993.68,-10263.90039,Dpoints
551601.8105,7819688.168,-10379.29981,Dpoints
550501.8105,7817717.32,-10250.40039,Dpoints
550051.8105,7821415.008,-10469.7002,Dpoints
552414.3105,7820870.68,-10436.09961,Dpoints
549339.3105,7819481.699,-10472.09961,Dpoints
550151.8105,7821339.93,-10499.2002,Dpoints
549314.3105,7818749.668,-10224.09961,Dpoints
550001.8105,7817717.32,-10385.09961,Dpoints
550139.3105,7817079.141,-9869.480469,Dpoints
552389.3105,7816872.668,-9700.589844,Dpoints
549826.8105,7818674.59,-9833.200195,Dpoints
550351.8105,7820476.508,-9714.129883,Dpoints
551201.8105,7820851.91,-10483.09961,Dpoints
549714.3105,7821321.16,-10411.5,Dpoints
550976.8105,7821283.617,-10618.2002,Dpoints
549214.3105,7821283.617,-10344.7002,Dpoints
550801.8105,7820664.211,-9986.349609,Dpoints
549851.8105,7818599.508,-9894.030273,Dpoints
548889.3105,7818655.82,-10449,Dpoints
551514.3105,7821565.168,-10347.90039,Dpoints
549951.8105,7818580.738,-10096.29981,Dpoints
552339.3105,7816910.207,-9765.5,Dpoints
550076.8105,7818336.73,-10392.29981,Dpoints
550614.3105,7817623.469,-10215.40039,Dpoints
550626.8105,7820626.668,-9727.679688,Dpoints
549701.8105,7817323.148,-10162.90039,Dpoints
550126.8105,7817548.387,-10332.79981,Dpoints
551051.8105,7818993.68,-10373,Dpoints
549639.3105,7819312.77,-10190.5,Dpoints
550839.3105,7820288.809,-9928.290039,Dpoints
551989.3105,7820101.109,-9590.860352,Dpoints
550851.8105,7818468.117,-10370.59961,Dpoints
551226.8105,7819312.77,-10476.40039,Dpoints
551414.3105,7820063.57,-10322.59961,Dpoints
549376.8105,7818543.199,-10166.40039,Dpoints
552251.8105,7820476.508,-10114.59961,Dpoints
549214.3105,7818561.969,-10380,Dpoints
549726.8105,7820251.27,-10209.40039,Dpoints
551751.8105,7821827.949,-9966.089844,Dpoints
550614.3105,7821339.93,-10573.09961,Dpoints
552151.8105,7821415.008,-10418.7002,Dpoints
548901.8105,7820795.598,-10321.7002,Dpoints
549551.8105,7819538.008,-10379.09961,Dpoints
551901.8105,7821189.77,-10527.79981,Dpoints
551476.8105,7817097.91,-10117.09961,Dpoints
550639.3105,7821696.559,-10563.40039,Dpoints
550614.3105,7820101.109,-9705.05957,Dpoints
550976.8105,7818918.598,-10347.79981,Dpoints
552439.3105,7821302.391,-10286.29981,Dpoints
550026.8105,7816778.816,-10146.29981,Dpoints
550664.3105,7821827.949,-10548.2002,Dpoints
549226.8105,7819049.988,-10458.5,Dpoints
549426.8105,7821471.32,-10375.7002,Dpoints
549314.3105,7821696.559,-10360.59961,Dpoints
550776.8105,7820607.898,-9881.950195,Dpoints
548989.3105,7820964.531,-10328.5,Dpoints
550651.8105,7817773.629,-10071.29981,Dpoints
549364.3105,7821415.008,-10367.90039,Dpoints
552114.3105,7819744.48,-10136.90039,Dpoints
549939.3105,7817229.301,-10254.7002,Dpoints
549339.3105,7820889.449,-10378.2002,Dpoints
551014.3105,7819519.238,-10284.2002,Dpoints
551476.8105,7821771.641,-10272.29981,Dpoints
551114.3105,7821283.617,-10549.7002,Dpoints
549626.8105,7820682.98,-10430.2002,Dpoints
549276.8105,7821227.309,-10351.79981,Dpoints
551101.8105,7819256.457,-10338.59961,Dpoints
549239.3105,7818468.117,-10407.59961,Dpoints
550989.3105,7820570.359,-10285.2002,Dpoints
552326.8105,7817285.609,-9796.610352,Dpoints
550701.8105,7817792.398,-10014.59961,Dpoints
552376.8105,7816666.199,-9814.75,Dpoints
550389.3105,7818355.5,-10364.7002,Dpoints
551989.3105,7821396.238,-10472.09961,Dpoints
551789.3105,7818355.5,-10054.7002,Dpoints
550889.3105,7816760.051,-10286.29981,Dpoints
551526.8105,7821752.867,-10231.2002,Dpoints
549839.3105,7818149.027,-10409.7002,Dpoints
550189.3105,7816910.207,-9882.629883,Dpoints
550451.8105,7820213.73,-9621.349609,Dpoints
551064.3105,7819500.469,-10339.59961,Dpoints
552276.8105,7820570.359,-10267.29981,Dpoints
549226.8105,7821790.41,-10360.5,Dpoints
552114.3105,7817905.02,-10064.59961,Dpoints
551389.3105,7820664.211,-10409.09961,Dpoints
552364.3105,7817792.398,-9994.280273,Dpoints
550414.3105,7818167.797,-10365,Dpoints
551064.3105,7819331.539,-10278.79981,Dpoints
551889.3105,7820363.887,-9708.269531,Dpoints
550464.3105,7820363.887,-9655.669922,Dpoints
550326.8105,7820307.578,-9628.80957,Dpoints
549826.8105,7819875.867,-10133.5,Dpoints
550164.3105,7818637.047,-10416.79981,Dpoints
550151.8105,7818730.898,-10435.7002,Dpoints
550489.3105,7818618.281,-10347.5,Dpoints
551426.8105,7817773.629,-10107.59961,Dpoints
549689.3105,7820420.199,-10338.79981,Dpoints
549689.3105,7820626.668,-10410.59961,Dpoints
552051.8105,7820251.27,-9637.799805,Dpoints
550789.3105,7821133.457,-10507.2002,Dpoints
549326.8105,7819162.609,-10458.79981,Dpoints
552301.8105,7818092.719,-10066.5,Dpoints
549639.3105,7821264.848,-10407,Dpoints
549264.3105,7818017.637,-10472.29981,Dpoints
551576.8105,7819275.23,-10285.40039,Dpoints
551614.3105,7821452.551,-10416,Dpoints
551851.8105,7818712.129,-10070.2002,Dpoints
549089.3105,7821095.918,-10335.29981,Dpoints
550064.3105,7820401.43,-9803,Dpoints
550326.8105,7816947.75,-9911.959961,Dpoints
550914.3105,7820495.281,-10125.2002,Dpoints
552064.3105,7818730.898,-10019.90039,Dpoints
551551.8105,7820908.219,-10486.90039,Dpoints
551601.8105,7820983.297,-10470.90039,Dpoints
550651.8105,7816778.816,-10346.29981,Dpoints
550751.8105,7821283.617,-10583.40039,Dpoints
550351.8105,7820645.438,-9757.69043,Dpoints
550139.3105,7818599.508,-10399.90039,Dpoints
550926.8105,7819875.867,-10196.2002,Dpoints
549314.3105,7819125.07,-10453.09961,Dpoints
551389.3105,7820758.059,-10451,Dpoints
549639.3105,7820476.508,-10398.09961,Dpoints
550401.8105,7819800.789,-10036.09961,Dpoints
550276.8105,7820251.27,-9595.419922,Dpoints
549164.3105,7819049.988,-10464.40039,Dpoints
551889.3105,7820044.801,-9588.320313,Dpoints
549676.8105,7820232.5,-10259.40039,Dpoints
550601.8105,7817454.539,-10262,Dpoints
550001.8105,7821339.93,-10472.09961,Dpoints
549576.8105,7820138.648,-10348,Dpoints
548901.8105,7820664.211,-10329.40039,Dpoints
550676.8105,7818486.891,-10370.7002,Dpoints
549351.8105,7818862.289,-10241.09961,Dpoints
550951.8105,7817398.227,-10237.29981,Dpoints
549451.8105,7817585.93,-9831.230469,Dpoints
552351.8105,7817867.48,-10023.7002,Dpoints
549851.8105,7816891.438,-10216.90039,Dpoints
551714.3105,7817060.367,-10088.5,Dpoints
550489.3105,7817417,-10271.90039,Dpoints
552026.8105,7819049.988,-10034.40039,Dpoints
551864.3105,7821546.398,-10384.09961,Dpoints
550276.8105,7819688.168,-10149.09961,Dpoints
549901.8105,7820701.75,-10308.7002,Dpoints
551226.8105,7819181.379,-10415.29981,Dpoints
551476.8105,7818918.598,-10274.09961,Dpoints
550664.3105,7816741.277,-10346.59961,Dpoints
552001.8105,7818317.957,-10020.29981,Dpoints
550426.8105,7820251.27,-9615.139648,Dpoints
549876.8105,7818674.59,-9919.339844,Dpoints
549476.8105,7820213.73,-10424.29981,Dpoints
550739.3105,7816666.199,-10306.7002,Dpoints
551989.3105,7821452.551,-10441.79981,Dpoints
551639.3105,7819068.758,-10296.79981,Dpoints
550814.3105,7817266.84,-10265.7002,Dpoints
552439.3105,7820720.52,-10438.2002,Dpoints
550289.3105,7820345.121,-9630.759766,Dpoints
550126.8105,7818712.129,-10420.40039,Dpoints
550876.8105,7821752.867,-10568.5,Dpoints
549726.8105,7819125.07,-10205,Dpoints
549726.8105,7817417,-10198.7002,Dpoints
549864.3105,7819782.02,-10233.59961,Dpoints
549414.3105,7820157.418,-10429,Dpoints
551639.3105,7817905.02,-10130.29981,Dpoints
550989.3105,7817398.227,-10229.7002,Dpoints
550464.3105,7816891.438,-10178.59961,Dpoints
551739.3105,7820889.449,-10553.59961,Dpoints
551664.3105,7821433.781,-10432.90039,Dpoints
548889.3105,7820701.75,-10326.2002,Dpoints
550714.3105,7816947.75,-10308.29981,Dpoints
550514.3105,7818486.891,-10362,Dpoints
550389.3105,7818430.578,-10346,Dpoints
550239.3105,7818599.508,-10396.90039,Dpoints
549539.3105,7821433.781,-10382.59961,Dpoints
550789.3105,7820739.289,-10042.40039,Dpoints
550339.3105,7816985.289,-9909.459961,Dpoints
549739.3105,7820495.281,-10324.5,Dpoints
550139.3105,7817154.219,-9944.849609,Dpoints
550014.3105,7817285.609,-10233.2002,Dpoints
550464.3105,7819800.789,-10024.90039,Dpoints
550739.3105,7818505.66,-10373.40039,Dpoints
549464.3105,7819913.41,-10450.5,Dpoints
552126.8105,7821659.02,-10257.29981,Dpoints
550351.8105,7821734.102,-10526.29981,Dpoints
549364.3105,7820026.027,-10474.40039,Dpoints
550151.8105,7820889.449,-10312,Dpoints
551726.8105,7820288.809,-9758.339844,Dpoints
551376.8105,7817623.469,-10082.29981,Dpoints
550501.8105,7817041.598,-10188.29981,Dpoints
549739.3105,7818299.188,-10343.5,Dpoints
552026.8105,7817435.77,-10042.79981,Dpoints
551076.8105,7817867.48,-10315.40039,Dpoints
549564.3105,7818411.809,-10191.7002,Dpoints
549514.3105,7818036.41,-10375.59961,Dpoints
551939.3105,7818599.508,-10021.40039,Dpoints
549114.3105,7821189.77,-10333.29981,Dpoints
550989.3105,7818768.438,-10326.79981,Dpoints
549539.3105,7821546.398,-10379,Dpoints
549764.3105,7817004.059,-10260.7002,Dpoints
550664.3105,7816835.129,-10344.7002,Dpoints
550914.3105,7819519.238,-10148.2002,Dpoints
551926.8105,7820194.961,-9563.589844,Dpoints
552314.3105,7816966.52,-9791.69043,Dpoints
551664.3105,7820983.297,-10490.09961,Dpoints
549476.8105,7821339.93,-10378,Dpoints
551676.8105,7818580.738,-10164.59961,Dpoints
549214.3105,7819312.77,-10456.59961,Dpoints
550814.3105,7817323.148,-10275.7002,Dpoints
550601.8105,7819800.789,-10045,Dpoints
551376.8105,7819369.078,-10439.29981,Dpoints
552226.8105,7820589.129,-10258.5,Dpoints
550189.3105,7820682.98,-9904.790039,Dpoints
551701.8105,7818805.98,-10305.7002,Dpoints
549901.8105,7817229.301,-10277.59961,Dpoints
551551.8105,7818730.898,-10316.09961,Dpoints
550614.3105,7817567.16,-10242.40039,Dpoints
551276.8105,7819237.688,-10404.59961,Dpoints
550939.3105,7820570.359,-10211,Dpoints
549164.3105,7819106.301,-10459.59961,Dpoints
549714.3105,7817135.449,-10262.79981,Dpoints
550826.8105,7820438.969,-9886.900391,Dpoints
550851.8105,7820382.66,-9942.540039,Dpoints
550501.8105,7817585.93,-10287.79981,Dpoints
550251.8105,7820851.91,-10144.59961,Dpoints
549389.3105,7821283.617,-10364,Dpoints
551601.8105,7820101.109,-10018.5,Dpoints
550614.3105,7816853.898,-10329.40039,Dpoints
550614.3105,7820326.348,-9630.349609,Dpoints
549201.8105,7818017.637,-10464.79981,Dpoints
549689.3105,7817923.789,-10371,Dpoints
550864.3105,7820814.371,-10282.40039,Dpoints
549976.8105,7818505.66,-10226.59961,Dpoints
549839.3105,7817229.301,-10289.7002,Dpoints
550189.3105,7819143.84,-10055.09961,Dpoints
550001.8105,7820814.371,-10309.2002,Dpoints
548989.3105,7817567.16,-9939.610352,Dpoints
551326.8105,7820776.828,-10453.90039,Dpoints
550664.3105,7820382.66,-9641.169922,Dpoints
550076.8105,7818956.141,-10334.40039,Dpoints
550226.8105,7820964.531,-10335.09961,Dpoints
552214.3105,7817341.918,-9939.730469,Dpoints
550614.3105,7819988.488,-9807.450195,Dpoints
549389.3105,7818336.73,-10414.59961,Dpoints
551526.8105,7821508.859,-10379.5,Dpoints
549901.8105,7819932.18,-10005.40039,Dpoints
550876.8105,7820964.531,-10429.79981,Dpoints
549789.3105,7818149.027,-10402.09961,Dpoints
550839.3105,7818693.359,-10331.79981,Dpoints
552264.3105,7817304.379,-9884.129883,Dpoints
551289.3105,7818899.828,-10385.59961,Dpoints
549951.8105,7820514.051,-10053.79981,Dpoints
550439.3105,7820307.578,-9627.740234,Dpoints
551139.3105,7819237.688,-10387,Dpoints
549939.3105,7818674.59,-10046.7002,Dpoints
549326.8105,7819688.168,-10473.40039,Dpoints
551151.8105,7821377.469,-10511.29981,Dpoints
550064.3105,7820870.68,-10318.09961,Dpoints
550714.3105,7818224.109,-10334.29981,Dpoints
550689.3105,7818543.199,-10364.7002,Dpoints
551389.3105,7821264.848,-10481,Dpoints
550339.3105,7820232.5,-9624.900391,Dpoints
552451.8105,7821715.328,-10156.7002,Dpoints
552164.3105,7820438.969,-9970.780273,Dpoints
549801.8105,7818017.637,-10405.40039,Dpoints
551026.8105,7819331.539,-10202,Dpoints
550676.8105,7819950.949,-9904.540039,Dpoints
552076.8105,7818768.438,-10020.5,Dpoints
550239.3105,7818017.637,-10394.79981,Dpoints
552126.8105,7819688.168,-10166.5,Dpoints
551126.8105,7819519.238,-10419.7002,Dpoints
550326.8105,7820026.027,-9702.490234,Dpoints
552439.3105,7821002.07,-10437.29981,Dpoints
552389.3105,7817529.617,-9855.269531,Dpoints
551626.8105,7819594.32,-10442.5,Dpoints
549976.8105,7817792.398,-10396.29981,Dpoints
549539.3105,7821490.09,-10379.59961,Dpoints
551214.3105,7817792.398,-10265.90039,Dpoints
551814.3105,7817998.871,-10078.40039,Dpoints
550501.8105,7818261.648,-10367.7002,Dpoints
549426.8105,7817923.789,-10352.2002,Dpoints
549264.3105,7818411.809,-10429.90039,Dpoints
549464.3105,7818486.891,-10109,Dpoints
549839.3105,7819218.918,-10212.79981,Dpoints
551376.8105,7818881.059,-10351,Dpoints
551101.8105,7819406.617,-10351.2002,Dpoints
550764.3105,7819575.551,-10004,Dpoints
550664.3105,7818299.188,-10377.29981,Dpoints
551826.8105,7821471.32,-10421.59961,Dpoints
552314.3105,7817867.48,-10036.29981,Dpoints
552126.8105,7820645.438,-10361.90039,Dpoints
550776.8105,7820889.449,-10240.59961,Dpoints
551176.8105,7819143.84,-10395,Dpoints
551601.8105,7821264.848,-10455.2002,Dpoints
551139.3105,7821208.539,-10536.09961,Dpoints
549501.8105,7817679.777,-10090.5,Dpoints
549139.3105,7818393.039,-10435.79981,Dpoints
550401.8105,7816891.438,-10070.90039,Dpoints
549476.8105,7821208.539,-10382.7002,Dpoints
551501.8105,7817604.699,-10091.79981,Dpoints
552351.8105,7817736.09,-9983.549805,Dpoints
550951.8105,7819556.777,-10238.40039,Dpoints
550701.8105,7819782.02,-10044.90039,Dpoints
550476.8105,7819857.098,-9950.929688,Dpoints
552314.3105,7821752.867,-10151.7002,Dpoints
549751.8105,7820401.43,-10245.09961,Dpoints
550751.8105,7816947.75,-10300.59961,Dpoints
549951.8105,7820645.438,-10186.2002,Dpoints
551526.8105,7819218.918,-10267.5,Dpoints
548926.8105,7821095.918,-10309,Dpoints
551064.3105,7821264.848,-10581.09961,Dpoints
549401.8105,7821246.078,-10367.40039,Dpoints
550126.8105,7820776.828,-10168,Dpoints
550289.3105,7817097.91,-9899.799805,Dpoints
551414.3105,7821677.789,-10379.40039,Dpoints
549464.3105,7818036.41,-10417.40039,Dpoints
552051.8105,7818899.828,-10014.2002,Dpoints
550014.3105,7820926.988,-10431.7002,Dpoints
548889.3105,7820889.449,-10311,Dpoints
549964.3105,7816872.668,-10115.79981,Dpoints
551014.3105,7817623.469,-10210.7002,Dpoints
549851.8105,7818205.34,-10400.79981,Dpoints
549951.8105,7818280.418,-10385.79981,Dpoints
551901.8105,7820307.578,-9643.549805,Dpoints
549464.3105,7818712.129,-9965.080078,Dpoints
549226.8105,7820870.68,-10366.2002,Dpoints
552089.3105,7821583.941,-10344.7002,Dpoints
551414.3105,7821827.949,-10321.40039,Dpoints
549101.8105,7819068.758,-10455.59961,Dpoints
551089.3105,7821752.867,-10524.90039,Dpoints
552389.3105,7820589.129,-10366.40039,Dpoints
549389.3105,7818449.348,-10278.09961,Dpoints
552439.3105,7817829.938,-9974.349609,Dpoints
550951.8105,7820645.438,-10279.7002,Dpoints
549789.3105,7818768.438,-9816.759766,Dpoints
551489.3105,7820908.219,-10464.59961,Dpoints
551689.3105,7818693.359,-10260,Dpoints
549339.3105,7819819.559,-10468.40039,Dpoints
550239.3105,7818730.898,-10449.59961,Dpoints
549789.3105,7818317.957,-10332.59961,Dpoints
550614.3105,7820044.801,-9751.580078,Dpoints
551839.3105,7820420.199,-9799.410156,Dpoints
551964.3105,7816741.277,-10032.90039,Dpoints
552439.3105,7820945.758,-10431.7002,Dpoints
549889.3105,7820363.887,-9963.269531,Dpoints
550414.3105,7818655.82,-10332.79981,Dpoints
550914.3105,7820251.27,-10113.5,Dpoints
550776.8105,7817698.547,-10076.2002,Dpoints
549489.3105,7819049.988,-10296.09961,Dpoints
552389.3105,7820945.758,-10455,Dpoints
551151.8105,7821659.02,-10493.90039,Dpoints
552089.3105,7818468.117,-10008.40039,Dpoints
551476.8105,7819031.219,-10227,Dpoints
550851.8105,7819950.949,-10107.7002,Dpoints
550839.3105,7820720.52,-10122.40039,Dpoints
550401.8105,7816741.277,-10281.7002,Dpoints
550464.3105,7820589.129,-9720.639648,Dpoints
550001.8105,7819650.629,-10237.40039,Dpoints
550989.3105,7817060.367,-10240,Dpoints
550226.8105,7819538.008,-10171.2002,Dpoints
549339.3105,7818167.797,-10454,Dpoints
552276.8105,7818186.57,-10059.5,Dpoints
550976.8105,7820926.988,-10499.29981,Dpoints
549451.8105,7819087.527,-10367.7002,Dpoints
550314.3105,7820607.898,-9744.799805,Dpoints
549226.8105,7821583.941,-10350.5,Dpoints
551526.8105,7820438.969,-10305.40039,Dpoints
549501.8105,7818355.5,-10300.5,Dpoints
550201.8105,7820026.027,-9712.240234,Dpoints
550826.8105,7821508.859,-10591.79981,Dpoints
549026.8105,7817567.16,-9872.009766,Dpoints
551114.3105,7816835.129,-10262.09961,Dpoints
550989.3105,7819819.559,-10281.90039,Dpoints
550001.8105,7818092.719,-10428.59961,Dpoints
549914.3105,7818374.27,-10301.59961,Dpoints
551501.8105,7820288.809,-10254.29981,Dpoints
550151.8105,7819650.629,-10173.40039,Dpoints
549126.8105,7817473.309,-9687.80957,Dpoints
551726.8105,7818937.367,-10291.59961,Dpoints
552264.3105,7818524.43,-10023.09961,Dpoints
550464.3105,7821640.25,-10547.40039,Dpoints
552026.8105,7819594.32,-10252.7002,Dpoints
550601.8105,7821809.18,-10536.2002,Dpoints
551826.8105,7820044.801,-9609.759766,Dpoints
549476.8105,7819950.949,-10430.2002,Dpoints
550801.8105,7817379.461,-10277,Dpoints
552026.8105,7820476.508,-9854.889648,Dpoints
552089.3105,7818524.43,-10005.79981,Dpoints
552301.8105,7821827.949,-10111.5,Dpoints
550664.3105,7821114.691,-10418.40039,Dpoints
552101.8105,7820307.578,-9725.589844,Dpoints
550114.3105,7819613.09,-10206.2002,Dpoints
550776.8105,7817867.48,-9994.419922,Dpoints
549801.8105,7819068.758,-10215,Dpoints
550639.3105,7818167.797,-10330.29981,Dpoints
549439.3105,7819406.617,-10389.79981,Dpoints
551339.3105,7819312.77,-10412.09961,Dpoints
549801.8105,7817435.77,-10308.7002,Dpoints
552426.8105,7818768.438,-10024.79981,Dpoints
551664.3105,7820213.73,-9835.599609,Dpoints
548889.3105,7818280.418,-10405.79981,Dpoints
552101.8105,7818092.719,-10056.40039,Dpoints
550664.3105,7820664.211,-9773.230469,Dpoints
550776.8105,7821058.379,-10423.90039,Dpoints
551751.8105,7819988.488,-9742.129883,Dpoints
550376.8105,7820814.371,-9926.830078,Dpoints
549614.3105,7819462.93,-10261,Dpoints
549401.8105,7821827.949,-10359.7002,Dpoints
550364.3105,7818712.129,-10332.90039,Dpoints
549851.8105,7817417,-10342.40039,Dpoints
549739.3105,7819162.609,-10201.29981,Dpoints
551989.3105,7818599.508,-10009.90039,Dpoints
550926.8105,7818768.438,-10329.2002,Dpoints
549301.8105,7819763.25,-10466,Dpoints
552289.3105,7820664.211,-10427.29981,Dpoints
550064.3105,7819387.852,-10218.5,Dpoints
552214.3105,7819725.711,-10123.7002,Dpoints
552114.3105,7820251.27,-9704.339844,Dpoints
551951.8105,7819575.551,-10259,Dpoints
551726.8105,7821321.16,-10479.5,Dpoints
551751.8105,7820420.199,-9854.990234,Dpoints
548889.3105,7819538.008,-10419.59961,Dpoints
552039.3105,7819932.18,-9816.490234,Dpoints
552289.3105,7821302.391,-10306.59961,Dpoints
551864.3105,7820401.43,-9757.900391,Dpoints
552076.8105,7821189.77,-10536.79981,Dpoints
550101.8105,7819932.18,-9835.049805,Dpoints
552139.3105,7819782.02,-10112.59961,Dpoints
549914.3105,7820119.879,-9856.900391,Dpoints
549339.3105,7820833.141,-10380.79981,Dpoints
550739.3105,7821133.457,-10481.90039,Dpoints
551389.3105,7817060.367,-10110.59961,Dpoints
552164.3105,7819950.949,-9936.830078,Dpoints
550889.3105,7818768.438,-10330.5,Dpoints
551051.8105,7819068.758,-10327,Dpoints
552439.3105,7816666.199,-9743.879883,Dpoints
551714.3105,7819913.41,-9851.55957,Dpoints
549914.3105,7821227.309,-10471,Dpoints
549451.8105,7820701.75,-10411.40039,Dpoints
551101.8105,7816985.289,-10225.59961,Dpoints
552339.3105,7818017.637,-10059,Dpoints
550739.3105,7819838.328,-10034.59961,Dpoints
551989.3105,7821583.941,-10367.09961,Dpoints
550076.8105,7820758.059,-10178.09961,Dpoints
549614.3105,7821377.469,-10394.90039,Dpoints
552251.8105,7821471.32,-10303.7002,Dpoints
549026.8105,7818073.949,-10434.2002,Dpoints
551651.8105,7819706.938,-10312.29981,Dpoints
551976.8105,7818899.828,-10036.90039,Dpoints
551526.8105,7817060.367,-10123,Dpoints
548976.8105,7818637.047,-10463.90039,Dpoints
552376.8105,7817942.559,-10037.40039,Dpoints
552001.8105,7820213.73,-9606.469727,Dpoints
550064.3105,7819087.527,-10280,Dpoints
549489.3105,7820645.438,-10417.59961,Dpoints
551864.3105,7821827.949,-9886.049805,Dpoints
549539.3105,7821659.02,-10382.79981,Dpoints
551339.3105,7819031.219,-10277.09961,Dpoints
550226.8105,7818055.18,-10398.2002,Dpoints
548939.3105,7817510.848,-10001,Dpoints
552426.8105,7817417,-9756.610352,Dpoints
552339.3105,7820288.809,-10073.09961,Dpoints
549926.8105,7819706.938,-10241,Dpoints
549226.8105,7821846.719,-10356.90039,Dpoints
550814.3105,7817510.848,-10246.09961,Dpoints
550739.3105,7816760.051,-10308.7002,Dpoints
550951.8105,7820495.281,-10207.40039,Dpoints
549276.8105,7818374.27,-10440.79981,Dpoints
549289.3105,7819350.309,-10463,Dpoints
550189.3105,7817548.387,-10332.90039,Dpoints
552301.8105,7817717.32,-10003.90039,Dpoints
549064.3105,7821039.609,-10337.79981,Dpoints
551389.3105,7821490.09,-10480.7002,Dpoints
550376.8105,7819688.168,-10135.79981,Dpoints
549726.8105,7819913.41,-10211.09961,Dpoints
549401.8105,7820814.371,-10392.5,Dpoints
549476.8105,7818280.418,-10376.5,Dpoints
549176.8105,7821302.391,-10341.40039,Dpoints
550026.8105,7818824.75,-10353.7002,Dpoints
550676.8105,7817341.918,-10271,Dpoints
550514.3105,7821659.02,-10554,Dpoints
550301.8105,7821020.84,-10351.2002,Dpoints
551864.3105,7818486.891,-10003.09961,Dpoints
551151.8105,7817905.02,-10306,Dpoints
551776.8105,7820382.66,-9792.179688,Dpoints
549926.8105,7817154.219,-10225.29981,Dpoints
551726.8105,7817567.16,-10093.59961,Dpoints
551614.3105,7819988.488,-10072.79981,Dpoints
550489.3105,7821846.719,-10527.90039,Dpoints
548889.3105,7817829.938,-10382,Dpoints
551526.8105,7821415.008,-10413.5,Dpoints
549101.8105,7817923.789,-10389.7002,Dpoints
551101.8105,7817961.328,-10281.79981,Dpoints
550076.8105,7817567.16,-10340,Dpoints
552364.3105,7819932.18,-10098.59961,Dpoints
552151.8105,7821339.93,-10447.40039,Dpoints
550389.3105,7820739.289,-9829.129883,Dpoints
550414.3105,7818036.41,-10342.79981,Dpoints
552414.3105,7817773.629,-9958.019531,Dpoints
551151.8105,7817248.07,-10163.59961,Dpoints
550951.8105,7821339.93,-10620.40039,Dpoints
550876.8105,7820495.281,-10032.79981,Dpoints
550901.8105,7818449.348,-10345.59961,Dpoints
549614.3105,7820438.969,-10404.40039,Dpoints
552376.8105,7818374.27,-10049,Dpoints
551601.8105,7819049.988,-10282.59961,Dpoints
552039.3105,7818393.039,-10013.90039,Dpoints
551526.8105,7818918.598,-10270.5,Dpoints
549501.8105,7819256.457,-10353.5,Dpoints
550514.3105,7821583.941,-10556.59961,Dpoints
551064.3105,7817811.168,-10261.29981,Dpoints
550901.8105,7817773.629,-10127.40039,Dpoints
550489.3105,7821715.328,-10550.2002,Dpoints
550476.8105,7820889.449,-10042.29981,Dpoints
549651.8105,7821302.391,-10405.7002,Dpoints
549614.3105,7820851.91,-10428.79981,Dpoints
550814.3105,7819782.02,-10136.90039,Dpoints
550514.3105,7817097.91,-10220.7002,Dpoints
550501.8105,7818561.969,-10356.79981,Dpoints
552039.3105,7820307.578,-9663.849609,Dpoints
550064.3105,7820926.988,-10396,Dpoints
550101.8105,7819481.699,-10239.40039,Dpoints
552176.8105,7818524.43,-10014.59961,Dpoints
551189.3105,7817754.859,-10232.7002,Dpoints
552376.8105,7820720.52,-10454.09961,Dpoints
550464.3105,7821565.168,-10546.90039,Dpoints
550489.3105,7818205.34,-10360.29981,Dpoints
550726.8105,7817135.449,-10240.90039,Dpoints
550614.3105,7819875.867,-9959.790039,Dpoints
551651.8105,7820251.27,-9871.620117,Dpoints
551939.3105,7821114.691,-10533.7002,Dpoints
549614.3105,7819181.379,-10228.09961,Dpoints
551276.8105,7820814.371,-10467.59961,Dpoints
550689.3105,7817304.379,-10267,Dpoints
552101.8105,7818073.949,-10058.7002,Dpoints
549726.8105,7821659.02,-10410.79981,Dpoints
549239.3105,7819143.84,-10469.09961,Dpoints
550901.8105,7820345.121,-10075.40039,Dpoints
552189.3105,7819950.949,-9969.129883,Dpoints
552026.8105,7816928.98,-10032.59961,Dpoints
551076.8105,7817492.078,-10207.7002,Dpoints
550076.8105,7817341.918,-10218.7002,Dpoints
549801.8105,7818580.738,-9846.620117,Dpoints
549339.3105,7819932.18,-10469.90039,Dpoints
551351.8105,7817867.48,-10235.40039,Dpoints
549814.3105,7817097.91,-10268,Dpoints
551139.3105,7817548.387,-10170,Dpoints
550951.8105,7818186.57,-10263.7002,Dpoints
550751.8105,7817473.309,-10260.7002,Dpoints
549776.8105,7818092.719,-10403.29981,Dpoints
550326.8105,7817829.938,-10353.29981,Dpoints
551164.3105,7817492.078,-10179.7002,Dpoints
552426.8105,7816722.508,-9728.799805,Dpoints
550301.8105,7818374.27,-10371,Dpoints
550239.3105,7819800.789,-10075.7002,Dpoints
549189.3105,7817417,-9604.959961,Dpoints
550701.8105,7818805.98,-10284.09961,Dpoints
549664.3105,7818862.289,-9848.080078,Dpoints
551764.3105,7816741.277,-10146.09961,Dpoints
552239.3105,7818730.898,-10011,Dpoints
549726.8105,7821396.238,-10414.7002,Dpoints
552214.3105,7821827.949,-10046.29981,Dpoints
551714.3105,7820345.121,-9825.839844,Dpoints
549889.3105,7820889.449,-10457.5,Dpoints
552364.3105,7821227.309,-10318.90039,Dpoints
551376.8105,7817754.859,-10119,Dpoints
550214.3105,7820889.449,-10249.59961,Dpoints
551164.3105,7817717.32,-10177.59961,Dpoints
548876.8105,7820157.418,-10401.29981,Dpoints
550139.3105,7819312.77,-10103.5,Dpoints
550901.8105,7818618.281,-10344.5,Dpoints
550914.3105,7820401.43,-10105.2002,Dpoints
549176.8105,7816760.051,-10489.09961,Dpoints
551851.8105,7818374.27,-10019.79981,Dpoints
549239.3105,7818505.66,-10386.2002,Dpoints
550426.8105,7820739.289,-9815.719727,Dpoints
549339.3105,7821527.629,-10365,Dpoints
550439.3105,7819688.168,-10136.90039,Dpoints
549464.3105,7819181.379,-10393.40039,Dpoints
552364.3105,7818824.75,-9974.959961,Dpoints
552214.3105,7818580.738,-10014.2002,Dpoints
549764.3105,7817079.141,-10271.2002,Dpoints
551314.3105,7817323.148,-10107.2002,Dpoints
552339.3105,7821095.918,-10464.7002,Dpoints
551526.8105,7821452.551,-10402,Dpoints
550676.8105,7818749.668,-10295.29981,Dpoints
551901.8105,7819462.93,-10235.29981,Dpoints
551326.8105,7817867.48,-10291.7002,Dpoints
552001.8105,7819875.867,-9841.459961,Dpoints
551976.8105,7820833.141,-10579.79981,Dpoints
550776.8105,7817811.168,-9996.019531,Dpoints
551614.3105,7819331.539,-10319.90039,Dpoints
551151.8105,7819312.77,-10420.59961,Dpoints
550101.8105,7816947.75,-9912.849609,Dpoints
551501.8105,7816666.199,-10134.29981,Dpoints
550751.8105,7817417,-10274.2002,Dpoints
551764.3105,7818637.047,-10140.90039,Dpoints
550639.3105,7820514.051,-9666.099609,Dpoints
549976.8105,7817642.238,-10366.29981,Dpoints
551576.8105,7816778.816,-10140.79981,Dpoints
551789.3105,7819613.09,-10257.90039,Dpoints
550851.8105,7820589.129,-10026.59961,Dpoints
550064.3105,7819575.551,-10244.2002,Dpoints
552039.3105,7818580.738,-10005.90039,Dpoints
550926.8105,7819125.07,-10071.2002,Dpoints
551276.8105,7819031.219,-10343.7002,Dpoints
549839.3105,7820063.57,-9967.240234,Dpoints
551376.8105,7820814.371,-10465.29981,Dpoints
550189.3105,7817210.527,-10010.7002,Dpoints
549401.8105,7819875.867,-10471,Dpoints
549151.8105,7821114.691,-10347.5,Dpoints
550164.3105,7817022.828,-9833.820313,Dpoints
550301.8105,7820720.52,-9865.370117,Dpoints
550489.3105,7821283.617,-10536.7002,Dpoints
552076.8105,7820176.188,-9657.209961,Dpoints
549901.8105,7819444.16,-10182.5,Dpoints
551889.3105,7820457.738,-9838.69043,Dpoints
552014.3105,7817923.789,-10062.90039,Dpoints
549626.8105,7817811.168,-10322.5,Dpoints
552189.3105,7818317.957,-10031.2002,Dpoints
552151.8105,7820551.59,-10171.90039,Dpoints
551026.8105,7821734.102,-10532.7002,Dpoints
551901.8105,7816910.207,-10038,Dpoints
549739.3105,7817998.871,-10393.09961,Dpoints
549739.3105,7819819.559,-10348.7002,Dpoints
550476.8105,7820758.059,-9831.820313,Dpoints
548989.3105,7821077.148,-10320.2002,Dpoints
550264.3105,7820926.988,-10235.79981,Dpoints
552114.3105,7818862.289,-9989.839844,Dpoints
551914.3105,7818712.129,-10017.2002,Dpoints
550076.8105,7817004.059,-9916.990234,Dpoints
552151.8105,7818768.438,-10006.59961,Dpoints
549414.3105,7821621.48,-10371.40039,Dpoints
549901.8105,7818092.719,-10421.79981,Dpoints
549926.8105,7821189.77,-10472.29981,Dpoints
548964.3105,7821002.07,-10319.2002,Dpoints
550214.3105,7820626.668,-9815.259766,Dpoints
551114.3105,7818937.367,-10454.09961,Dpoints
549864.3105,7817642.238,-10356.40039,Dpoints
551614.3105,7820514.051,-10203,Dpoints
550689.3105,7817435.77,-10272.2002,Dpoints
550301.8105,7820926.988,-10203.2002,Dpoints
550064.3105,7819913.41,-9878.719727,Dpoints
551051.8105,7820589.129,-10326.40039,Dpoints
549726.8105,7819744.48,-10443.29981,Dpoints
550251.8105,7817172.988,-9953.290039,Dpoints
550464.3105,7821508.859,-10551,Dpoints
551464.3105,7819950.949,-10304.09961,Dpoints
549451.8105,7821302.391,-10374.29981,Dpoints
552026.8105,7817585.93,-10042.09961,Dpoints
549089.3105,7821171,-10330.2002,Dpoints
549901.8105,7818618.281,-9984.240234,Dpoints
551476.8105,7821827.949,-10268.79981,Dpoints
549189.3105,7817379.461,-9601.389648,Dpoints
550514.3105,7821490.09,-10564.7002,Dpoints
552226.8105,7817886.25,-10054.09961,Dpoints
550876.8105,7820007.258,-10124.40039,Dpoints
550976.8105,7818149.027,-10246.5,Dpoints
549189.3105,7816703.738,-10491.2002,Dpoints
550851.8105,7817829.938,-10059.29981,Dpoints
552314.3105,7818843.52,-9963.429688,Dpoints
551726.8105,7821114.691,-10483.90039,Dpoints
550426.8105,7817060.367,-10034.7002,Dpoints
550764.3105,7818561.969,-10361.09961,Dpoints
550489.3105,7818186.57,-10356.59961,Dpoints
549251.8105,7819181.379,-10469.79981,Dpoints
549689.3105,7821659.02,-10405.59961,Dpoints
551989.3105,7820514.051,-9913.80957,Dpoints
549689.3105,7820682.98,-10427.29981,Dpoints
549176.8105,7821002.07,-10351.2002,Dpoints
549851.8105,7817097.91,-10258.40039,Dpoints
548889.3105,7820420.199,-10392.59961,Dpoints
551576.8105,7819181.379,-10290.09961,Dpoints
549951.8105,7820213.73,-9829.660156,Dpoints
550014.3105,7820514.051,-9913.620117,Dpoints
549089.3105,7817548.387,-9793.719727,Dpoints
549751.8105,7820701.75,-10418,Dpoints
548914.3105,7821020.84,-10307.7002,Dpoints
549426.8105,7821152.23,-10376.7002,Dpoints
551151.8105,7817848.711,-10312,Dpoints
550714.3105,7818186.57,-10321.90039,Dpoints
548876.8105,7820251.27,-10403.90039,Dpoints
550101.8105,7818637.047,-10380.79981,Dpoints
552301.8105,7821527.629,-10258.29981,Dpoints
550826.8105,7819031.219,-9961.219727,Dpoints
551851.8105,7819331.539,-10235.79981,Dpoints
551176.8105,7817097.91,-10177.79981,Dpoints
551539.3105,7820288.809,-10182.5,Dpoints
550064.3105,7817266.84,-10153.7002,Dpoints
550789.3105,7818505.66,-10375.5,Dpoints
550664.3105,7816891.438,-10332.90039,Dpoints
550076.8105,7821602.711,-10457.90039,Dpoints
551714.3105,7816928.98,-10120.2002,Dpoints
552214.3105,7820739.289,-10492.09961,Dpoints
549526.8105,7818618.281,-9889.589844,Dpoints
550239.3105,7818411.809,-10375.79981,Dpoints
549339.3105,7817398.227,-9579.389648,Dpoints
549701.8105,7818055.18,-10385.90039,Dpoints
550839.3105,7818749.668,-10316.7002,Dpoints
549351.8105,7818805.98,-10194.40039,Dpoints
551539.3105,7819462.93,-10449.7002,Dpoints
549351.8105,7821809.18,-10354.7002,Dpoints
550764.3105,7817773.629,-10004.29981,Dpoints
550289.3105,7819763.25,-10109.09961,Dpoints
550976.8105,7819481.699,-10187.59961,Dpoints
552264.3105,7817923.789,-10055.2002,Dpoints
549764.3105,7821433.781,-10423.79981,Dpoints
551326.8105,7820326.348,-10382.90039,Dpoints
550426.8105,7821433.781,-10543.40039,Dpoints
549201.8105,7818411.809,-10439.40039,Dpoints
549914.3105,7820758.059,-10355.79981,Dpoints
551339.3105,7819669.398,-10433.40039,Dpoints
549101.8105,7817886.25,-10334.09961,Dpoints
549276.8105,7817341.918,-9570.849609,Dpoints
549801.8105,7820119.879,-10022.2002,Dpoints
550176.8105,7819012.449,-10179.29981,Dpoints
551001.8105,7819575.551,-10312.40039,Dpoints
549664.3105,7817679.777,-10273.59961,Dpoints
549651.8105,7821133.457,-10415.79981,Dpoints
550439.3105,7817848.711,-10284.29981,Dpoints
551064.3105,7817998.871,-10279.59961,Dpoints
549526.8105,7819763.25,-10470.79981,Dpoints
550501.8105,7821114.691,-10410.40039,Dpoints
550676.8105,7817248.07,-10250.2002,Dpoints
549726.8105,7821471.32,-10410.7002,Dpoints
549551.8105,7819969.719,-10387.7002,Dpoints
549289.3105,7817435.77,-9581.919922,Dpoints
551101.8105,7818881.059,-10451.29981,Dpoints
551814.3105,7818805.98,-10167.09961,Dpoints
550814.3105,7818374.27,-10379.59961,Dpoints
551564.3105,7819331.539,-10314.40039,Dpoints
550114.3105,7820382.66,-9747.679688,Dpoints
551751.8105,7821377.469,-10466.29981,Dpoints
551526.8105,7820607.898,-10472.90039,Dpoints
548989.3105,7818411.809,-10417.90039,Dpoints
549526.8105,7820363.887,-10428.79981,Dpoints
550951.8105,7821565.168,-10555.90039,Dpoints
550864.3105,7818805.98,-10322.40039,Dpoints
552076.8105,7819613.09,-10229,Dpoints
549626.8105,7819256.457,-10200.2002,Dpoints
550651.8105,7818843.52,-10193,Dpoints
549676.8105,7817060.367,-10251.29981,Dpoints
550389.3105,7817848.711,-10321.90039,Dpoints
549276.8105,7818956.141,-10395.40039,Dpoints
550976.8105,7819387.852,-10123.59961,Dpoints
549339.3105,7820795.598,-10383,Dpoints
551276.8105,7819744.48,-10409.40039,Dpoints
551501.8105,7817661.008,-10098.40039,Dpoints
552126.8105,7818712.129,-10012.2002,Dpoints
550264.3105,7818224.109,-10392.29981,Dpoints
549676.8105,7821452.551,-10399.79981,Dpoints
552339.3105,7820870.68,-10488.09961,Dpoints
552389.3105,7820345.121,-10179.79981,Dpoints
551139.3105,7816947.75,-10225.2002,Dpoints
552126.8105,7820082.34,-9749.570313,Dpoints
548926.8105,7820926.988,-10314.40039,Dpoints
549839.3105,7818824.75,-9892.69043,Dpoints
552014.3105,7817398.227,-10045.59961,Dpoints
548951.8105,7819312.77,-10422,Dpoints
551151.8105,7819950.949,-10351.29981,Dpoints
551114.3105,7820063.57,-10305.59961,Dpoints
551776.8105,7819725.711,-10189.59961,Dpoints
550826.8105,7817773.629,-10046.7002,Dpoints
548926.8105,7817604.699,-10052.5,Dpoints
552201.8105,7819650.629,-10120.59961,Dpoints
552389.3105,7818299.188,-10055.5,Dpoints
550901.8105,7818242.879,-10303,Dpoints
551576.8105,7820457.738,-10240.2002,Dpoints
550076.8105,7818749.668,-10384.90039,Dpoints
551226.8105,7820119.879,-10345.29981,Dpoints
550414.3105,7817435.77,-10284.09961,Dpoints
551451.8105,7819631.859,-10484.79981,Dpoints
549726.8105,7818580.738,-9799.980469,Dpoints
552276.8105,7816910.207,-9866.669922,Dpoints
551126.8105,7816872.668,-10249.7002,Dpoints
549426.8105,7820213.73,-10427.29981,Dpoints
550351.8105,7819782.02,-10087.7002,Dpoints
549226.8105,7817510.848,-9647.570313,Dpoints
551039.3105,7819782.02,-10337.7002,Dpoints
549814.3105,7820626.668,-10355.5,Dpoints
549989.3105,7817229.301,-10211.40039,Dpoints
552101.8105,7820119.879,-9694.219727,Dpoints
550226.8105,7820814.371,-10118.40039,Dpoints
549689.3105,7817454.539,-10137,Dpoints
550664.3105,7817210.527,-10233.09961,Dpoints
550939.3105,7818242.879,-10278.7002,Dpoints
550414.3105,7820457.738,-9722.230469,Dpoints
550026.8105,7819519.238,-10256.5,Dpoints
550114.3105,7817961.328,-10407.09961,Dpoints
549564.3105,7820363.887,-10415.79981,Dpoints
549464.3105,7821039.609,-10388.5,Dpoints
552189.3105,7821696.559,-10206.90039,Dpoints
550289.3105,7818637.047,-10390.90039,Dpoints
549289.3105,7820776.828,-10376.5,Dpoints
551026.8105,7816666.199,-10282,Dpoints
552289.3105,7820870.68,-10513,Dpoints
551026.8105,7817172.988,-10177.09961,Dpoints
552389.3105,7818317.957,-10054.40039,Dpoints
548901.8105,7817567.16,-10067.7002,Dpoints
550726.8105,7818449.348,-10379,Dpoints
551864.3105,7819894.641,-9785.429688,Dpoints
550414.3105,7820420.199,-9715.589844,Dpoints
552264.3105,7817961.328,-10058.7002,Dpoints
552164.3105,7818149.027,-10056.90039,Dpoints
551926.8105,7818749.668,-10017,Dpoints
550101.8105,7820851.91,-10271.29981,Dpoints
552214.3105,7819857.098,-10083.40039,Dpoints
551089.3105,7817923.789,-10297.40039,Dpoints
550739.3105,7816797.59,-10318.29981,Dpoints
550726.8105,7818730.898,-10304.79981,Dpoints
549339.3105,7818036.41,-10477.90039,Dpoints
549664.3105,7817567.16,-10183.29981,Dpoints
552026.8105,7817060.367,-10025.7002,Dpoints
551214.3105,7819237.688,-10444.09961,Dpoints
551314.3105,7819369.078,-10437.09961,Dpoints
550039.3105,7819143.84,-10276.5,Dpoints
550164.3105,7819950.949,-9802.280273,Dpoints
551939.3105,7818055.18,-10059.2002,Dpoints
551689.3105,7820194.961,-9777.400391,Dpoints
551764.3105,7819087.527,-10266.79981,Dpoints
552189.3105,7818167.797,-10058,Dpoints
550751.8105,7817323.148,-10269.29981,Dpoints
551939.3105,7818787.207,-10020.7002,Dpoints
552276.8105,7821771.641,-10128.59961,Dpoints
549476.8105,7821264.848,-10379.79981,Dpoints
551601.8105,7820044.801,-10060.90039,Dpoints
549426.8105,7817980.098,-10417.2002,Dpoints
550776.8105,7819519.238,-9931.459961,Dpoints
550964.3105,7817905.02,-10234.59961,Dpoints
549026.8105,7821095.918,-10326.29981,Dpoints
552151.8105,7821640.25,-10279.90039,Dpoints
551826.8105,7818730.898,-10116.29981,Dpoints
550989.3105,7816947.75,-10262.29981,Dpoints
549651.8105,7821546.398,-10390.40039,Dpoints
551239.3105,7819125.07,-10389.09961,Dpoints
551701.8105,7821827.949,-10034.7002,Dpoints
550689.3105,7817679.777,-10123.79981,Dpoints
548976.8105,7818167.797,-10419.40039,Dpoints
550176.8105,7819237.688,-10054.90039,Dpoints
550264.3105,7816891.438,-9912.839844,Dpoints
551989.3105,7818655.82,-10010.79981,Dpoints
550451.8105,7819763.25,-10079.79981,Dpoints
551914.3105,7820851.91,-10589.90039,Dpoints
550776.8105,7817172.988,-10247.59961,Dpoints
550814.3105,7816666.199,-10292.40039,Dpoints
551876.8105,7819106.301,-10247.40039,Dpoints
551651.8105,7819256.457,-10332,Dpoints
549301.8105,7821827.949,-10359.2002,Dpoints
550726.8105,7820082.34,-9814.450195,Dpoints
552051.8105,7821433.781,-10450.59961,Dpoints
551364.3105,7820251.27,-10365.59961,Dpoints
552301.8105,7820288.809,-10016.79981,Dpoints
552001.8105,7818787.207,-10019.59961,Dpoints
550464.3105,7820851.91,-9949.429688,Dpoints
549414.3105,7821114.691,-10376.2002,Dpoints
550814.3105,7820908.219,-10309.09961,Dpoints
551326.8105,7817792.398,-10203.09961,Dpoints
551776.8105,7816778.816,-10142.7002,Dpoints
550976.8105,7820363.887,-10220.7002,Dpoints
549989.3105,7820232.5,-9788.629883,Dpoints
550901.8105,7820570.359,-10127.5,Dpoints
550976.8105,7821377.469,-10597.40039,Dpoints
552239.3105,7821415.008,-10325.7002,Dpoints
551826.8105,7818993.68,-10243.79981,Dpoints
550314.3105,7819969.719,-9782.990234,Dpoints
549664.3105,7819594.32,-10347.5,Dpoints
550014.3105,7818561.969,-10234.90039,Dpoints
552151.8105,7819594.32,-10149.2002,Dpoints
549726.8105,7820194.961,-10171.2002,Dpoints
550339.3105,7819913.41,-9886.049805,Dpoints
550289.3105,7817661.008,-10348.7002,Dpoints
551851.8105,7820213.73,-9584.030273,Dpoints
551889.3105,7819406.617,-10233.2002,Dpoints
549214.3105,7817454.539,-9602.929688,Dpoints
551064.3105,7819988.488,-10295.79981,Dpoints
552376.8105,7820270.039,-10124.09961,Dpoints
549889.3105,7819838.328,-10121.2002,Dpoints
550601.8105,7820232.5,-9617.580078,Dpoints
550051.8105,7818881.059,-10361.40039,Dpoints
551376.8105,7821527.629,-10471.5,Dpoints
551089.3105,7817172.988,-10149.79981,Dpoints
551914.3105,7818092.719,-10058.29981,Dpoints
551839.3105,7817229.301,-10045.79981,Dpoints
549964.3105,7817435.77,-10340.79981,Dpoints
552039.3105,7819181.379,-10080.2002,Dpoints
551889.3105,7819331.539,-10236.2002,Dpoints
552039.3105,7818824.75,-10024.5,Dpoints
550226.8105,7820138.648,-9608.719727,Dpoints
552151.8105,7817886.25,-10059.79981,Dpoints
552001.8105,7819556.777,-10266,Dpoints
550139.3105,7818918.598,-10346.59961,Dpoints
550364.3105,7818017.637,-10362,Dpoints
550951.8105,7818393.039,-10296.40039,Dpoints
552339.3105,7816835.129,-9787.919922,Dpoints
550251.8105,7818355.5,-10386.09961,Dpoints
552089.3105,7819800.789,-10041.79981,Dpoints
551326.8105,7819800.789,-10426.29981,Dpoints
549451.8105,7819237.688,-10389.40039,Dpoints
549826.8105,7818073.949,-10411.79981,Dpoints
550326.8105,7817135.449,-9961.040039,Dpoints
549639.3105,7817942.559,-10365.79981,Dpoints
549626.8105,7820626.668,-10421.59961,Dpoints
550489.3105,7818355.5,-10369.2002,Dpoints
550139.3105,7819744.48,-10124.59961,Dpoints
550764.3105,7817004.059,-10269.29981,Dpoints
549589.3105,7818655.82,-9812.509766,Dpoints
550001.8105,7820645.438,-10154.90039,Dpoints
552226.8105,7821358.699,-10353.29981,Dpoints
551564.3105,7820307.578,-10130.2002,Dpoints
551326.8105,7819500.469,-10421.7002,Dpoints
550151.8105,7820026.027,-9699.139648,Dpoints
551901.8105,7817191.758,-10042.7002,Dpoints
549101.8105,7817360.688,-9678.820313,Dpoints
550226.8105,7816910.207,-9883.120117,Dpoints
550851.8105,7818411.809,-10386,Dpoints
549739.3105,7820795.598,-10436.79981,Dpoints
549651.8105,7819950.949,-10291.2002,Dpoints
552176.8105,7818674.59,-10009.40039,Dpoints
548889.3105,7818974.91,-10436.2002,Dpoints
550714.3105,7817829.938,-10004.2002,Dpoints
550351.8105,7816666.199,-10348.5,Dpoints
551951.8105,7819387.852,-10233.5,Dpoints
549376.8105,7820082.34,-10463.7002,Dpoints
550726.8105,7818843.52,-10288.40039,Dpoints
550439.3105,7818130.258,-10354.59961,Dpoints
549189.3105,7820926.988,-10358.2002,Dpoints
548989.3105,7818824.75,-10458.5,Dpoints
549576.8105,7821790.41,-10383.7002,Dpoints
551514.3105,7819500.469,-10472.29981,Dpoints
550464.3105,7820157.418,-9636.490234,Dpoints
549964.3105,7820157.418,-9790.709961,Dpoints
550214.3105,7820288.809,-9625.450195,Dpoints
551451.8105,7819538.008,-10472.29981,Dpoints
551939.3105,7817867.48,-10050.09961,Dpoints
549276.8105,7821452.551,-10353,Dpoints
550476.8105,7821433.781,-10556.2002,Dpoints
550626.8105,7819650.629,-10097.5,Dpoints
551626.8105,7821715.328,-10188.5,Dpoints
549639.3105,7821790.41,-10390.7002,Dpoints
551864.3105,7820908.219,-10579.29981,Dpoints
549189.3105,7821058.379,-10348.2002,Dpoints
549089.3105,7818674.59,-10442.29981,Dpoints
551914.3105,7818843.52,-10054.29981,Dpoints
552176.8105,7821227.309,-10492,Dpoints
550914.3105,7818299.188,-10305.90039,Dpoints
551514.3105,7817754.859,-10098.40039,Dpoints
549089.3105,7818374.27,-10428.40039,Dpoints
551389.3105,7819538.008,-10437.59961,Dpoints
549326.8105,7819256.457,-10454.7002,Dpoints
550039.3105,7819631.859,-10231.2002,Dpoints
549901.8105,7820176.188,-9893.200195,Dpoints
552289.3105,7817360.688,-9880.55957,Dpoints
551189.3105,7817661.008,-10168.09961,Dpoints
551639.3105,7816910.207,-10136.29981,Dpoints
551389.3105,7821602.711,-10441.5,Dpoints
549026.8105,7819312.77,-10431.2002,Dpoints
551339.3105,7820607.898,-10392.7002,Dpoints
549564.3105,7820570.359,-10423.29981,Dpoints
550126.8105,7818130.258,-10416.59961,Dpoints
552089.3105,7819669.398,-10195.5,Dpoints
550601.8105,7817717.32,-10158.59961,Dpoints
552276.8105,7816853.898,-9881.349609,Dpoints
550601.8105,7820457.738,-9652.080078,Dpoints
549114.3105,7821058.379,-10340.79981,Dpoints
550501.8105,7821246.078,-10526.59961,Dpoints
550076.8105,7819669.398,-10190.59961,Dpoints
552389.3105,7818280.418,-10056.5,Dpoints
550864.3105,7818355.5,-10354.59961,Dpoints
551626.8105,7816703.738,-10144.40039,Dpoints
550001.8105,7819425.391,-10230.09961,Dpoints
551689.3105,7819613.09,-10383.7002,Dpoints
548889.3105,7817510.848,-10055.90039,Dpoints
551964.3105,7820401.43,-9722.339844,Dpoints
552039.3105,7819725.711,-10152.7002,Dpoints
550801.8105,7818881.059,-10192.5,Dpoints
551801.8105,7817642.238,-10088.2002,Dpoints
550139.3105,7818355.5,-10395.59961,Dpoints
550789.3105,7818449.348,-10382.29981,Dpoints
550689.3105,7818036.41,-10218.09961,Dpoints
550739.3105,7817923.789,-10062.2002,Dpoints
552401.8105,7820063.57,-10106.79981,Dpoints
550251.8105,7820532.82,-9715.849609,Dpoints
550689.3105,7818618.281,-10339.90039,Dpoints
549989.3105,7820701.75,-10182,Dpoints
550064.3105,7816835.129,-10068.29981,Dpoints
550114.3105,7819688.168,-10163.29981,Dpoints
549939.3105,7819988.488,-9909.650391,Dpoints
549851.8105,7819462.93,-10175.09961,Dpoints
549551.8105,7820664.211,-10424.7002,Dpoints
551514.3105,7817848.711,-10122.7002,Dpoints
549414.3105,7820870.68,-10390.40039,Dpoints
549589.3105,7820795.598,-10430.29981,Dpoints
549226.8105,7817792.398,-10112.2002,Dpoints
552014.3105,7818205.34,-10039.59961,Dpoints
551664.3105,7816891.438,-10138.90039,Dpoints
549751.8105,7819049.988,-10203.59961,Dpoints
551801.8105,7819857.098,-9927.410156,Dpoints
550214.3105,7818486.891,-10384.5,Dpoints
550089.3105,7819331.539,-10182.79981,Dpoints
550089.3105,7819538.008,-10245.29981,Dpoints
550251.8105,7821302.391,-10514.90039,Dpoints
552401.8105,7818824.75,-9994.950195,Dpoints
549076.8105,7818430.578,-10421.40039,Dpoints
549576.8105,7820626.668,-10424.2002,Dpoints
551764.3105,7821433.781,-10441.90039,Dpoints
549714.3105,7817604.699,-10266.59961,Dpoints
551526.8105,7816778.816,-10137,Dpoints
551776.8105,7819913.41,-9804.040039,Dpoints
549201.8105,7818918.598,-10431.29981,Dpoints
549526.8105,7821227.309,-10389.90039,Dpoints
551014.3105,7820420.199,-10261.90039,Dpoints
550264.3105,7818674.59,-10413.2002,Dpoints
551639.3105,7819331.539,-10335,Dpoints
550426.8105,7817004.059,-10022.29981,Dpoints
550951.8105,7819444.16,-10127.29981,Dpoints
551614.3105,7820908.219,-10511.09961,Dpoints
550064.3105,7818224.109,-10415.79981,Dpoints
551451.8105,7816760.051,-10132.2002,Dpoints
552389.3105,7818261.648,-10057.59961,Dpoints
551026.8105,7817886.25,-10291.90039,Dpoints
549764.3105,7821208.539,-10428.09961,Dpoints
550889.3105,7821508.859,-10580.59961,Dpoints
552089.3105,7820363.887,-9744.889648,Dpoints
549701.8105,7819782.02,-10413.29981,Dpoints
549876.8105,7820101.109,-9912.700195,Dpoints
551576.8105,7817717.32,-10097.40039,Dpoints
552076.8105,7819538.008,-10220.59961,Dpoints
552264.3105,7821546.398,-10282.59961,Dpoints
549764.3105,7820664.211,-10397.40039,Dpoints
550189.3105,7818130.258,-10405.09961,Dpoints
549664.3105,7821490.09,-10395,Dpoints
549289.3105,7818149.027,-10476.79981,Dpoints
551101.8105,7817116.68,-10165.79981,Dpoints
551801.8105,7820682.98,-10369.09961,Dpoints
548889.3105,7820007.258,-10402.09961,Dpoints
550201.8105,7818449.348,-10386.5,Dpoints
549676.8105,7820307.578,-10293.09961,Dpoints
550201.8105,7818561.969,-10384.09961,Dpoints
549439.3105,7818937.367,-10151.40039,Dpoints
551514.3105,7821621.48,-10309.90039,Dpoints
549689.3105,7821039.609,-10425.09961,Dpoints
549814.3105,7819782.02,-10297.29981,Dpoints
549639.3105,7820232.5,-10306.2002,Dpoints
550826.8105,7821640.25,-10564.2002,Dpoints
551076.8105,7818073.949,-10236.09961,Dpoints
549651.8105,7818580.738,-9786.349609,Dpoints
551601.8105,7820682.98,-10535,Dpoints
550076.8105,7817135.449,-9969.480469,Dpoints
549664.3105,7819143.84,-10210.79981,Dpoints
550801.8105,7820814.371,-10171.2002,Dpoints
552139.3105,7818393.039,-10019.09961,Dpoints
549801.8105,7819950.949,-10098.79981,Dpoints
550914.3105,7818524.43,-10340.29981,Dpoints
549076.8105,7818899.828,-10464.40039,Dpoints
551514.3105,7817698.547,-10098.79981,Dpoints
549476.8105,7818768.438,-9967.410156,Dpoints
550226.8105,7819913.41,-9878.450195,Dpoints
549389.3105,7821752.867,-10361.59961,Dpoints
549739.3105,7820739.289,-10430.90039,Dpoints
549176.8105,7819181.379,-10458.09961,Dpoints
549601.8105,7817998.871,-10366.59961,Dpoints
550126.8105,7818167.797,-10415.09961,Dpoints
549189.3105,7821227.309,-10342.59961,Dpoints
551926.8105,7819312.77,-10237,Dpoints
548889.3105,7820476.508,-10370,Dpoints
548964.3105,7820870.68,-10328.79981,Dpoints
550901.8105,7820682.98,-10215.40039,Dpoints
551651.8105,7818881.059,-10308.59961,Dpoints
552439.3105,7818149.027,-10062.90039,Dpoints
550251.8105,7819500.469,-10115.40039,Dpoints
551964.3105,7817154.219,-10038.29981,Dpoints
550776.8105,7818693.359,-10313.29981,Dpoints
550839.3105,7816778.816,-10284.90039,Dpoints
549914.3105,7818468.117,-10163.09961,Dpoints
550276.8105,7818505.66,-10370.5,Dpoints
550801.8105,7818637.047,-10348.2002,Dpoints
550339.3105,7818411.809,-10348.40039,Dpoints
552214.3105,7820795.598,-10526,Dpoints
549614.3105,7820382.66,-10389.29981,Dpoints
552314.3105,7818430.578,-10038.29981,Dpoints
551801.8105,7819481.699,-10255,Dpoints
549989.3105,7819350.309,-10213.5,Dpoints
549689.3105,7819256.457,-10180.5,Dpoints
549814.3105,7820851.91,-10443.29981,Dpoints
551976.8105,7817980.098,-10060.90039,Dpoints
551951.8105,7818205.34,-10041.40039,Dpoints
551214.3105,7819782.02,-10400.5,Dpoints
550489.3105,7821358.699,-10551.90039,Dpoints
552414.3105,7817905.02,-10012.09961,Dpoints
552176.8105,7818017.637,-10061.59961,Dpoints
550676.8105,7816684.969,-10342.40039,Dpoints
549589.3105,7821602.711,-10385,Dpoints
551851.8105,7819275.23,-10245.40039,Dpoints
551814.3105,7819725.711,-10196.79981,Dpoints
551551.8105,7819087.527,-10267.90039,Dpoints
552176.8105,7819688.168,-10138.5,Dpoints
550789.3105,7817229.301,-10259.40039,Dpoints
551026.8105,7817304.379,-10172.7002,Dpoints
552439.3105,7818055.18,-10054.7002,Dpoints
551664.3105,7821583.941,-10365.2002,Dpoints
550001.8105,7818993.68,-10317.5,Dpoints
551264.3105,7820119.879,-10363.7002,Dpoints
549889.3105,7821715.328,-10436.59961,Dpoints
551339.3105,7821565.168,-10455.79981,Dpoints
549264.3105,7818205.34,-10475.2002,Dpoints
549514.3105,7818993.68,-10175.79981,Dpoints
551801.8105,7820194.961,-9616.509766,Dpoints
549576.8105,7817229.301,-9955.980469,Dpoints
550064.3105,7820514.051,-9853.379883,Dpoints
552026.8105,7817097.91,-10023.7002,Dpoints
550051.8105,7820682.98,-10126.5,Dpoints
550901.8105,7819462.93,-10043.5,Dpoints
551639.3105,7819819.559,-10202.7002,Dpoints
549301.8105,7819087.527,-10444.7002,Dpoints
550651.8105,7821640.25,-10570.5,Dpoints
551726.8105,7819594.32,-10339.2002,Dpoints
552226.8105,7817435.77,-9960.790039,Dpoints
552114.3105,7820814.371,-10558.40039,Dpoints
552164.3105,7817473.309,-10001.09961,Dpoints
550714.3105,7820288.809,-9722.669922,Dpoints
550301.8105,7818280.418,-10383.7002,Dpoints
550176.8105,7819894.641,-9910.849609,Dpoints
551326.8105,7819462.93,-10434.59961,Dpoints
550301.8105,7820401.43,-9657.849609,Dpoints
549501.8105,7818805.98,-9964.139648,Dpoints
550476.8105,7817304.379,-10224.59961,Dpoints
551801.8105,7819312.77,-10246.7002,Dpoints
549501.8105,7821602.711,-10384.90039,Dpoints
550376.8105,7817567.16,-10317.7002,Dpoints
549914.3105,7820514.051,-10120.09961,Dpoints
551101.8105,7820270.039,-10268.59961,Dpoints
552089.3105,7817585.93,-10039.7002,Dpoints
550951.8105,7817811.168,-10187.09961,Dpoints
551926.8105,7817998.871,-10057.59961,Dpoints
549651.8105,7819706.938,-10450.09961,Dpoints
549314.3105,7821283.617,-10354.59961,Dpoints
550089.3105,7819162.609,-10218.5,Dpoints
550026.8105,7819200.148,-10256,Dpoints
552226.8105,7817154.219,-9899.070313,Dpoints
551451.8105,7820420.199,-10366.79981,Dpoints
549164.3105,7818224.109,-10463.40039,Dpoints
551826.8105,7819049.988,-10249.29981,Dpoints
550914.3105,7816910.207,-10270.79981,Dpoints
552039.3105,7820082.34,-9635.469727,Dpoints
551676.8105,7817604.699,-10108.2002,Dpoints
549739.3105,7818130.258,-10392,Dpoints
551801.8105,7821358.699,-10478.40039,Dpoints
549714.3105,7820026.027,-10204.2002,Dpoints
550476.8105,7820082.34,-9669.299805,Dpoints
549939.3105,7820363.887,-9898.30957,Dpoints
551489.3105,7820044.801,-10246.09961,Dpoints
549976.8105,7818130.258,-10425.40039,Dpoints
552264.3105,7818843.52,-9967.919922,Dpoints
552364.3105,7818768.438,-9997.950195,Dpoints
549176.8105,7819237.688,-10455.2002,Dpoints
549239.3105,7817679.777,-9912.910156,Dpoints
551551.8105,7819819.559,-10294.90039,Dpoints
551914.3105,7820758.059,-10520.09961,Dpoints
551464.3105,7816947.75,-10122.7002,Dpoints
551151.8105,7820401.43,-10290.2002,Dpoints
552039.3105,7818092.719,-10057.5,Dpoints
550951.8105,7819012.449,-10240.09961,Dpoints
550926.8105,7818693.359,-10335.09961,Dpoints
551576.8105,7816928.98,-10132.7002,Dpoints
550376.8105,7817022.828,-9951.849609,Dpoints
550751.8105,7817285.609,-10263.7002,Dpoints
552439.3105,7817060.367,-9607.370117,Dpoints
549851.8105,7820645.438,-10327.79981,Dpoints
550101.8105,7817698.547,-10373.29981,Dpoints
550464.3105,7818655.82,-10340.40039,Dpoints
551839.3105,7819556.777,-10247.90039,Dpoints
551564.3105,7819894.641,-10222.2002,Dpoints
552364.3105,7821508.859,-10225,Dpoints
550939.3105,7818580.738,-10329.29981,Dpoints
549676.8105,7817529.617,-10167.29981,Dpoints
551839.3105,7817398.227,-10067.59961,Dpoints
549901.8105,7817341.918,-10330.59961,Dpoints
548951.8105,7818956.141,-10447.5,Dpoints
548889.3105,7818787.207,-10442.5,Dpoints
551701.8105,7816816.359,-10145.40039,Dpoints
552164.3105,7816703.738,-10007,Dpoints
549964.3105,7816985.289,-10082.79981,Dpoints
551589.3105,7817398.227,-10065.59961,Dpoints
551751.8105,7817661.008,-10104.90039,Dpoints
552114.3105,7820851.91,-10573.40039,Dpoints
551639.3105,7817773.629,-10090.5,Dpoints
549526.8105,7820739.289,-10422.59961,Dpoints
550814.3105,7818130.258,-10272.40039,Dpoints
551539.3105,7817323.148,-10096.79981,Dpoints
551376.8105,7817454.539,-10051.7002,Dpoints
551451.8105,7819594.32,-10485.09961,Dpoints
552039.3105,7819763.25,-10089.79981,Dpoints
551389.3105,7819631.859,-10461.40039,Dpoints
549951.8105,7821640.25,-10445.7002,Dpoints
551614.3105,7817623.469,-10107.29981,Dpoints
550626.8105,7818393.039,-10375.40039,Dpoints
550814.3105,7818036.41,-10194.40039,Dpoints
549276.8105,7821039.609,-10360.90039,Dpoints
550164.3105,7816835.129,-9995.009766,Dpoints
548939.3105,7818693.359,-10458.7002,Dpoints
551339.3105,7820438.969,-10386.7002,Dpoints
550014.3105,7818167.797,-10421.59961,Dpoints
549126.8105,7818805.98,-10441.09961,Dpoints
550364.3105,7821302.391,-10524.40039,Dpoints
552139.3105,7820382.66,-9825.969727,Dpoints
550026.8105,7820720.52,-10172.09961,Dpoints
550251.8105,7821508.859,-10504.29981,Dpoints
550464.3105,7817886.25,-10269.59961,Dpoints
551614.3105,7817454.539,-10058,Dpoints
551701.8105,7818524.43,-10143.5,Dpoints
552151.8105,7817961.328,-10063.5,Dpoints
550776.8105,7818186.57,-10314,Dpoints
549489.3105,7820945.758,-10400.09961,Dpoints
549914.3105,7821020.84,-10473,Dpoints
550001.8105,7819369.078,-10212.79981,Dpoints
550076.8105,7819800.789,-10066,Dpoints
552439.3105,7820044.801,-10115.90039,Dpoints
549426.8105,7820908.219,-10389.90039,Dpoints
548914.3105,7819331.539,-10394.59961,Dpoints
549526.8105,7820551.59,-10424.2002,Dpoints
552351.8105,7818655.82,-10025.90039,Dpoints
549264.3105,7817398.227,-9571.870117,Dpoints
551776.8105,7820138.648,-9631.530273,Dpoints
551114.3105,7818993.68,-10425.09961,Dpoints
551989.3105,7821809.18,-9881.139648,Dpoints
550814.3105,7819650.629,-10169.09961,Dpoints
551401.8105,7820363.887,-10374.90039,Dpoints
549164.3105,7821189.77,-10339.29981,Dpoints
550876.8105,7819556.777,-10162.90039,Dpoints
550164.3105,7818299.188,-10403.2002,Dpoints
552389.3105,7818543.199,-10040.29981,Dpoints
552401.8105,7820457.738,-10281,Dpoints
552439.3105,7816797.59,-9670.55957,Dpoints
548926.8105,7819650.629,-10421.09961,Dpoints
549239.3105,7821339.93,-10346.2002,Dpoints
552114.3105,7820194.961,-9700.959961,Dpoints
552339.3105,7818242.879,-10054.7002,Dpoints
550651.8105,7817548.387,-10238,Dpoints
552439.3105,7818017.637,-10046.09961,Dpoints
550414.3105,7821752.867,-10533,Dpoints
552439.3105,7818393.039,-10049.90039,Dpoints
548939.3105,7819106.301,-10429.40039,Dpoints
550951.8105,7816797.59,-10279.79981,Dpoints
552364.3105,7818599.508,-10031.09961,Dpoints
551051.8105,7817736.09,-10211.2002,Dpoints
551876.8105,7817980.098,-10062.79981,Dpoints
549789.3105,7818712.129,-9785.759766,Dpoints
549376.8105,7818599.508,-10133.59961,Dpoints
550076.8105,7819744.48,-10138.7002,Dpoints
549926.8105,7821152.23,-10472.2002,Dpoints
549976.8105,7821095.918,-10479,Dpoints
552351.8105,7818712.129,-10012.79981,Dpoints
550676.8105,7820326.348,-9673.30957,Dpoints
549901.8105,7818167.797,-10414.29981,Dpoints
550451.8105,7817980.098,-10305.40039,Dpoints
549939.3105,7819256.457,-10225.59961,Dpoints
549139.3105,7818055.18,-10460.79981,Dpoints
551764.3105,7820101.109,-9652.639648,Dpoints
552076.8105,7818693.359,-10015.5,Dpoints
549726.8105,7817266.84,-10225,Dpoints
549614.3105,7819894.641,-10364.2002,Dpoints
551701.8105,7816722.508,-10147.5,Dpoints
549564.3105,7818111.488,-10367.09961,Dpoints
549764.3105,7821846.719,-10410.09961,Dpoints
551089.3105,7821020.84,-10554.40039,Dpoints
550814.3105,7817097.91,-10260.7002,Dpoints
552101.8105,7821490.09,-10412.09961,Dpoints
550814.3105,7817886.25,-10038.59961,Dpoints
552064.3105,7819312.77,-10112.90039,Dpoints
552276.8105,7816703.738,-9916.200195,Dpoints
549989.3105,7821039.609,-10478.59961,Dpoints
552039.3105,7821565.168,-10368.7002,Dpoints
550501.8105,7817942.559,-10256.79981,Dpoints
551514.3105,7819631.859,-10471.79981,Dpoints
548889.3105,7820607.898,-10331.7002,Dpoints
550701.8105,7819650.629,-10072.7002,Dpoints
552426.8105,7820382.66,-10239.5,Dpoints
552039.3105,7818524.43,-10003.2002,Dpoints
550251.8105,7817792.398,-10366.7002,Dpoints
550901.8105,7820889.449,-10398.5,Dpoints
549514.3105,7821827.949,-10373.40039,Dpoints
549076.8105,7819218.918,-10437.2002,Dpoints
551051.8105,7821020.84,-10560.40039,Dpoints
550414.3105,7818280.418,-10369.09961,Dpoints
551001.8105,7817736.09,-10197.7002,Dpoints
550989.3105,7821114.691,-10584.79981,Dpoints
550851.8105,7816910.207,-10273.09961,Dpoints
550726.8105,7820401.43,-9727.110352,Dpoints
550414.3105,7820082.34,-9654.070313,Dpoints
549164.3105,7818261.648,-10459.90039,Dpoints
552039.3105,7818336.73,-10022.40039,Dpoints
550476.8105,7818449.348,-10358.29981,Dpoints
551814.3105,7820457.738,-9886.80957,Dpoints
549626.8105,7820795.598,-10434.09961,Dpoints
551664.3105,7817567.16,-10096.09961,Dpoints
550501.8105,7817642.238,-10277.40039,Dpoints
549726.8105,7817923.789,-10380.7002,Dpoints
550164.3105,7820232.5,-9629.240234,Dpoints
551314.3105,7820926.988,-10481.7002,Dpoints
551839.3105,7819462.93,-10239.40039,Dpoints
552039.3105,7820795.598,-10568.90039,Dpoints
552114.3105,7819481.699,-10153.59961,Dpoints
551364.3105,7821039.609,-10489.40039,Dpoints
550126.8105,7819369.078,-10131.40039,Dpoints
552189.3105,7820270.039,-9827.570313,Dpoints
551514.3105,7819894.641,-10281.79981,Dpoints
551976.8105,7818843.52,-10023.40039,Dpoints
550501.8105,7818749.668,-10297.5,Dpoints
549639.3105,7821827.949,-10389,Dpoints
551889.3105,7821771.641,-9957.150391,Dpoints
549851.8105,7820157.418,-9965.450195,Dpoints
549639.3105,7821734.102,-10395.09961,Dpoints
552439.3105,7818543.199,-10044.7002,Dpoints
549001.8105,7818862.289,-10459.29981,Dpoints
552089.3105,7817154.219,-10004,Dpoints
552014.3105,7817154.219,-10026.90039,Dpoints
552014.3105,7819631.859,-10240.5,Dpoints
552151.8105,7816778.816,-10004.09961,Dpoints
551964.3105,7819425.391,-10230.59961,Dpoints
551626.8105,7818637.047,-10209.59961,Dpoints
549189.3105,7820945.758,-10356.79981,Dpoints
550951.8105,7819049.988,-10198.5,Dpoints
549801.8105,7817679.777,-10343.2002,Dpoints
549589.3105,7818693.359,-9806.669922,Dpoints
548939.3105,7818186.57,-10411.59961,Dpoints
550014.3105,7820983.297,-10464.2002,Dpoints
548889.3105,7819763.25,-10414.7002,Dpoints
549901.8105,7817097.91,-10222.09961,Dpoints
549251.8105,7821171,-10349.90039,Dpoints
551001.8105,7818993.68,-10319.79981,Dpoints
550039.3105,7821508.859,-10458.5,Dpoints
551526.8105,7820044.801,-10196.29981,Dpoints
549926.8105,7816985.289,-10131.09961,Dpoints
549526.8105,7820514.051,-10426.40039,Dpoints
550076.8105,7818824.75,-10380.7002,Dpoints
550514.3105,7816741.277,-10332.09961,Dpoints
550189.3105,7818186.57,-10403.29981,Dpoints
550489.3105,7817379.461,-10260.79981,Dpoints
550214.3105,7818317.957,-10395.5,Dpoints
551451.8105,7816666.199,-10132.79981,Dpoints
550401.8105,7817229.301,-10112.5,Dpoints
551026.8105,7821189.77,-10599.09961,Dpoints
550214.3105,7820251.27,-9610.839844,Dpoints
551739.3105,7819481.699,-10304.40039,Dpoints
551989.3105,7818092.719,-10058.79981,Dpoints
551626.8105,7819500.469,-10429.09961,Dpoints
550714.3105,7821790.41,-10556.90039,Dpoints
551026.8105,7819237.688,-10210.09961,Dpoints
550039.3105,7817135.449,-10027.29981,Dpoints
552076.8105,7818336.73,-10026,Dpoints
552264.3105,7817022.828,-9855.429688,Dpoints
552151.8105,7818805.98,-9997.450195,Dpoints
549001.8105,7816647.43,-10512.90039,Dpoints
549826.8105,7820870.68,-10448.90039,Dpoints
551689.3105,7818881.059,-10308,Dpoints
550051.8105,7820213.73,-9714.320313,Dpoints
551339.3105,7820645.438,-10400.5,Dpoints
552314.3105,7818599.508,-10022.90039,Dpoints
549389.3105,7819275.23,-10410.59961,Dpoints
552364.3105,7818430.578,-10044.29981,Dpoints
552226.8105,7817116.68,-9898.639648,Dpoints
549276.8105,7819237.688,-10467.90039,Dpoints
551726.8105,7817116.68,-10083.29981,Dpoints
552114.3105,7816684.969,-10027.09961,Dpoints
550051.8105,7817022.828,-9944.589844,Dpoints
548964.3105,7818130.258,-10418.40039,Dpoints
550626.8105,7819706.938,-10097,Dpoints
551151.8105,7819087.527,-10390.29981,Dpoints
550614.3105,7817398.227,-10260.90039,Dpoints
550314.3105,7821339.93,-10520.40039,Dpoints
550151.8105,7820401.43,-9713.730469,Dpoints
550039.3105,7818299.188,-10396.79981,Dpoints
551214.3105,7819650.629,-10427.40039,Dpoints
550776.8105,7817567.16,-10211.90039,Dpoints
549651.8105,7817998.871,-10373.09961,Dpoints
549126.8105,7817848.711,-10246,Dpoints
549414.3105,7821527.629,-10373.59961,Dpoints
550039.3105,7817210.527,-10153.79981,Dpoints
551714.3105,7817285.609,-10056.59961,Dpoints
552114.3105,7818224.109,-10049.40039,Dpoints
551114.3105,7820607.898,-10343.90039,Dpoints
550901.8105,7816722.508,-10289.2002,Dpoints
550514.3105,7821415.008,-10563.09961,Dpoints
550976.8105,7818824.75,-10349,Dpoints
550764.3105,7820345.121,-9783.839844,Dpoints
551564.3105,7819519.238,-10470.5,Dpoints
549751.8105,7820870.68,-10439.79981,Dpoints
549614.3105,7819650.629,-10455.09961,Dpoints
549389.3105,7817510.848,-9659.490234,Dpoints
551964.3105,7817116.68,-10032.5,Dpoints
551551.8105,7817548.387,-10080.59961,Dpoints
551126.8105,7820532.82,-10308.90039,Dpoints
552289.3105,7817998.871,-10060.2002,Dpoints
551914.3105,7817585.93,-10063.40039,Dpoints
551176.8105,7817942.559,-10299.79981,Dpoints
548939.3105,7818749.668,-10454,Dpoints
552139.3105,7818655.82,-10009.79981,Dpoints
551901.8105,7817229.301,-10045.79981,Dpoints
551326.8105,7819538.008,-10414.29981,Dpoints
548901.8105,7818017.637,-10411.59961,Dpoints
552226.8105,7821302.391,-10378.79981,Dpoints
551251.8105,7819425.391,-10443.90039,Dpoints
551289.3105,7820157.418,-10371.7002,Dpoints
551589.3105,7821321.16,-10446,Dpoints
550889.3105,7818693.359,-10337.40039,Dpoints
549814.3105,7820926.988,-10455.79981,Dpoints
552114.3105,7818280.418,-10038.5,Dpoints
549314.3105,7819312.77,-10457.5,Dpoints
550326.8105,7819819.559,-10052.2002,Dpoints
551389.3105,7819763.25,-10448.7002,Dpoints
550976.8105,7821452.551,-10566.90039,Dpoints
552114.3105,7817248.07,-9998.799805,Dpoints
549651.8105,7820119.879,-10261.7002,Dpoints
551389.3105,7820345.121,-10374.7002,Dpoints
551151.8105,7820438.969,-10293.59961,Dpoints
550501.8105,7821339.93,-10550.79981,Dpoints
552014.3105,7820026.027,-9672.759766,Dpoints
551326.8105,7820833.141,-10471.40039,Dpoints
548876.8105,7819650.629,-10416.79981,Dpoints
549089.3105,7818974.91,-10464.7002,Dpoints
552026.8105,7817285.609,-10032.59961,Dpoints
549076.8105,7819256.457,-10436.5,Dpoints
549964.3105,7817135.449,-10162.40039,Dpoints
552214.3105,7818843.52,-9971.44043,Dpoints
551014.3105,7817792.398,-10228.09961,Dpoints
551651.8105,7820476.508,-10140.59961,Dpoints
549514.3105,7820044.801,-10394.29981,Dpoints
551214.3105,7821734.102,-10462.5,Dpoints
551776.8105,7819425.391,-10265,Dpoints
552226.8105,7818655.82,-10011.2002,Dpoints
552214.3105,7818092.719,-10061.29981,Dpoints
550901.8105,7816966.52,-10268.29981,Dpoints
551989.3105,7820889.449,-10591.7002,Dpoints
549876.8105,7820926.988,-10465,Dpoints
550451.8105,7817942.559,-10293.59961,Dpoints
550189.3105,7818261.648,-10402.5,Dpoints
549889.3105,7821152.23,-10464.90039,Dpoints
551451.8105,7820044.801,-10285.79981,Dpoints
549114.3105,7819200.148,-10444.2002,Dpoints
550001.8105,7819932.18,-9914.179688,Dpoints
551901.8105,7817923.789,-10056.59961,Dpoints
550001.8105,7819312.77,-10217,Dpoints
552001.8105,7818974.91,-10038.79981,Dpoints
550101.8105,7819106.301,-10205.5,Dpoints
552214.3105,7818524.43,-10018.29981,Dpoints
549739.3105,7819256.457,-10160.40039,Dpoints
549439.3105,7821827.949,-10361.79981,Dpoints
550451.8105,7817773.629,-10275.7002,Dpoints
552301.8105,7818768.438,-9992.299805,Dpoints
551164.3105,7820194.961,-10307.09961,Dpoints
552439.3105,7818355.5,-10053.90039,Dpoints
552101.8105,7818130.258,-10052.29981,Dpoints
551489.3105,7821152.23,-10427,Dpoints
551976.8105,7816985.289,-10035.79981,Dpoints
552351.8105,7818205.34,-10059.7002,Dpoints
551101.8105,7817717.32,-10203.2002,Dpoints
550351.8105,7820945.758,-10235.79981,Dpoints
550964.3105,7816760.051,-10283,Dpoints
549076.8105,7819237.688,-10436.79981,Dpoints
550039.3105,7819725.711,-10163.59961,Dpoints
552026.8105,7817980.098,-10067.09961,Dpoints
549351.8105,7818655.82,-10132.09961,Dpoints
549176.8105,7817679.777,-9943.419922,Dpoints
552089.3105,7817548.387,-10033.29981,Dpoints
552314.3105,7818712.129,-10011.09961,Dpoints
552164.3105,7820776.828,-10521,Dpoints
552389.3105,7818092.719,-10064,Dpoints
549039.3105,7819049.988,-10451.09961,Dpoints
550314.3105,7820851.91,-10077.7002,Dpoints
551039.3105,7817116.68,-10187.5,Dpoints
549464.3105,7818824.75,-10013.40039,Dpoints
552451.8105,7820457.738,-10293.2002,Dpoints
552064.3105,7816835.129,-10021.7002,Dpoints
551964.3105,7816947.75,-10039.79981,Dpoints
549864.3105,7817717.32,-10376.7002,Dpoints
549626.8105,7821002.07,-10417,Dpoints
549914.3105,7821058.379,-10472.59961,Dpoints
552451.8105,7817923.789,-10012,Dpoints
551989.3105,7821771.641,-9870.290039,Dpoints
549714.3105,7821715.328,-10408.90039,Dpoints
550639.3105,7820251.27,-9633.719727,Dpoints
551676.8105,7820326.348,-9867.549805,Dpoints
550264.3105,7819969.719,-9794.700195,Dpoints
552214.3105,7818036.41,-10061.79981,Dpoints
550639.3105,7818130.258,-10308.09961,Dpoints
549226.8105,7817623.469,-9853.009766,Dpoints
550664.3105,7816666.199,-10354.90039,Dpoints
549589.3105,7821546.398,-10382.5,Dpoints
551776.8105,7819538.008,-10276.2002,Dpoints
552301.8105,7818655.82,-10020,Dpoints
552051.8105,7817229.301,-10020.7002,Dpoints
551564.3105,7819594.32,-10472.7002,Dpoints
550289.3105,7818317.957,-10381.09961,Dpoints
552276.8105,7821095.918,-10494.79981,Dpoints
550101.8105,7819838.328,-10004.5,Dpoints
551651.8105,7816966.52,-10125.90039,Dpoints
551451.8105,7816985.289,-10120,Dpoints
549214.3105,7818956.141,-10436.5,Dpoints
551551.8105,7817454.539,-10063.40039,Dpoints
550164.3105,7818430.578,-10388,Dpoints
550126.8105,7819782.02,-10089.7002,Dpoints
552076.8105,7818580.738,-10006.90039,Dpoints
549326.8105,7819218.918,-10459.7002,Dpoints
551301.8105,7820082.34,-10375,Dpoints
551464.3105,7820270.039,-10293.09961,Dpoints
549689.3105,7820851.91,-10434.5,Dpoints
551764.3105,7817905.02,-10080.40039,Dpoints
551864.3105,7819237.688,-10249.29981,Dpoints
550814.3105,7816816.359,-10287.40039,Dpoints
549226.8105,7817341.918,-9585.129883,Dpoints
551439.3105,7819387.852,-10435.29981,Dpoints
551101.8105,7817079.141,-10181.5,Dpoints
549114.3105,7817417,-9678.44043,Dpoints
549601.8105,7820213.73,-10343.09961,Dpoints
549101.8105,7816666.199,-10509,Dpoints
549964.3105,7819500.469,-10229.2002,Dpoints
549339.3105,7819012.449,-10385.40039,Dpoints
549676.8105,7820795.598,-10437.59961,Dpoints
551039.3105,7817679.777,-10205.59961,Dpoints
550701.8105,7817492.078,-10253.90039,Dpoints
548889.3105,7818937.367,-10437.7002,Dpoints
550426.8105,7816666.199,-10350.59961,Dpoints
550776.8105,7817041.598,-10268.79981,Dpoints
551314.3105,7819950.949,-10392.7002,Dpoints
550951.8105,7818317.957,-10276.7002,Dpoints
550776.8105,7818824.75,-10280.09961,Dpoints
550651.8105,7817848.711,-10071.5,Dpoints
550389.3105,7818111.488,-10365.59961,Dpoints
551389.3105,7819406.617,-10439,Dpoints
549926.8105,7818505.66,-10124.2002,Dpoints
549039.3105,7819162.609,-10436.09961,Dpoints
551714.3105,7821527.629,-10395.5,Dpoints
551014.3105,7816816.359,-10275.40039,Dpoints
551651.8105,7817360.688,-10056,Dpoints
551826.8105,7816684.969,-10139.2002,Dpoints
552426.8105,7818186.57,-10063.40039,Dpoints
549576.8105,7821827.949,-10382.5,Dpoints
551514.3105,7819538.008,-10486.09961,Dpoints
549714.3105,7820345.121,-10260.79981,Dpoints
550614.3105,7817304.379,-10246,Dpoints
551889.3105,7820176.188,-9555.889648,Dpoints
551651.8105,7820739.289,-10548.90039,Dpoints
548889.3105,7820514.051,-10353.7002,Dpoints
551451.8105,7819500.469,-10459.09961,Dpoints
549014.3105,7818299.188,-10422.40039,Dpoints
549689.3105,7820739.289,-10436.90039,Dpoints
549714.3105,7820063.57,-10191.7002,Dpoints
549189.3105,7819162.609,-10461.79981,Dpoints
549251.8105,7821433.781,-10349.59961,Dpoints
550101.8105,7820720.52,-10123.79981,Dpoints
550364.3105,7818073.949,-10369,Dpoints
549426.8105,7820119.879,-10428,Dpoints
551989.3105,7818036.41,-10063.29981,Dpoints
552339.3105,7817191.758,-9761.110352,Dpoints
551464.3105,7818974.91,-10246.2002,Dpoints
549889.3105,7820833.141,-10428.09961,Dpoints
550276.8105,7819913.41,-9881.30957,Dpoints
552039.3105,7818261.648,-10033.2002,Dpoints
549776.8105,7819932.18,-10145.59961,Dpoints
550951.8105,7818524.43,-10315,Dpoints
549501.8105,7819369.078,-10356.5,Dpoints
551051.8105,7820157.418,-10259.09961,Dpoints
551464.3105,7820138.648,-10267.2002,Dpoints
551939.3105,7819350.309,-10234.09961,Dpoints
549964.3105,7818186.57,-10416.5,Dpoints
552101.8105,7820138.648,-9688.209961,Dpoints
552101.8105,7817079.141,-10001.59961,Dpoints
551389.3105,7820401.43,-10389.5,Dpoints
550201.8105,7817135.449,-9903.540039,Dpoints
551714.3105,7816966.52,-10105.2002,Dpoints
550189.3105,7818374.27,-10392.59961,Dpoints
552451.8105,7816853.898,-9636.80957,Dpoints
552339.3105,7818355.5,-10046.79981,Dpoints
551939.3105,7820420.199,-9764.910156,Dpoints
549426.8105,7818787.207,-10033.7002,Dpoints
550876.8105,7820645.438,-10127.79981,Dpoints
551051.8105,7818036.41,-10264.59961,Dpoints
550201.8105,7819237.688,-10013.59961,Dpoints
548939.3105,7818843.52,-10447,Dpoints
549501.8105,7819669.398,-10447.09961,Dpoints
549089.3105,7818937.367,-10465.09961,Dpoints
551114.3105,7820026.027,-10316.7002,Dpoints
551939.3105,7819275.23,-10232.5,Dpoints
552001.8105,7820345.121,-9670.19043,Dpoints
549689.3105,7819200.148,-10196.2002,Dpoints
549076.8105,7819275.23,-10436.59961,Dpoints
548889.3105,7821002.07,-10304.79981,Dpoints
550289.3105,7820664.211,-9803,Dpoints
549401.8105,7819012.449,-10332.59961,Dpoints
552026.8105,7816797.59,-10026.2002,Dpoints
549364.3105,7819049.988,-10397.5,Dpoints
551651.8105,7820119.879,-9855.669922,Dpoints
548889.3105,7818843.52,-10439.40039,Dpoints
551926.8105,7820889.449,-10594.40039,Dpoints
548889.3105,7820363.887,-10405,Dpoints
551739.3105,7820044.801,-9714.459961,Dpoints
550076.8105,7818674.59,-10363.29981,Dpoints
551776.8105,7817191.758,-10052.29981,Dpoints
552364.3105,7817998.871,-10053.09961,Dpoints
552139.3105,7818543.199,-10009.7002,Dpoints
549214.3105,7821020.84,-10354.7002,Dpoints
551901.8105,7818637.047,-10009.29981,Dpoints
551101.8105,7820232.5,-10268.79981,Dpoints
549189.3105,7819256.457,-10456.29981,Dpoints
548939.3105,7819125.07,-10427.29981,Dpoints
549414.3105,7818599.508,-10052.79981,Dpoints
551939.3105,7818317.957,-10014.29981,Dpoints
550151.8105,7817754.859,-10377.79981,Dpoints
549464.3105,7821715.328,-10370.7002,Dpoints
549451.8105,7820363.887,-10433.29981,Dpoints
550189.3105,7819782.02,-10089.09961,Dpoints
551589.3105,7816910.207,-10134.40039,Dpoints
550426.8105,7818505.66,-10336.40039,Dpoints
551614.3105,7821771.641,-10145.40039,Dpoints
549401.8105,7818730.898,-10044.59961,Dpoints
550126.8105,7818862.289,-10384.90039,Dpoints
551964.3105,7817492.078,-10056.09961,Dpoints
549776.8105,7818824.75,-9848.639648,Dpoints
549226.8105,7819087.527,-10464.59961,Dpoints
551751.8105,7818712.129,-10225.2002,Dpoints
551639.3105,7820307.578,-9931.589844,Dpoints
549176.8105,7821077.148,-10345,Dpoints
552264.3105,7818299.188,-10039.59961,Dpoints
549951.8105,7819875.867,-10022.90039,Dpoints
550301.8105,7818224.109,-10386.40039,Dpoints
549064.3105,7818805.98,-10461.59961,Dpoints
550364.3105,7818637.047,-10342.7002,Dpoints
548876.8105,7819312.77,-10381.59961,Dpoints
549464.3105,7820044.801,-10409.90039,Dpoints
549639.3105,7820063.57,-10276.40039,Dpoints
550626.8105,7818073.949,-10271.40039,Dpoints
552151.8105,7820607.898,-10278.2002,Dpoints
550839.3105,7820664.211,-10064,Dpoints
551601.8105,7820345.121,-10044.2002,Dpoints
552214.3105,7821790.41,-10078.40039,Dpoints
551389.3105,7819500.469,-10432.09961,Dpoints
552039.3105,7820870.68,-10585.7002,Dpoints
550414.3105,7820645.438,-9743.530273,Dpoints
550139.3105,7818974.91,-10293.59961,Dpoints
550864.3105,7818618.281,-10350.79981,Dpoints
552289.3105,7817116.68,-9823.759766,Dpoints
549626.8105,7820570.359,-10413.90039,Dpoints
549839.3105,7818768.438,-9873.700195,Dpoints
551776.8105,7818918.598,-10264.7002,Dpoints
550001.8105,7817041.598,-10026,Dpoints
550764.3105,7817529.617,-10235.29981,Dpoints
549589.3105,7820739.289,-10431.40039,Dpoints
551714.3105,7817905.02,-10100.2002,Dpoints
549739.3105,7821602.711,-10409.59961,Dpoints
550401.8105,7820138.648,-9633.980469,Dpoints
549014.3105,7818918.598,-10460,Dpoints
550301.8105,7818017.637,-10383.2002,Dpoints
549789.3105,7817473.309,-10287,Dpoints
550301.8105,7818073.949,-10385.7002,Dpoints
549426.8105,7820570.359,-10416.2002,Dpoints
550001.8105,7819556.777,-10255.2002,Dpoints
549514.3105,7820776.828,-10419.09961,Dpoints
550364.3105,7819725.711,-10128.59961,Dpoints
551764.3105,7817961.328,-10090.79981,Dpoints
551889.3105,7817886.25,-10057.2002,Dpoints
550989.3105,7818712.129,-10318,Dpoints
548976.8105,7818055.18,-10423.09961,Dpoints
552264.3105,7818261.648,-10045.7002,Dpoints
551976.8105,7817661.008,-10051.5,Dpoints
552426.8105,7821640.25,-10194.79981,Dpoints
549539.3105,7818918.598,-10023,Dpoints
552326.8105,7820382.66,-10121.40039,Dpoints
550614.3105,7819932.18,-9882.769531,Dpoints
549389.3105,7819106.301,-10417.79981,Dpoints
549451.8105,7817848.711,-10258.7002,Dpoints
551851.8105,7820101.109,-9568.55957,Dpoints
550751.8105,7816891.438,-10318.7002,Dpoints
551039.3105,7818749.668,-10312.59961,Dpoints
552089.3105,7818843.52,-10005.90039,Dpoints
551414.3105,7819950.949,-10355.90039,Dpoints
551614.3105,7821583.941,-10352.5,Dpoints
551676.8105,7816684.969,-10146.90039,Dpoints
551701.8105,7820119.879,-9746.730469,Dpoints
549414.3105,7820607.898,-10411.7002,Dpoints
552126.8105,7818017.637,-10063.09961,Dpoints
552401.8105,7817848.711,-9993.030273,Dpoints
551651.8105,7816853.898,-10141.59961,Dpoints
548889.3105,7819068.758,-10428.09961,Dpoints
549476.8105,7821827.949,-10367.09961,Dpoints
549176.8105,7818543.199,-10409.7002,Dpoints
549151.8105,7819312.77,-10448.40039,Dpoints
550976.8105,7817248.07,-10180.7002,Dpoints
549476.8105,7819857.098,-10466.90039,Dpoints
549851.8105,7820795.598,-10419.5,Dpoints
551976.8105,7818956.141,-10056.59961,Dpoints
550751.8105,7818787.207,-10299.29981,Dpoints
550951.8105,7818449.348,-10307.7002,Dpoints
551001.8105,7820101.109,-10241,Dpoints
551476.8105,7820645.438,-10492.29981,Dpoints
552151.8105,7821302.391,-10464.7002,Dpoints
549901.8105,7818712.129,-9950.769531,Dpoints
551689.3105,7818956.141,-10300.5,Dpoints
551726.8105,7818468.117,-10099.7002,Dpoints
551989.3105,7819519.238,-10264.5,Dpoints
549239.3105,7819256.457,-10463.59961,Dpoints
551864.3105,7817604.699,-10072.79981,Dpoints
550039.3105,7819462.93,-10251.09961,Dpoints
551826.8105,7819425.391,-10244.29981,Dpoints
548876.8105,7820307.578,-10405.29981,Dpoints
550864.3105,7820119.879,-10031.29981,Dpoints
551939.3105,7819969.719,-9688.450195,Dpoints
550239.3105,7818280.418,-10393.79981,Dpoints
549626.8105,7820157.418,-10297.2002,Dpoints
551126.8105,7817773.629,-10250.40039,Dpoints
550351.8105,7820758.059,-9875.019531,Dpoints
551689.3105,7819988.488,-9860.009766,Dpoints
552264.3105,7818655.82,-10014.79981,Dpoints
549601.8105,7819744.48,-10468.90039,Dpoints
548914.3105,7819406.617,-10398.90039,Dpoints
549039.3105,7819200.148,-10433.7002,Dpoints
551901.8105,7818674.59,-10016.40039,Dpoints
552039.3105,7820438.969,-9802.349609,Dpoints
550326.8105,7819631.859,-10155.29981,Dpoints
552076.8105,7821715.328,-10201.7002,Dpoints
549451.8105,7821659.02,-10373.29981,Dpoints
549176.8105,7817341.918,-9616.139648,Dpoints
552164.3105,7818092.719,-10058.59961,Dpoints
550126.8105,7819256.457,-10127.29981,Dpoints
550251.8105,7820645.438,-9801.860352,Dpoints
551789.3105,7821565.168,-10371.5,Dpoints
551039.3105,7817079.141,-10203.40039,Dpoints
550614.3105,7817792.398,-10118.09961,Dpoints
549139.3105,7818580.738,-10418.90039,Dpoints
552389.3105,7820532.82,-10323.2002,Dpoints
550451.8105,7818561.969,-10340.2002,Dpoints
551926.8105,7820251.27,-9605.320313,Dpoints
551014.3105,7818862.289,-10349.2002,Dpoints
548939.3105,7820833.141,-10326.2002,Dpoints
550614.3105,7816684.969,-10375.2002,Dpoints
549026.8105,7818993.68,-10456.79981,Dpoints
550076.8105,7820645.438,-10027.29981,Dpoints
551876.8105,7819631.859,-10239.7002,Dpoints
551801.8105,7821827.949,-9900.030273,Dpoints
550939.3105,7819650.629,-10312.5,Dpoints
551564.3105,7816647.43,-10137.09961,Dpoints
550439.3105,7817717.32,-10291.59961,Dpoints
549489.3105,7820851.91,-10408.09961,Dpoints
550464.3105,7820007.258,-9708.769531,Dpoints
550864.3105,7819706.938,-10242,Dpoints
549039.3105,7819068.758,-10448.40039,Dpoints
549339.3105,7821020.84,-10369.2002,Dpoints
549651.8105,7821602.711,-10394,Dpoints
549039.3105,7818111.488,-10436.2002,Dpoints
550301.8105,7820138.648,-9631.400391,Dpoints
549064.3105,7817492.078,-9786.730469,Dpoints
551214.3105,7820363.887,-10322.90039,Dpoints
549076.8105,7817998.871,-10442.29981,Dpoints
549551.8105,7820438.969,-10427,Dpoints
549401.8105,7818055.18,-10476.2002,Dpoints
552276.8105,7818468.117,-10029.79981,Dpoints
549526.8105,7819706.938,-10468.29981,Dpoints
551864.3105,7819200.148,-10250,Dpoints
550376.8105,7821208.539,-10505.09961,Dpoints
551439.3105,7820570.359,-10449.29981,Dpoints
549114.3105,7818768.438,-10442.40039,Dpoints
550676.8105,7819725.711,-10070.29981,Dpoints
550814.3105,7816741.277,-10288.59961,Dpoints
550501.8105,7816647.43,-10365.90039,Dpoints
551589.3105,7817041.598,-10126.90039,Dpoints
551864.3105,7821696.559,-10113.29981,Dpoints
551151.8105,7820270.039,-10291.2002,Dpoints
551701.8105,7821377.469,-10460,Dpoints
552164.3105,7817829.938,-10052.40039,Dpoints
549951.8105,7817961.328,-10415.79981,Dpoints
549451.8105,7819350.309,-10378.09961,Dpoints
551264.3105,7819875.867,-10398.09961,Dpoints
549476.8105,7817811.168,-10241.2002,Dpoints
552089.3105,7817379.461,-10024.2002,Dpoints
549939.3105,7818956.141,-10284.90039,Dpoints
549739.3105,7817492.078,-10221.7002,Dpoints
549901.8105,7820044.801,-9895.370117,Dpoints
549701.8105,7820119.879,-10197.5,Dpoints
551664.3105,7817079.141,-10114.5,Dpoints
552076.8105,7816985.289,-10019.59961,Dpoints
550876.8105,7818956.141,-10198.40039,Dpoints
549776.8105,7818618.281,-9786.719727,Dpoints
551064.3105,7821171,-10579.79981,Dpoints
550914.3105,7818824.75,-10332.90039,Dpoints
549564.3105,7820983.297,-10410.40039,Dpoints
551214.3105,7819913.41,-10377,Dpoints
551376.8105,7819857.098,-10418.7002,Dpoints
552276.8105,7817398.227,-9910.230469,Dpoints
550039.3105,7816947.75,-9973.259766,Dpoints
551264.3105,7820889.449,-10484.09961,Dpoints
551726.8105,7819387.852,-10287.2002,Dpoints
551489.3105,7821696.559,-10281,Dpoints
549289.3105,7821377.469,-10351.5,Dpoints
550489.3105,7817773.629,-10246.29981,Dpoints
550251.8105,7821377.469,-10511.09961,Dpoints
551264.3105,7819500.469,-10430.59961,Dpoints
550826.8105,7818956.141,-10103.90039,Dpoints
551939.3105,7817454.539,-10058.79981,Dpoints
551001.8105,7821565.168,-10543.09961,Dpoints
551889.3105,7819950.949,-9671.639648,Dpoints
550264.3105,7817867.48,-10375,Dpoints
549801.8105,7821565.168,-10418.7002,Dpoints
549751.8105,7820157.418,-10116.90039,Dpoints
549389.3105,7820945.758,-10381,Dpoints
551751.8105,7818974.91,-10276.09961,Dpoints
549789.3105,7818242.879,-10377.79981,Dpoints
550964.3105,7816703.738,-10287.59961,Dpoints
551589.3105,7821415.008,-10424.7002,Dpoints
550114.3105,7819444.16,-10223.90039,Dpoints
552214.3105,7816797.59,-9957.75,Dpoints
550814.3105,7817642.238,-10144.5,Dpoints
550939.3105,7817736.09,-10166.7002,Dpoints
550926.8105,7819387.852,-10028.09961,Dpoints
550176.8105,7819857.098,-9978.200195,Dpoints
549801.8105,7821002.07,-10452.29981,Dpoints
551151.8105,7817004.059,-10206.40039,Dpoints
551689.3105,7817736.09,-10098.79981,Dpoints
549651.8105,7818787.207,-9803.049805,Dpoints
551639.3105,7818993.68,-10293.59961,Dpoints
550751.8105,7820495.281,-9774.849609,Dpoints
549351.8105,7819369.078,-10452.2002,Dpoints
551951.8105,7817341.918,-10050.09961,Dpoints
552151.8105,7817304.379,-9979.870117,Dpoints
550026.8105,7817398.227,-10298.90039,Dpoints
552401.8105,7818599.508,-10038,Dpoints
551476.8105,7820814.371,-10489.59961,Dpoints
552139.3105,7818468.117,-10013.29981,Dpoints
551514.3105,7820964.531,-10451.90039,Dpoints
552339.3105,7816985.289,-9751.980469,Dpoints
550139.3105,7820082.34,-9656.070313,Dpoints
550051.8105,7820026.027,-9762.549805,Dpoints
549701.8105,7818205.34,-10371.40039,Dpoints
549851.8105,7820720.52,-10375.29981,Dpoints
548939.3105,7819575.551,-10424,Dpoints
550301.8105,7821677.789,-10516.29981,Dpoints
550689.3105,7818693.359,-10312.40039,Dpoints
552289.3105,7821415.008,-10282.79981,Dpoints
549701.8105,7817022.828,-10264.59961,Dpoints
551226.8105,7820889.449,-10488.2002,Dpoints
550439.3105,7818411.809,-10361.5,Dpoints
550176.8105,7817961.328,-10398.90039,Dpoints
552451.8105,7821171,-10349.7002,Dpoints
552389.3105,7817360.688,-9756.700195,Dpoints
552376.8105,7818149.027,-10064.40039,Dpoints
549514.3105,7817548.387,-9847.980469,Dpoints
551851.8105,7819706.938,-10178.59961,Dpoints
549589.3105,7817492.078,-9930.129883,Dpoints
550701.8105,7818261.648,-10363.79981,Dpoints
551289.3105,7820026.027,-10376.29981,Dpoints
549526.8105,7821077.148,-10396.29981,Dpoints
550476.8105,7816928.98,-10153.40039,Dpoints
551776.8105,7817323.148,-10059.2002,Dpoints
552339.3105,7820026.027,-10069.2002,Dpoints
549589.3105,7821114.691,-10404.59961,Dpoints
549739.3105,7817811.168,-10354.5,Dpoints
551989.3105,7819312.77,-10208.7002,Dpoints
551576.8105,7818937.367,-10276.90039,Dpoints
551526.8105,7821696.559,-10257.7002,Dpoints
549426.8105,7820983.297,-10384.7002,Dpoints
552439.3105,7820251.27,-10177.40039,Dpoints
551676.8105,7819125.07,-10303.79981,Dpoints
551201.8105,7818974.91,-10427.2002,Dpoints
552026.8105,7816666.199,-10033.90039,Dpoints
551701.8105,7820795.598,-10563.79981,Dpoints
551189.3105,7820007.258,-10347.2002,Dpoints
550914.3105,7817510.848,-10230.5,Dpoints
549776.8105,7819763.25,-10380.59961,Dpoints
551039.3105,7819162.609,-10257.09961,Dpoints
549476.8105,7819744.48,-10480,Dpoints
551589.3105,7817829.938,-10101.5,Dpoints
550251.8105,7818167.797,-10394,Dpoints
552364.3105,7818486.891,-10040.79981,Dpoints
550989.3105,7817116.68,-10216.90039,Dpoints
550714.3105,7817567.16,-10219.29981,Dpoints
551414.3105,7817022.828,-10114.5,Dpoints
549239.3105,7818862.289,-10380.7002,Dpoints
549314.3105,7817323.148,-9576.019531,Dpoints
552164.3105,7818862.289,-9971.990234,Dpoints
551814.3105,7817773.629,-10073.90039,Dpoints
550014.3105,7817942.559,-10411.79981,Dpoints
551776.8105,7821508.859,-10401.79981,Dpoints
549501.8105,7820457.738,-10428.2002,Dpoints
552226.8105,7818712.129,-10011.29981,Dpoints
550326.8105,7817867.48,-10366.40039,Dpoints
552189.3105,7818355.5,-10025.59961,Dpoints
549776.8105,7821396.238,-10430.5,Dpoints
551526.8105,7820551.59,-10427.79981,Dpoints
551439.3105,7820833.141,-10477.2002,Dpoints
550001.8105,7821677.789,-10453.7002,Dpoints
549214.3105,7818693.359,-10358.09961,Dpoints
549114.3105,7818299.188,-10445.09961,Dpoints
549714.3105,7819068.758,-10203.7002,Dpoints
550289.3105,7817285.609,-10053.40039,Dpoints
550726.8105,7818599.508,-10355.90039,Dpoints
550039.3105,7821621.48,-10454.79981,Dpoints
552451.8105,7818843.52,-10008.7002,Dpoints
552451.8105,7821227.309,-10310.59961,Dpoints
552189.3105,7820157.418,-9806.339844,Dpoints
549401.8105,7818805.98,-10092.5,Dpoints
550226.8105,7818205.34,-10397.09961,Dpoints
550076.8105,7820476.508,-9828,Dpoints
550889.3105,7819087.527,-10009.09961,Dpoints
549576.8105,7821208.539,-10398.90039,Dpoints
552001.8105,7818674.59,-10014.09961,Dpoints
550201.8105,7817886.25,-10386.79981,Dpoints
551701.8105,7819087.527,-10294.5,Dpoints
549051.8105,7818730.898,-10460.7002,Dpoints
549864.3105,7816966.52,-10197.09961,Dpoints
549539.3105,7819838.328,-10452.7002,Dpoints
549414.3105,7819763.25,-10479.2002,Dpoints
549701.8105,7821734.102,-10405.5,Dpoints
549576.8105,7817304.379,-9907.080078,Dpoints
551064.3105,7817435.77,-10190.29981,Dpoints
552114.3105,7818167.797,-10051.09961,Dpoints
550726.8105,7821527.629,-10587.09961,Dpoints
550351.8105,7821640.25,-10525.59961,Dpoints
552389.3105,7820194.961,-10123.59961,Dpoints
549926.8105,7821095.918,-10473,Dpoints
550614.3105,7817266.84,-10238.5,Dpoints
550164.3105,7821189.77,-10503.09961,Dpoints
549989.3105,7819782.02,-10124.2002,Dpoints
552076.8105,7818280.418,-10035.5,Dpoints
552451.8105,7818712.129,-10035,Dpoints
552289.3105,7821621.48,-10248.2002,Dpoints
549251.8105,7817585.93,-9760.730469,Dpoints
550039.3105,7818430.578,-10348.5,Dpoints
551214.3105,7821264.848,-10505.7002,Dpoints
552101.8105,7816816.359,-10016.59961,Dpoints
552226.8105,7818411.809,-10027.7002,Dpoints
550989.3105,7821415.008,-10576.40039,Dpoints
551626.8105,7817717.32,-10107.40039,Dpoints
551189.3105,7820795.598,-10461.79981,Dpoints
549264.3105,7819312.77,-10462,Dpoints
552001.8105,7817829.938,-10055.90039,Dpoints
551039.3105,7820307.578,-10260.40039,Dpoints
551389.3105,7816684.969,-10134.79981,Dpoints
551351.8105,7819181.379,-10312.5,Dpoints
549576.8105,7820270.039,-10386.59961,Dpoints
550864.3105,7817473.309,-10249.59961,Dpoints
550739.3105,7820870.68,-10150.40039,Dpoints
549626.8105,7820964.531,-10420.79981,Dpoints
551364.3105,7820082.34,-10360.7002,Dpoints
552401.8105,7818430.578,-10046.90039,Dpoints
549989.3105,7819594.32,-10259.2002,Dpoints
552101.8105,7819857.098,-9970.80957,Dpoints
552214.3105,7818280.418,-10039.09961,Dpoints
551214.3105,7820438.969,-10329.29981,Dpoints
551801.8105,7819650.629,-10230.7002,Dpoints
551351.8105,7819988.488,-10382.40039,Dpoints
550889.3105,7821677.789,-10564.29981,Dpoints
552401.8105,7818486.891,-10044.7002,Dpoints
550889.3105,7817717.32,-10135.5,Dpoints
552026.8105,7816872.668,-10029.59961,Dpoints
551151.8105,7817304.379,-10164.40039,Dpoints
551239.3105,7818881.059,-10446.7002,Dpoints
549276.8105,7821527.629,-10353.7002,Dpoints
549776.8105,7820570.359,-10343.09961,Dpoints
551289.3105,7820194.961,-10370.2002,Dpoints
551464.3105,7819162.609,-10248.2002,Dpoints
550851.8105,7817417,-10264.79981,Dpoints
549776.8105,7821659.02,-10416.59961,Dpoints
549389.3105,7818242.879,-10425.5,Dpoints
549989.3105,7819068.758,-10312.79981,Dpoints
550001.8105,7818242.879,-10407.90039,Dpoints
548889.3105,7817998.871,-10410,Dpoints
550326.8105,7819575.551,-10147.59961,Dpoints
552126.8105,7818599.508,-10006.5,Dpoints
550651.8105,7816947.75,-10295.29981,Dpoints
552451.8105,7821621.48,-10194.2002,Dpoints
548939.3105,7818899.828,-10446.2002,Dpoints
549101.8105,7819162.609,-10444,Dpoints
552189.3105,7818411.809,-10023,Dpoints
549689.3105,7818299.188,-10337.29981,Dpoints
551714.3105,7817773.629,-10089.29981,Dpoints
549989.3105,7817510.848,-10334.09961,Dpoints
551089.3105,7817661.008,-10207.29981,Dpoints
549414.3105,7817848.711,-10250.7002,Dpoints
551576.8105,7821602.711,-10335,Dpoints
551814.3105,7820101.109,-9600.009766,Dpoints
552151.8105,7820288.809,-9781.620117,Dpoints
551089.3105,7819688.168,-10400.7002,Dpoints
551889.3105,7817323.148,-10054.59961,Dpoints
549851.8105,7820326.348,-10018.2002,Dpoints
550376.8105,7820157.418,-9632.839844,Dpoints
552339.3105,7820457.738,-10225.09961,Dpoints
551439.3105,7820194.961,-10302.2002,Dpoints
551776.8105,7818599.508,-10095.09961,Dpoints
550851.8105,7820044.801,-10060.09961,Dpoints
550089.3105,7817398.227,-10274.09961,Dpoints
549701.8105,7821790.41,-10400,Dpoints
552264.3105,7818787.207,-9991.129883,Dpoints
549464.3105,7819800.789,-10476.7002,Dpoints
552426.8105,7818787.207,-10020.29981,Dpoints
549039.3105,7818674.59,-10459.29981,Dpoints
550326.8105,7818167.797,-10382.09961,Dpoints
550001.8105,7817980.098,-10418.7002,Dpoints
551614.3105,7819875.867,-10159.29981,Dpoints
550926.8105,7816872.668,-10273.2002,Dpoints
550976.8105,7817172.988,-10203.90039,Dpoints
549114.3105,7818543.199,-10423.79981,Dpoints
551439.3105,7819782.02,-10423.29981,Dpoints
549326.8105,7818430.578,-10370.09961,Dpoints
550189.3105,7818805.98,-10433.2002,Dpoints
550864.3105,7818561.969,-10358.40039,Dpoints
551251.8105,7818993.68,-10372.90039,Dpoints
551939.3105,7818261.648,-10027.40039,Dpoints
550126.8105,7817623.469,-10356.5,Dpoints
551076.8105,7819143.84,-10317.2002,Dpoints
551389.3105,7817116.68,-10109.09961,Dpoints
550876.8105,7818167.797,-10284.40039,Dpoints
550164.3105,7818543.199,-10387.7002,Dpoints
551139.3105,7820476.508,-10293.29981,Dpoints
550164.3105,7820288.809,-9654.379883,Dpoints
550676.8105,7817980.098,-10162.90039,Dpoints
550839.3105,7819087.527,-9912.450195,Dpoints
549751.8105,7819387.852,-10149,Dpoints
549139.3105,7820964.531,-10349.79981,Dpoints
551176.8105,7820026.027,-10335.79981,Dpoints
551976.8105,7819481.699,-10255.40039,Dpoints
548926.8105,7819200.148,-10420.2002,Dpoints
552151.8105,7816741.277,-10008.79981,Dpoints
549464.3105,7820983.297,-10392.09961,Dpoints
549651.8105,7817172.988,-10155.7002,Dpoints
550214.3105,7817717.32,-10365.09961,Dpoints
552164.3105,7817172.988,-9958.629883,Dpoints
549689.3105,7821827.949,-10396,Dpoints
552214.3105,7818787.207,-9994.509766,Dpoints
549489.3105,7819819.559,-10475.90039,Dpoints
550064.3105,7819256.457,-10204.40039,Dpoints
550614.3105,7818224.109,-10368.5,Dpoints
548964.3105,7817886.25,-10399.40039,Dpoints
551889.3105,7818261.648,-10031.90039,Dpoints
550976.8105,7819218.918,-10129.90039,Dpoints
551039.3105,7821659.02,-10525.7002,Dpoints
549114.3105,7821002.07,-10345.2002,Dpoints
551839.3105,7821339.93,-10489,Dpoints
550139.3105,7820570.359,-9849.660156,Dpoints
549814.3105,7821790.41,-10422.59961,Dpoints
548989.3105,7818768.438,-10463,Dpoints
550414.3105,7819594.32,-10112.79981,Dpoints
548951.8105,7819406.617,-10423.29981,Dpoints
550139.3105,7820532.82,-9820.730469,Dpoints
550076.8105,7816872.668,-10011.40039,Dpoints
551264.3105,7820607.898,-10394.2002,Dpoints
549889.3105,7819218.918,-10233.59961,Dpoints
549664.3105,7817285.609,-10096.40039,Dpoints
550714.3105,7818655.82,-10321.40039,Dpoints
551276.8105,7820438.969,-10359.40039,Dpoints
551226.8105,7820551.59,-10363.79981,Dpoints
550239.3105,7821752.867,-10498.09961,Dpoints
552039.3105,7816703.738,-10031.09961,Dpoints
550351.8105,7821508.859,-10525.59961,Dpoints
548989.3105,7817961.328,-10420,Dpoints
551701.8105,7821490.09,-10412.2002,Dpoints
551651.8105,7817867.48,-10110.2002,Dpoints
549164.3105,7818993.68,-10462.09961,Dpoints
549964.3105,7820964.531,-10465.2002,Dpoints
550276.8105,7819819.559,-10062.09961,Dpoints
551026.8105,7821696.559,-10529.90039,Dpoints
549514.3105,7820983.297,-10401.79981,Dpoints
551564.3105,7817585.93,-10094.79981,Dpoints
551351.8105,7820514.051,-10391.79981,Dpoints
551576.8105,7817811.168,-10097.7002,Dpoints
551139.3105,7819012.449,-10420.29981,Dpoints
549851.8105,7821302.391,-10458.09961,Dpoints
549926.8105,7820945.758,-10466,Dpoints
552264.3105,7817867.48,-10047.7002,Dpoints
550676.8105,7820270.039,-9678.44043,Dpoints
551989.3105,7817285.609,-10040.09961,Dpoints
550251.8105,7821715.328,-10503,Dpoints
549864.3105,7820964.531,-10466.90039,Dpoints
550314.3105,7820889.449,-10140.2002,Dpoints
550364.3105,7821471.32,-10529.2002,Dpoints
549689.3105,7818674.59,-9736.290039,Dpoints
552451.8105,7820157.418,-10155.09961,Dpoints
548926.8105,7819256.457,-10419,Dpoints
551914.3105,7817004.059,-10027.7002,Dpoints
548926.8105,7819237.688,-10419.2002,Dpoints
549651.8105,7817736.09,-10288.09961,Dpoints
552351.8105,7817229.301,-9746.950195,Dpoints
552226.8105,7820232.5,-9877.150391,Dpoints
552064.3105,7816853.898,-10022.29981,Dpoints
551789.3105,7819556.777,-10266.59961,Dpoints
551651.8105,7817004.059,-10097.79981,Dpoints
549939.3105,7817022.828,-10125.29981,Dpoints
550801.8105,7816853.898,-10294.2002,Dpoints
551589.3105,7818637.047,-10209.2002,Dpoints
551614.3105,7819444.16,-10383.90039,Dpoints
552026.8105,7819688.168,-10196.2002,Dpoints
550976.8105,7818674.59,-10321.40039,Dpoints
551039.3105,7820194.961,-10256.59961,Dpoints
551214.3105,7819688.168,-10417.79981,Dpoints
550876.8105,7819444.16,-9976.480469,Dpoints
550214.3105,7817323.148,-10132.7002,Dpoints
550051.8105,7821002.07,-10475.2002,Dpoints
551114.3105,7819988.488,-10327.59961,Dpoints
548926.8105,7819275.23,-10418.90039,Dpoints
550764.3105,7816835.129,-10315.40039,Dpoints
549364.3105,7818937.367,-10285.40039,Dpoints
549126.8105,7818599.508,-10429.2002,Dpoints
548876.8105,7818881.059,-10437.40039,Dpoints
551476.8105,7821114.691,-10433.90039,Dpoints
548876.8105,7819406.617,-10383.5,Dpoints
550164.3105,7817717.32,-10371.2002,Dpoints
551964.3105,7819932.18,-9762.129883,Dpoints
550064.3105,7818599.508,-10307.90039,Dpoints
549964.3105,7819857.098,-10041.5,Dpoints
550026.8105,7817060.367,-9989.519531,Dpoints
550676.8105,7818092.719,-10270.79981,Dpoints
551264.3105,7819782.02,-10410,Dpoints
549151.8105,7818974.91,-10462.09961,Dpoints
550414.3105,7818261.648,-10368.79981,Dpoints
551401.8105,7819988.488,-10351.40039,Dpoints
552014.3105,7818862.289,-10021.29981,Dpoints
551726.8105,7820157.418,-9707.19043,Dpoints
549639.3105,7820532.82,-10406,Dpoints
548926.8105,7819218.918,-10419.59961,Dpoints
552314.3105,7820345.121,-10064.90039,Dpoints
550339.3105,7818242.879,-10379.5,Dpoints
549639.3105,7820739.289,-10435.7002,Dpoints
552076.8105,7818017.637,-10066.2002,Dpoints
550514.3105,7820983.297,-10243.59961,Dpoints
549751.8105,7821565.168,-10410.5,Dpoints
550314.3105,7817998.871,-10378.09961,Dpoints
549489.3105,7820589.129,-10419.5,Dpoints
550851.8105,7817886.25,-10074,Dpoints
550676.8105,7817905.02,-10083.29981,Dpoints
551489.3105,7820438.969,-10345,Dpoints
549526.8105,7818881.059,-9986.599609,Dpoints
551851.8105,7818317.957,-10033.90039,Dpoints
549939.3105,7819406.617,-10192.40039,Dpoints
552251.8105,7818017.637,-10062.2002,Dpoints
552439.3105,7816891.438,-9635.259766,Dpoints
549164.3105,7818749.668,-10411.09961,Dpoints
551189.3105,7817980.098,-10288.79981,Dpoints
551364.3105,7820213.73,-10362.90039,Dpoints
549376.8105,7817360.688,-9599.80957,Dpoints
551026.8105,7818130.258,-10225.7002,Dpoints
549526.8105,7818580.738,-9906.709961,Dpoints
549676.8105,7819819.559,-10395.5,Dpoints
551826.8105,7818937.367,-10234.5,Dpoints
551426.8105,7820288.809,-10335.5,Dpoints
548989.3105,7817942.559,-10415.90039,Dpoints
550714.3105,7817529.617,-10241.40039,Dpoints
551814.3105,7821790.41,-9951.639648,Dpoints
549689.3105,7820457.738,-10355.79981,Dpoints
551364.3105,7816853.898,-10125.79981,Dpoints
550589.3105,7820307.578,-9617.929688,Dpoints
548876.8105,7820044.801,-10399.90039,Dpoints
550851.8105,7818524.43,-10365.90039,Dpoints
550301.8105,7821283.617,-10518.29981,Dpoints
549976.8105,7817360.688,-10318.2002,Dpoints
550301.8105,7820176.188,-9619.30957,Dpoints
550601.8105,7817848.711,-10137.7002,Dpoints
552189.3105,7817905.02,-10058.5,Dpoints
550651.8105,7817492.078,-10262.59961,Dpoints
551839.3105,7820720.52,-10432.90039,Dpoints
551064.3105,7820063.57,-10270.7002,Dpoints
550901.8105,7818374.27,-10333.7002,Dpoints
552064.3105,7819819.559,-9992.879883,Dpoints
551776.8105,7817867.48,-10077.59961,Dpoints
549689.3105,7820532.82,-10379.90039,Dpoints
550364.3105,7817135.449,-9993.129883,Dpoints
548951.8105,7818280.418,-10411.79981,Dpoints
551264.3105,7819462.93,-10433.5,Dpoints
550876.8105,7820401.43,-10009.90039,Dpoints
550176.8105,7820626.668,-9848.5,Dpoints
551314.3105,7820119.879,-10376.5,Dpoints
549401.8105,7818674.59,-10048.2002,Dpoints
549851.8105,7819087.527,-10241.59961,Dpoints
549039.3105,7821152.23,-10324.2002,Dpoints
551539.3105,7817492.078,-10048.7002,Dpoints
552064.3105,7817905.02,-10066.40039,Dpoints
551864.3105,7819068.758,-10237.29981,Dpoints
549601.8105,7817210.527,-10021.79981,Dpoints
551626.8105,7821339.93,-10454.7002,Dpoints
549801.8105,7820964.531,-10453.59961,Dpoints
549101.8105,7819012.449,-10462.7002,Dpoints
549614.3105,7820908.219,-10424,Dpoints
550739.3105,7820664.211,-9867.360352,Dpoints
550676.8105,7817116.68,-10286,Dpoints
550051.8105,7819425.391,-10239.29981,Dpoints
550901.8105,7820176.188,-10095.09961,Dpoints
550264.3105,7820720.52,-9894.990234,Dpoints
549489.3105,7819425.391,-10371,Dpoints
549926.8105,7821415.008,-10456.59961,Dpoints
549226.8105,7818205.34,-10471.59961,Dpoints
550026.8105,7821095.918,-10482.90039,Dpoints
549826.8105,7819031.219,-10221.29981,Dpoints
549726.8105,7817079.141,-10272.79981,Dpoints
550226.8105,7818092.719,-10399,Dpoints
551376.8105,7819012.449,-10249.5,Dpoints
549789.3105,7818355.5,-10269.79981,Dpoints
550264.3105,7816966.52,-9850.349609,Dpoints
551939.3105,7819613.09,-10248.5,Dpoints
549376.8105,7819913.41,-10472.7002,Dpoints
549689.3105,7818655.82,-9740.589844,Dpoints
549276.8105,7818055.18,-10474.5,Dpoints
549226.8105,7818993.68,-10443.5,Dpoints
552451.8105,7818224.109,-10063.29981,Dpoints
549701.8105,7819312.77,-10162.7002,Dpoints
551201.8105,7819425.391,-10455,Dpoints
549864.3105,7819894.641,-10077.5,Dpoints
549601.8105,7818580.738,-9819.820313,Dpoints
549201.8105,7818618.281,-10375.5,Dpoints
549026.8105,7818637.047,-10453.2002,Dpoints
551326.8105,7818918.598,-10340.7002,Dpoints
551376.8105,7819800.789,-10437.5,Dpoints
550301.8105,7821433.781,-10518.09961,Dpoints
552151.8105,7820345.121,-9816.30957,Dpoints
552101.8105,7817210.527,-10002.59961,Dpoints
552201.8105,7817961.328,-10061.5,Dpoints
550764.3105,7819012.449,-9873.740234,Dpoints
550676.8105,7820007.258,-9827.69043,Dpoints
552276.8105,7818224.109,-10050.5,Dpoints
548889.3105,7820833.141,-10316.40039,Dpoints
551601.8105,7819950.949,-10124.7002,Dpoints
551564.3105,7819631.859,-10449.90039,Dpoints
550739.3105,7818374.27,-10385.90039,Dpoints
550614.3105,7816760.051,-10354.29981,Dpoints
551126.8105,7817473.309,-10168,Dpoints
550414.3105,7816816.359,-10184.09961,Dpoints
551689.3105,7819744.48,-10246.59961,Dpoints
552439.3105,7817980.098,-10035.09961,Dpoints
550189.3105,7819462.93,-10137.7002,Dpoints
550289.3105,7820213.73,-9608.639648,Dpoints
552389.3105,7821283.617,-10292.40039,Dpoints
551901.8105,7816966.52,-10034.79981,Dpoints
551576.8105,7819406.617,-10373.29981,Dpoints
550514.3105,7817172.988,-10209.7002,Dpoints
550126.8105,7818411.809,-10385.59961,Dpoints
552351.8105,7818073.949,-10065.5,Dpoints
550101.8105,7820270.039,-9699.240234,Dpoints
549626.8105,7819500.469,-10268.29981,Dpoints
548964.3105,7819087.527,-10435.5,Dpoints
549314.3105,7818974.91,-10376.90039,Dpoints
551864.3105,7818787.207,-10098.90039,Dpoints
549951.8105,7819932.18,-9968.519531,Dpoints
550289.3105,7818111.488,-10388.7002,Dpoints
551176.8105,7820157.418,-10322.40039,Dpoints
552264.3105,7817811.168,-10037.7002,Dpoints
551876.8105,7817848.711,-10058.7002,Dpoints
550001.8105,7817154.219,-10115,Dpoints
549026.8105,7818956.141,-10460,Dpoints
549901.8105,7819387.852,-10168.90039,Dpoints
552451.8105,7818655.82,-10037.79981,Dpoints
551014.3105,7817848.711,-10260.2002,Dpoints
550989.3105,7819350.309,-10134.90039,Dpoints
551114.3105,7820720.52,-10417,Dpoints
552001.8105,7818186.57,-10042.79981,Dpoints
552176.8105,7818730.898,-10011.5,Dpoints
550639.3105,7817698.547,-10139.90039,Dpoints
550651.8105,7820194.961,-9668.30957,Dpoints
552439.3105,7820307.578,-10194.59961,Dpoints
549314.3105,7818937.367,-10349.59961,Dpoints
550626.8105,7818036.41,-10244.29981,Dpoints
552101.8105,7816910.207,-10015.90039,Dpoints
549651.8105,7819218.918,-10200.7002,Dpoints
550714.3105,7817867.48,-10018.40039,Dpoints
551226.8105,7820570.359,-10370.29981,Dpoints
549901.8105,7821321.16,-10467.40039,Dpoints
551164.3105,7820926.988,-10510.79981,Dpoints
550826.8105,7818824.75,-10287.09961,Dpoints
549139.3105,7817773.629,-10124,Dpoints
549726.8105,7818468.117,-10053.90039,Dpoints
550201.8105,7820758.059,-10035.90039,Dpoints
551339.3105,7819162.609,-10314.09961,Dpoints
549814.3105,7819481.699,-10183.79981,Dpoints
549501.8105,7817623.469,-9969.540039,Dpoints
552076.8105,7820063.57,-9694.509766,Dpoints
550426.8105,7821565.168,-10537.7002,Dpoints
548876.8105,7820945.758,-10305,Dpoints
549926.8105,7817604.699,-10356.59961,Dpoints
550926.8105,7818111.488,-10246.2002,Dpoints
551564.3105,7819350.309,-10335.59961,Dpoints
550489.3105,7820945.758,-10178.59961,Dpoints
548876.8105,7820101.109,-10400.2002,Dpoints
549151.8105,7817454.539,-9648.469727,Dpoints
549514.3105,7819200.148,-10359.29981,Dpoints
550401.8105,7817642.238,-10320.90039,Dpoints
550814.3105,7818543.199,-10368.90039,Dpoints
552264.3105,7818599.508,-10015.59961,Dpoints
551751.8105,7816666.199,-10145.2002,Dpoints
550364.3105,7818167.797,-10375,Dpoints
550839.3105,7817679.777,-10120.59961,Dpoints
550839.3105,7818899.828,-10229.29981,Dpoints
551201.8105,7819462.93,-10449.59961,Dpoints
551789.3105,7816684.969,-10143,Dpoints
549551.8105,7821152.23,-10396.59961,Dpoints
551189.3105,7820589.129,-10359.79981,Dpoints
550939.3105,7816835.129,-10276.40039,Dpoints
552439.3105,7817285.609,-9651.169922,Dpoints
550939.3105,7817172.988,-10226.09961,Dpoints
552414.3105,7820119.879,-10128.40039,Dpoints
551389.3105,7820288.809,-10360.5,Dpoints
550189.3105,7818768.438,-10444.40039,Dpoints
552001.8105,7819969.719,-9740.790039,Dpoints
551039.3105,7820251.27,-10272.59961,Dpoints
551214.3105,7819031.219,-10394.2002,Dpoints
550664.3105,7817942.559,-10134.90039,Dpoints
549476.8105,7818599.508,-9963.139648,Dpoints
551264.3105,7820401.43,-10350.90039,Dpoints
550151.8105,7820138.648,-9625.629883,Dpoints
550114.3105,7817661.008,-10364.79981,Dpoints
550914.3105,7820007.258,-10171.29981,Dpoints
550114.3105,7821114.691,-10497.79981,Dpoints
549064.3105,7816722.508,-10514.29981,Dpoints
551439.3105,7817116.68,-10113,Dpoints
549451.8105,7820814.371,-10402.79981,Dpoints
548964.3105,7819143.84,-10429,Dpoints
550864.3105,7818186.57,-10297,Dpoints
550139.3105,7818505.66,-10384.29981,Dpoints
550401.8105,7817698.547,-10317,Dpoints
550901.8105,7817079.141,-10261.79981,Dpoints
551864.3105,7820570.359,-10075.59961,Dpoints
550876.8105,7819125.07,-9953.150391,Dpoints
549576.8105,7819838.328,-10431.79981,Dpoints
549789.3105,7819387.852,-10136.40039,Dpoints
549714.3105,7820589.129,-10386.09961,Dpoints
550076.8105,7821114.691,-10486.79981,Dpoints
549826.8105,7821490.09,-10431.29981,Dpoints
550239.3105,7817923.789,-10385.7002,Dpoints
551326.8105,7819631.859,-10405.2002,Dpoints
552014.3105,7819106.301,-10073.90039,Dpoints
548926.8105,7819181.379,-10421,Dpoints
552439.3105,7817323.148,-9675.450195,Dpoints
551326.8105,7819575.551,-10410.5,Dpoints
550764.3105,7818655.82,-10325.59961,Dpoints
549514.3105,7820251.27,-10420.29981,Dpoints
549664.3105,7817135.449,-10205.79981,Dpoints
548889.3105,7819162.609,-10419.40039,Dpoints
550389.3105,7819556.777,-10091.90039,Dpoints
549551.8105,7817379.461,-9832.519531,Dpoints
548989.3105,7819387.852,-10427.5,Dpoints
550876.8105,7817923.789,-10120.09961,Dpoints
549001.8105,7818730.898,-10468.29981,Dpoints
551551.8105,7821227.309,-10435.09961,Dpoints
549826.8105,7821827.949,-10424.79981,Dpoints
551426.8105,7820232.5,-10321.2002,Dpoints
549926.8105,7816928.98,-10132.59961,Dpoints
550276.8105,7817923.789,-10379,Dpoints
550951.8105,7817079.141,-10249.59961,Dpoints
550989.3105,7819181.379,-10168.2002,Dpoints
550189.3105,7820101.109,-9628.889648,Dpoints
551914.3105,7817548.387,-10065,Dpoints
548951.8105,7817848.711,-10390.90039,Dpoints
549264.3105,7818899.828,-10376.79981,Dpoints
550876.8105,7818899.828,-10286.59961,Dpoints
550651.8105,7819838.328,-10012.59961,Dpoints
550651.8105,7818224.109,-10356.90039,Dpoints
552001.8105,7821321.16,-10503.40039,Dpoints
550076.8105,7819218.918,-10205.2002,Dpoints
552351.8105,7821790.41,-10122.29981,Dpoints
550939.3105,7821077.148,-10558.2002,Dpoints
550089.3105,7816891.438,-9962.080078,Dpoints
552164.3105,7817116.68,-9959.519531,Dpoints
550214.3105,7821114.691,-10478.2002,Dpoints
552276.8105,7821152.23,-10482.7002,Dpoints
549901.8105,7821677.789,-10437.09961,Dpoints
552351.8105,7820495.281,-10276.29981,Dpoints
551414.3105,7817248.07,-10110.7002,Dpoints
550201.8105,7820476.508,-9699.320313,Dpoints
551401.8105,7819669.398,-10470.7002,Dpoints
551576.8105,7816816.359,-10139.5,Dpoints
549776.8105,7819706.938,-10394.09961,Dpoints
550764.3105,7821827.949,-10558.79981,Dpoints
551764.3105,7817773.629,-10079.79981,Dpoints
549939.3105,7819106.301,-10308.79981,Dpoints
552201.8105,7821640.25,-10269.79981,Dpoints
548964.3105,7818993.68,-10447.09961,Dpoints
550064.3105,7817473.309,-10299.29981,Dpoints
550364.3105,7820082.34,-9658.55957,Dpoints
549814.3105,7819331.539,-10120.29981,Dpoints
550251.8105,7820476.508,-9683.780273,Dpoints
549951.8105,7819012.449,-10298.59961,Dpoints
552039.3105,7817811.168,-10058.79981,Dpoints
550351.8105,7820532.82,-9717.349609,Dpoints
551014.3105,7820626.668,-10331.29981,Dpoints
550089.3105,7817829.938,-10394.09961,Dpoints
549926.8105,7819350.309,-10184.5,Dpoints
551576.8105,7820176.188,-10074.5,Dpoints
551051.8105,7820495.281,-10292.59961,Dpoints
551151.8105,7819481.699,-10427.40039,Dpoints
549901.8105,7820570.359,-10182.79981,Dpoints
552089.3105,7821152.23,-10541.59961,Dpoints
550076.8105,7817867.48,-10394.90039,Dpoints
549314.3105,7818561.969,-10248.59961,Dpoints
551814.3105,7817942.559,-10076.90039,Dpoints
551151.8105,7819688.168,-10421.5,Dpoints
551801.8105,7820589.129,-10138.79981,Dpoints
551401.8105,7816928.98,-10119.2002,Dpoints
550251.8105,7820082.34,-9650.450195,Dpoints
550739.3105,7817961.328,-10102.40039,Dpoints
549514.3105,7817323.148,-9801.620117,Dpoints
550201.8105,7817454.539,-10291.59961,Dpoints
550964.3105,7817548.387,-10221.79981,Dpoints
552401.8105,7818712.129,-10024.40039,Dpoints
550614.3105,7817980.098,-10208,Dpoints
549976.8105,7821152.23,-10477.90039,Dpoints
550151.8105,7820345.121,-9690.929688,Dpoints
551926.8105,7819669.398,-10216.29981,Dpoints
551051.8105,7816985.289,-10240.09961,Dpoints
551664.3105,7817135.449,-10107,Dpoints
551776.8105,7816947.75,-10073.40039,Dpoints
550526.8105,7817529.617,-10280.59961,Dpoints
551776.8105,7817398.227,-10067.79981,Dpoints
550851.8105,7821565.168,-10569.59961,Dpoints
550189.3105,7821734.102,-10488,Dpoints
550014.3105,7821846.719,-10454.40039,Dpoints
551139.3105,7821171,-10536,Dpoints
549889.3105,7817848.711,-10400.40039,Dpoints
552301.8105,7821659.02,-10228.40039,Dpoints
549326.8105,7820983.297,-10370.2002,Dpoints
552126.8105,7821171,-10533.29981,Dpoints
549964.3105,7820889.449,-10432.29981,Dpoints
551526.8105,7816910.207,-10129.59961,Dpoints
551289.3105,7820645.438,-10407.09961,Dpoints
551714.3105,7817379.461,-10061.2002,Dpoints
550264.3105,7817717.32,-10353.5,Dpoints
551839.3105,7817060.367,-10033.90039,Dpoints
549514.3105,7818674.59,-9891.55957,Dpoints
551264.3105,7821171,-10500.29981,Dpoints
549576.8105,7821058.379,-10405.90039,Dpoints
550351.8105,7821846.719,-10513.59961,Dpoints
551201.8105,7819519.238,-10453.29981,Dpoints
551276.8105,7819613.09,-10409.09961,Dpoints
549339.3105,7818130.258,-10468.29981,Dpoints
552201.8105,7821133.457,-10521,Dpoints
550126.8105,7817492.078,-10323.7002,Dpoints
550389.3105,7817961.328,-10339.2002,Dpoints
551926.8105,7819143.84,-10213.29981,Dpoints
552001.8105,7821283.617,-10516.40039,Dpoints
552101.8105,7819913.41,-9896.599609,Dpoints
550776.8105,7821471.32,-10598,Dpoints
551226.8105,7820232.5,-10335,Dpoints
551964.3105,7816647.43,-10034.90039,Dpoints
552314.3105,7818486.891,-10033.5,Dpoints
552364.3105,7820983.297,-10471,Dpoints
551601.8105,7817285.609,-10068.2002,Dpoints
551251.8105,7820758.059,-10447.79981,Dpoints
552439.3105,7817604.699,-9863.55957,Dpoints
550051.8105,7817736.09,-10385.2002,Dpoints
550189.3105,7821527.629,-10486.59961,Dpoints
550876.8105,7816816.359,-10280.59961,Dpoints
549939.3105,7817079.141,-10155.90039,Dpoints
551889.3105,7817473.309,-10068.59961,Dpoints
551126.8105,7819594.32,-10436.2002,Dpoints
552026.8105,7818149.027,-10048.29981,Dpoints
550801.8105,7820363.887,-9822.790039,Dpoints
552164.3105,7818280.418,-10038.59961,Dpoints
551339.3105,7817022.828,-10114.2002,Dpoints
551139.3105,7821734.102,-10507.7002,Dpoints
549364.3105,7817323.148,-9599.349609,Dpoints
550164.3105,7820926.988,-10368.5,Dpoints
552201.8105,7821565.168,-10320.79981,Dpoints
551401.8105,7820476.508,-10404.79981,Dpoints
549839.3105,7819538.008,-10209.79981,Dpoints
552114.3105,7821039.609,-10551.29981,Dpoints
548901.8105,7819594.32,-10419.29981,Dpoints
551451.8105,7816891.438,-10123.79981,Dpoints
552214.3105,7816703.738,-9972.200195,Dpoints
551626.8105,7821114.691,-10458.09961,Dpoints
551664.3105,7821283.617,-10472.59961,Dpoints
549789.3105,7819312.77,-10121.59961,Dpoints
551501.8105,7816928.98,-10126.79981,Dpoints
551301.8105,7820682.98,-10417.09961,Dpoints
549401.8105,7819312.77,-10400.90039,Dpoints
551226.8105,7820270.039,-10331.7002,Dpoints
551776.8105,7821152.23,-10498.79981,Dpoints
552439.3105,7817623.469,-9872.570313,Dpoints
549801.8105,7819538.008,-10210.59961,Dpoints
551651.8105,7820795.598,-10555.2002,Dpoints
551776.8105,7821189.77,-10500.90039,Dpoints
550876.8105,7819669.398,-10266.59961,Dpoints
551839.3105,7817116.68,-10034.40039,Dpoints
549964.3105,7821809.18,-10453.7002,Dpoints
550226.8105,7819031.219,-10046.7002,Dpoints
550326.8105,7817905.02,-10362,Dpoints
551539.3105,7821189.77,-10428.09961,Dpoints
549839.3105,7817792.398,-10384.29981,Dpoints
550851.8105,7821302.391,-10631.90039,Dpoints
552064.3105,7816778.816,-10022.7002,Dpoints
550864.3105,7819631.859,-10250,Dpoints
550501.8105,7818092.719,-10324.59961,Dpoints
550764.3105,7820232.5,-9809.639648,Dpoints
550101.8105,7821433.781,-10477.09961,Dpoints
549264.3105,7820833.141,-10371.5,Dpoints
550676.8105,7821208.539,-10539,Dpoints
551976.8105,7816891.438,-10036.09961,Dpoints
552301.8105,7818543.199,-10026.29981,Dpoints
551839.3105,7817154.219,-10037.29981,Dpoints
551639.3105,7816778.816,-10145.5,Dpoints
549964.3105,7821546.398,-10448.79981,Dpoints
550414.3105,7821640.25,-10538.2002,Dpoints
551751.8105,7817736.09,-10089.2002,Dpoints
552451.8105,7816966.52,-9608.580078,Dpoints
551489.3105,7817492.078,-10047.7002,Dpoints
550189.3105,7819819.559,-10040,Dpoints
549939.3105,7821827.949,-10445.5,Dpoints
552389.3105,7821659.02,-10204.40039,Dpoints
549039.3105,7818167.797,-10435.2002,Dpoints
550376.8105,7821415.008,-10532.09961,Dpoints
550989.3105,7820983.297,-10537.09961,Dpoints
551901.8105,7816647.43,-10081.59961,Dpoints
552064.3105,7821659.02,-10271.7002,Dpoints
550264.3105,7818993.68,-10009.90039,Dpoints
549526.8105,7817454.539,-9804.299805,Dpoints
551639.3105,7816816.359,-10143.59961,Dpoints
550614.3105,7821152.23,-10450.29981,Dpoints
549951.8105,7821771.641,-10447.40039,Dpoints
551789.3105,7821302.391,-10495.90039,Dpoints
551664.3105,7817210.527,-10076.59961,Dpoints
550326.8105,7817942.559,-10367.2002,Dpoints
551751.8105,7817604.699,-10099.09961,Dpoints
551726.8105,7817473.309,-10068.09961,Dpoints
550976.8105,7817980.098,-10248.7002,Dpoints
549289.3105,7819031.219,-10427.79981,Dpoints
551814.3105,7818261.648,-10075.7002,Dpoints
550339.3105,7820119.879,-9644.879883,Dpoints
552151.8105,7821546.398,-10359.40039,Dpoints
552376.8105,7819969.719,-10098.7002,Dpoints
551239.3105,7817942.559,-10313.5,Dpoints
549814.3105,7817379.461,-10334.7002,Dpoints
552026.8105,7818036.41,-10065.2002,Dpoints
551426.8105,7817435.77,-10062.5,Dpoints
550851.8105,7821283.617,-10626.79981,Dpoints
551576.8105,7816722.508,-10140.90039,Dpoints
550964.3105,7819950.949,-10227.09961,Dpoints
551276.8105,7819706.938,-10409.29981,Dpoints
551101.8105,7817022.828,-10208.59961,Dpoints
551751.8105,7821583.941,-10376.79981,Dpoints
549176.8105,7817623.469,-9865.400391,Dpoints
552064.3105,7816760.051,-10024.29981,Dpoints
551914.3105,7821827.949,-9868.719727,Dpoints
550039.3105,7817773.629,-10391,Dpoints
552414.3105,7820514.051,-10317.79981,Dpoints
551576.8105,7819125.07,-10287.09961,Dpoints
550914.3105,7819819.559,-10208.29981,Dpoints
550651.8105,7817454.539,-10265,Dpoints
549901.8105,7819500.469,-10202.79981,Dpoints
551789.3105,7820495.281,-9971.599609,Dpoints
551176.8105,7820082.34,-10327.29981,Dpoints
551764.3105,7819031.219,-10269.2002,Dpoints
551964.3105,7820776.828,-10552,Dpoints
550876.8105,7817304.379,-10263.5,Dpoints
550501.8105,7818149.027,-10344.90039,Dpoints
552439.3105,7817492.078,-9803.450195,Dpoints
550189.3105,7821490.09,-10488.90039,Dpoints
550314.3105,7821189.77,-10502,Dpoints
552101.8105,7821771.641,-10057.5,Dpoints
550251.8105,7821227.309,-10510.29981,Dpoints
550226.8105,7819444.16,-10043.90039,Dpoints
551401.8105,7819087.527,-10231.29981,Dpoints
551326.8105,7818843.52,-10376.7002,Dpoints
551964.3105,7817585.93,-10041.5,Dpoints
551376.8105,7817510.848,-10048.2002,Dpoints
551014.3105,7816891.438,-10267.40039,Dpoints
551626.8105,7816647.43,-10143.09961,Dpoints
550064.3105,7821752.867,-10464.2002,Dpoints
549101.8105,7819125.07,-10447.7002,Dpoints
550301.8105,7821508.859,-10516.79981,Dpoints
549276.8105,7820870.68,-10371.29981,Dpoints
551151.8105,7819913.41,-10361.7002,Dpoints
552151.8105,7817060.367,-9973.450195,Dpoints
552414.3105,7817736.09,-9938.570313,Dpoints
549964.3105,7820457.738,-9940.160156,Dpoints
552264.3105,7820307.578,-9963.530273,Dpoints
549976.8105,7820007.258,-9856.610352,Dpoints
549476.8105,7820101.109,-10407.29981,Dpoints
549576.8105,7819256.457,-10244.5,Dpoints
550401.8105,7821490.09,-10535.7002,Dpoints
550826.8105,7821583.941,-10570.5,Dpoints
550614.3105,7821227.309,-10532.2002,Dpoints
549451.8105,7818111.488,-10415.40039,Dpoints
548976.8105,7818693.359,-10467.5,Dpoints
552376.8105,7821339.93,-10276.5,Dpoints
548889.3105,7818224.109,-10405,Dpoints
549514.3105,7819969.719,-10411,Dpoints
550076.8105,7820119.879,-9681.44043,Dpoints
551151.8105,7821602.711,-10490.2002,Dpoints
551476.8105,7817792.398,-10109.09961,Dpoints
551951.8105,7816872.668,-10036.59961,Dpoints
550976.8105,7816928.98,-10266,Dpoints
551551.8105,7819688.168,-10412.29981,Dpoints
551489.3105,7816760.051,-10134.5,Dpoints
550514.3105,7818374.27,-10369.29981,Dpoints
552351.8105,7818543.199,-10034.79981,Dpoints
551026.8105,7817229.301,-10170.09961,Dpoints
549551.8105,7820908.219,-10416,Dpoints
549226.8105,7821677.789,-10360.2002,Dpoints
549764.3105,7820626.668,-10377.40039,Dpoints
550076.8105,7821790.41,-10465.90039,Dpoints
551214.3105,7820326.348,-10322.40039,Dpoints
548889.3105,7817379.461,-10017.59961,Dpoints
551014.3105,7816760.051,-10279.29981,Dpoints
551651.8105,7816741.277,-10146.7002,Dpoints
549951.8105,7821583.941,-10446,Dpoints
551114.3105,7820157.418,-10283.90039,Dpoints
551901.8105,7821246.078,-10522.79981,Dpoints
550914.3105,7821189.77,-10599.7002,Dpoints
551101.8105,7821377.469,-10545.59961,Dpoints
549189.3105,7818862.289,-10420.29981,Dpoints
550101.8105,7821339.93,-10487.79981,Dpoints
551126.8105,7816760.051,-10275.09961,Dpoints
550051.8105,7819312.77,-10204.59961,Dpoints
550289.3105,7820063.57,-9679.349609,Dpoints
551876.8105,7818205.34,-10052.79981,Dpoints
550076.8105,7821546.398,-10460.2002,Dpoints
551539.3105,7818993.68,-10259.79981,Dpoints
548951.8105,7818393.039,-10415.7002,Dpoints
551751.8105,7817698.547,-10098.29981,Dpoints
549114.3105,7817698.547,-10016.79981,Dpoints
550926.8105,7820964.531,-10481.2002,Dpoints
551051.8105,7819218.918,-10258.5,Dpoints
551389.3105,7819444.16,-10435.5,Dpoints
549789.3105,7819838.328,-10242.09961,Dpoints
551339.3105,7821602.711,-10443.59961,Dpoints
551851.8105,7816666.199,-10129.09961,Dpoints
549889.3105,7819575.551,-10245.40039,Dpoints
551489.3105,7817454.539,-10062.5,Dpoints
551026.8105,7818805.98,-10340,Dpoints
550201.8105,7821396.238,-10500.2002,Dpoints
549626.8105,7819800.789,-10419.09961,Dpoints
548926.8105,7818055.18,-10414.7002,Dpoints
550114.3105,7820964.531,-10416.09961,Dpoints
552351.8105,7821677.789,-10206.79981,Dpoints
550139.3105,7821433.781,-10484.5,Dpoints
551901.8105,7818317.957,-10014.90039,Dpoints
549776.8105,7817191.758,-10278.7002,Dpoints
552151.8105,7816947.75,-9987.530273,Dpoints
551114.3105,7819125.07,-10362.09961,Dpoints
551851.8105,7817548.387,-10073.59961,Dpoints
552051.8105,7817154.219,-10016.7002,Dpoints
551789.3105,7817248.07,-10050.79981,Dpoints
549689.3105,7817867.48,-10357.40039,Dpoints
552114.3105,7817961.328,-10066.2002,Dpoints
550726.8105,7821339.93,-10586.7002,Dpoints
551776.8105,7821077.148,-10500.29981,Dpoints
551839.3105,7821020.84,-10529.79981,Dpoints
550351.8105,7821396.238,-10526.7002,Dpoints
550001.8105,7816966.52,-10023,Dpoints
551126.8105,7817341.918,-10160.2002,Dpoints
551764.3105,7820213.73,-9664.620117,Dpoints
550414.3105,7817792.398,-10302.7002,Dpoints
552039.3105,7816985.289,-10029.09961,Dpoints
552089.3105,7820758.059,-10515.29981,Dpoints
551401.8105,7819594.32,-10460.59961,Dpoints
550426.8105,7820814.371,-9884.900391,Dpoints
551001.8105,7821020.84,-10555.59961,Dpoints
550076.8105,7817623.469,-10357.7002,Dpoints
551276.8105,7819669.398,-10408,Dpoints
551701.8105,7821734.102,-10119.5,Dpoints
549851.8105,7817905.02,-10402.09961,Dpoints
549089.3105,7818055.18,-10451.29981,Dpoints
550164.3105,7818055.18,-10408.2002,Dpoints
551476.8105,7819894.641,-10322.29981,Dpoints
549126.8105,7818843.52,-10447.40039,Dpoints
550151.8105,7821283.617,-10504.29981,Dpoints
550289.3105,7816666.199,-10365.29981,Dpoints
551601.8105,7817510.848,-10071.90039,Dpoints
551201.8105,7821358.699,-10488.79981,Dpoints
550614.3105,7821246.078,-10546.7002,Dpoints
550389.3105,7820532.82,-9721.519531,Dpoints
550976.8105,7821790.41,-10550.40039,Dpoints
552051.8105,7820983.297,-10560.90039,Dpoints
549064.3105,7818843.52,-10462.7002,Dpoints
551264.3105,7821020.84,-10495.5,Dpoints
551489.3105,7820101.109,-10237.2002,Dpoints
552089.3105,7817060.367,-10008.40039,Dpoints
551039.3105,7817022.828,-10226.7002,Dpoints
549701.8105,7821095.918,-10424.29981,Dpoints
551326.8105,7821152.23,-10490.90039,Dpoints
549739.3105,7819444.16,-10172.7002,Dpoints
552289.3105,7817229.301,-9831.179688,Dpoints
550764.3105,7821715.328,-10560.40039,Dpoints
550914.3105,7817961.328,-10179.79981,Dpoints
550176.8105,7819387.852,-10081.09961,Dpoints
552164.3105,7816835.129,-9992.230469,Dpoints
550339.3105,7821114.691,-10462,Dpoints
549789.3105,7817792.398,-10367.79981,Dpoints
551089.3105,7821846.719,-10532.29981,Dpoints
550801.8105,7819857.098,-10075.40039,Dpoints
550614.3105,7820701.75,-9781.540039,Dpoints
550514.3105,7817473.309,-10279.09961,Dpoints
551726.8105,7817210.527,-10069.79981,Dpoints
551889.3105,7821002.07,-10545.79981,Dpoints
550126.8105,7821659.02,-10468.79981,Dpoints
549089.3105,7817717.32,-10070,Dpoints
549689.3105,7818693.359,-9736.339844,Dpoints
550926.8105,7821771.641,-10563.40039,Dpoints
548901.8105,7817435.77,-10014.09961,Dpoints
551789.3105,7819369.078,-10252.40039,Dpoints
550864.3105,7819500.469,-10038.59961,Dpoints
551689.3105,7820044.801,-9804.769531,Dpoints
551464.3105,7817191.758,-10113.09961,Dpoints
549176.8105,7817567.16,-9761.830078,Dpoints
551664.3105,7817454.539,-10060.90039,Dpoints
552289.3105,7820795.598,-10505.2002,Dpoints
551576.8105,7820983.297,-10463.79981,Dpoints
550189.3105,7819613.09,-10183.90039,Dpoints
550389.3105,7818486.891,-10336.40039,Dpoints
550189.3105,7817492.078,-10323.7002,Dpoints
549726.8105,7817717.32,-10313,Dpoints
551889.3105,7820119.879,-9552.120117,Dpoints
549314.3105,7821095.918,-10361.29981,Dpoints
552289.3105,7818355.5,-10039.5,Dpoints
549564.3105,7820476.508,-10425.5,Dpoints
551826.8105,7818618.281,-10036.2002,Dpoints
551614.3105,7818768.438,-10306.59961,Dpoints
551326.8105,7818974.91,-10302,Dpoints
551164.3105,7821302.391,-10518.7002,Dpoints
551276.8105,7820270.039,-10360.29981,Dpoints
550864.3105,7819012.449,-10071.40039,Dpoints
551339.3105,7817097.91,-10111,Dpoints
551439.3105,7821189.77,-10454.2002,Dpoints
551151.8105,7819838.328,-10380,Dpoints
549339.3105,7817435.77,-9591.799805,Dpoints
550401.8105,7821809.18,-10520.40039,Dpoints
550201.8105,7821264.848,-10510.90039,Dpoints
549964.3105,7817867.48,-10403.40039,Dpoints
552039.3105,7817679.777,-10052.79981,Dpoints
552314.3105,7820532.82,-10261.5,Dpoints
549914.3105,7821264.848,-10470.79981,Dpoints
549739.3105,7819500.469,-10208.29981,Dpoints
552264.3105,7816760.051,-9914.25,Dpoints
551539.3105,7817210.527,-10092.59961,Dpoints
549876.8105,7821809.18,-10435.40039,Dpoints
551026.8105,7817454.539,-10220.40039,Dpoints
549551.8105,7819688.168,-10462.79981,Dpoints
551539.3105,7821058.379,-10438.29981,Dpoints
549501.8105,7818524.43,-9984.540039,Dpoints
551401.8105,7819725.711,-10461.2002,Dpoints
551864.3105,7819143.84,-10247.40039,Dpoints
551601.8105,7817229.301,-10077.59961,Dpoints
551226.8105,7820476.508,-10342.59961,Dpoints
551514.3105,7819988.488,-10236.09961,Dpoints
551101.8105,7819575.551,-10418.59961,Dpoints
549901.8105,7817998.871,-10417.29981,Dpoints
550251.8105,7816797.59,-9974.639648,Dpoints
551739.3105,7819218.918,-10270.29981,Dpoints
551276.8105,7821677.789,-10432.29981,Dpoints
550614.3105,7821602.711,-10567.79981,Dpoints
551964.3105,7817229.301,-10040.29981,Dpoints
550814.3105,7818317.957,-10367.40039,Dpoints
551051.8105,7821339.93,-10577,Dpoints
550451.8105,7821264.848,-10527,Dpoints
551564.3105,7817679.777,-10102.09961,Dpoints
549139.3105,7818674.59,-10419.59961,Dpoints
549839.3105,7817510.848,-10310.40039,Dpoints
550839.3105,7818224.109,-10330.59961,Dpoints
550951.8105,7820007.258,-10208,Dpoints
551214.3105,7821677.789,-10466.90039,Dpoints
552139.3105,7817623.469,-10041.09961,Dpoints
551151.8105,7821583.941,-10488.90039,Dpoints
551476.8105,7820589.129,-10463.5,Dpoints
551776.8105,7817097.91,-10054.29981,Dpoints
550339.3105,7817642.238,-10338,Dpoints
551626.8105,7821133.457,-10457.29981,Dpoints
551314.3105,7817398.227,-10082.29981,Dpoints
552239.3105,7819988.488,-9985.580078,Dpoints
551439.3105,7817510.848,-10055.40039,Dpoints
550464.3105,7820514.051,-9721.75,Dpoints
550501.8105,7818055.18,-10307.2002,Dpoints
548889.3105,7819444.16,-10401,Dpoints
550126.8105,7821058.379,-10474,Dpoints
551264.3105,7821302.391,-10483.59961,Dpoints
550601.8105,7816947.75,-10268.29981,Dpoints
550226.8105,7820345.121,-9641.160156,Dpoints
551889.3105,7817360.688,-10058.90039,Dpoints
551051.8105,7821114.691,-10577.29981,Dpoints
549101.8105,7818712.129,-10440.59961,Dpoints
549789.3105,7818430.578,-10128.59961,Dpoints
551926.8105,7817773.629,-10050,Dpoints
550189.3105,7821602.711,-10484.09961,Dpoints
551939.3105,7819744.48,-10134.59961,Dpoints
549251.8105,7821133.457,-10351.40039,Dpoints
551714.3105,7821189.77,-10483.7002,Dpoints
550676.8105,7817642.238,-10165.90039,Dpoints
551014.3105,7820645.438,-10342.40039,Dpoints
551664.3105,7817266.84,-10059,Dpoints
551926.8105,7817698.547,-10054.40039,Dpoints
550689.3105,7819688.168,-10075.90039,Dpoints
551739.3105,7819162.609,-10271.40039,Dpoints
549876.8105,7821490.09,-10440.40039,Dpoints
550964.3105,7820851.91,-10439.29981,Dpoints
551276.8105,7820345.121,-10357.29981,Dpoints
551301.8105,7819087.527,-10326.40039,Dpoints
549576.8105,7821715.328,-10388,Dpoints
549851.8105,7817585.93,-10331,Dpoints
551851.8105,7817698.547,-10071.90039,Dpoints
550126.8105,7821715.328,-10472.7002,Dpoints
551676.8105,7819462.93,-10358.2002,Dpoints
549501.8105,7821734.102,-10373.79981,Dpoints
550064.3105,7817942.559,-10408.90039,Dpoints
549451.8105,7817435.77,-9691.360352,Dpoints
550389.3105,7819857.098,-9961.459961,Dpoints
549939.3105,7819594.32,-10259.40039,Dpoints
551151.8105,7821020.84,-10527.40039,Dpoints
551839.3105,7817492.078,-10059.7002,Dpoints
551326.8105,7821189.77,-10486.59961,Dpoints
549839.3105,7820251.27,-10023.29981,Dpoints
551476.8105,7819425.391,-10439.59961,Dpoints
549626.8105,7821433.781,-10393.29981,Dpoints
550814.3105,7817980.098,-10129.5,Dpoints
551414.3105,7816891.438,-10121.90039,Dpoints
550314.3105,7821264.848,-10517.7002,Dpoints
550801.8105,7816703.738,-10292,Dpoints
549689.3105,7817379.461,-10121.40039,Dpoints
550726.8105,7821171,-10515.09961,Dpoints
549801.8105,7821227.309,-10438.59961,Dpoints
552114.3105,7817435.77,-10015.7002,Dpoints
551776.8105,7817079.141,-10053.90039,Dpoints
551651.8105,7821490.09,-10405.29981,Dpoints
551039.3105,7820795.598,-10456.79981,Dpoints
549726.8105,7819688.168,-10398,Dpoints
549489.3105,7821133.457,-10387.7002,Dpoints
550001.8105,7820401.43,-9851.280273,Dpoints
551089.3105,7819913.41,-10339.40039,Dpoints
550501.8105,7817848.711,-10232.7002,Dpoints
552239.3105,7818149.027,-10062.40039,Dpoints
549739.3105,7821039.609,-10433.40039,Dpoints
550089.3105,7821471.32,-10484.5,Dpoints
551676.8105,7820401.43,-9932.990234,Dpoints
549926.8105,7819312.77,-10194.59961,Dpoints
549039.3105,7818524.43,-10418.40039,Dpoints
552101.8105,7817792.398,-10056.29981,Dpoints
549101.8105,7818205.34,-10452.5,Dpoints
551089.3105,7819106.301,-10349,Dpoints
550489.3105,7818824.75,-10187.2002,Dpoints
550014.3105,7821546.398,-10454.2002,Dpoints
550514.3105,7816684.969,-10356.2002,Dpoints
551264.3105,7821208.539,-10497.90039,Dpoints
550889.3105,7817135.449,-10251.59961,Dpoints
550189.3105,7821640.25,-10485.09961,Dpoints
552201.8105,7817623.469,-10023,Dpoints
552239.3105,7819782.02,-10117,Dpoints
552076.8105,7817266.84,-10017.40039,Dpoints
551301.8105,7817754.859,-10178.29981,Dpoints
551089.3105,7820495.281,-10292,Dpoints
550926.8105,7819669.398,-10303.40039,Dpoints
551589.3105,7817097.91,-10122.79981,Dpoints
552389.3105,7820776.828,-10461.7002,Dpoints
551464.3105,7820363.887,-10330.29981,Dpoints
551389.3105,7816760.051,-10132,Dpoints
552451.8105,7817116.68,-9589.919922,Dpoints
551926.8105,7818374.27,-10008.40039,Dpoints
549751.8105,7819594.32,-10278.59961,Dpoints
550439.3105,7821321.16,-10544.79981,Dpoints
549714.3105,7819650.629,-10365,Dpoints
551576.8105,7816872.668,-10136,Dpoints
551826.8105,7821677.789,-10158,Dpoints
551701.8105,7819556.777,-10380.7002,Dpoints
550101.8105,7818543.199,-10363.29981,Dpoints
549576.8105,7818768.438,-9836.480469,Dpoints
551964.3105,7821246.078,-10526.7002,Dpoints
551864.3105,7819782.02,-10115.2002,Dpoints
551839.3105,7816816.359,-10098.5,Dpoints
551389.3105,7817229.301,-10109.5,Dpoints
549914.3105,7821546.398,-10440.7002,Dpoints
552064.3105,7817848.711,-10062.40039,Dpoints
551276.8105,7817905.02,-10311.40039,Dpoints
551201.8105,7821508.859,-10470.2002,Dpoints
549989.3105,7818411.809,-10333.7002,Dpoints
551926.8105,7819500.469,-10247.40039,Dpoints
550376.8105,7821171,-10490.40039,Dpoints
549776.8105,7819575.551,-10252,Dpoints
551864.3105,7821396.238,-10465.7002,Dpoints
548964.3105,7819049.988,-10440.29981,Dpoints
551201.8105,7817848.711,-10313.09961,Dpoints
549001.8105,7817417,-9826.25,Dpoints
552026.8105,7818468.117,-10005.2002,Dpoints
551839.3105,7816741.277,-10131.79981,Dpoints
550251.8105,7821565.168,-10502.90039,Dpoints
550439.3105,7817191.758,-10120.7002,Dpoints
550026.8105,7817848.711,-10398.90039,Dpoints
552251.8105,7820382.66,-9993.650391,Dpoints
549476.8105,7819594.32,-10447.09961,Dpoints
549864.3105,7821546.398,-10431.79981,Dpoints
551489.3105,7821227.309,-10426.5,Dpoints
548951.8105,7817398.227,-9918.19043,Dpoints
551664.3105,7821321.16,-10467.40039,Dpoints
550926.8105,7819725.711,-10273.2002,Dpoints
551826.8105,7817285.609,-10053.40039,Dpoints
550801.8105,7820251.27,-9869.799805,Dpoints
551689.3105,7817698.547,-10106.90039,Dpoints
549576.8105,7817417,-9879.339844,Dpoints
552276.8105,7817529.617,-9962.44043,Dpoints
549489.3105,7818205.34,-10371.90039,Dpoints
551776.8105,7817548.387,-10081.90039,Dpoints
551176.8105,7820251.27,-10307.29981,Dpoints
550989.3105,7820701.75,-10359.79981,Dpoints
550739.3105,7817998.871,-10149.59961,Dpoints
550126.8105,7821565.168,-10468.7002,Dpoints
551714.3105,7821433.781,-10439.09961,Dpoints
550251.8105,7820438.969,-9667.530273,Dpoints
551089.3105,7817266.84,-10154.59961,Dpoints
551764.3105,7817829.938,-10078.59961,Dpoints
551964.3105,7817041.598,-10033.09961,Dpoints
551101.8105,7820363.887,-10270.7002,Dpoints
551101.8105,7819481.699,-10375.7002,Dpoints
549501.8105,7817435.77,-9752.94043,Dpoints
551564.3105,7816684.969,-10138.5,Dpoints
549726.8105,7820945.758,-10435.59961,Dpoints
552151.8105,7817792.398,-10050.2002,Dpoints
549189.3105,7818824.75,-10408.79981,Dpoints
551764.3105,7818768.438,-10244.59961,Dpoints
550864.3105,7821790.41,-10569.7002,Dpoints
550601.8105,7817942.559,-10189.7002,Dpoints
550026.8105,7821152.23,-10482.09961,Dpoints
550876.8105,7817229.301,-10248.29981,Dpoints
551614.3105,7817548.387,-10086.29981,Dpoints
551839.3105,7816947.75,-10039.90039,Dpoints
552326.8105,7821039.609,-10484.59961,Dpoints
551164.3105,7817041.598,-10197.7002,Dpoints
551276.8105,7821602.711,-10448.2002,Dpoints
549951.8105,7820570.359,-10132.79981,Dpoints
551889.3105,7821396.238,-10467.29981,Dpoints
550101.8105,7820307.578,-9722.099609,Dpoints
549864.3105,7816985.289,-10200.40039,Dpoints
550064.3105,7817492.078,-10323.7002,Dpoints
550451.8105,7817679.777,-10291.29981,Dpoints
551964.3105,7819669.398,-10216.59961,Dpoints
549814.3105,7817135.449,-10280,Dpoints
551201.8105,7821058.379,-10509.09961,Dpoints
552076.8105,7817304.379,-10022.29981,Dpoints
549601.8105,7818881.059,-9892.120117,Dpoints
551839.3105,7816872.668,-10068.2002,Dpoints
552376.8105,7816947.75,-9701.589844,Dpoints
551426.8105,7817341.918,-10107.90039,Dpoints
551664.3105,7817172.988,-10092.7002,Dpoints
552314.3105,7816703.738,-9876.709961,Dpoints
549451.8105,7819312.77,-10377.40039,Dpoints
551039.3105,7821809.18,-10544,Dpoints
551339.3105,7817191.758,-10110.59961,Dpoints
551764.3105,7821264.848,-10498.40039,Dpoints
551776.8105,7817004.059,-10070,Dpoints
549801.8105,7821039.609,-10447.40039,Dpoints
552214.3105,7816760.051,-9962.740234,Dpoints
550476.8105,7817510.848,-10309.09961,Dpoints
551776.8105,7817360.688,-10064.40039,Dpoints
550889.3105,7821321.16,-10633.7002,Dpoints
549989.3105,7821508.859,-10453.59961,Dpoints
552201.8105,7817661.008,-10028,Dpoints
550051.8105,7821339.93,-10477.5,Dpoints
551776.8105,7817022.828,-10055,Dpoints
552176.8105,7820833.141,-10558,Dpoints
551276.8105,7819819.559,-10410.29981,Dpoints
550851.8105,7821546.398,-10575.7002,Dpoints
550814.3105,7819725.711,-10168.29981,Dpoints
550314.3105,7821565.168,-10517.29981,Dpoints
550189.3105,7821752.867,-10487.5,Dpoints
550964.3105,7817492.078,-10231,Dpoints
550689.3105,7820814.371,-9960.549805,Dpoints
550014.3105,7821809.18,-10454.79981,Dpoints
550814.3105,7817585.93,-10198.90039,Dpoints
551039.3105,7820758.059,-10431.09961,Dpoints
550026.8105,7818655.82,-10270,Dpoints
549351.8105,7820926.988,-10377.5,Dpoints
552326.8105,7820739.289,-10470.79981,Dpoints
551139.3105,7821114.691,-10535.7002,Dpoints
549914.3105,7817867.48,-10401.40039,Dpoints
548951.8105,7819444.16,-10424.7002,Dpoints
550651.8105,7820795.598,-9879.259766,Dpoints
549501.8105,7817773.629,-10220.90039,Dpoints
552376.8105,7821827.949,-10110,Dpoints
551226.8105,7820514.051,-10352.09961,Dpoints
549489.3105,7820889.449,-10404.7002,Dpoints
549914.3105,7817754.859,-10392.7002,Dpoints
551626.8105,7818712.129,-10282,Dpoints
552301.8105,7821696.559,-10201.90039,Dpoints
551789.3105,7816891.438,-10090.29981,Dpoints
552164.3105,7816666.199,-10010.2002,Dpoints
550414.3105,7819988.488,-9706.929688,Dpoints
551039.3105,7820889.449,-10512.90039,Dpoints
551714.3105,7817867.48,-10089.40039,Dpoints
551926.8105,7819218.918,-10230.79981,Dpoints
550126.8105,7819218.918,-10138.09961,Dpoints
549226.8105,7818768.438,-10358,Dpoints
551026.8105,7819106.301,-10262.59961,Dpoints
551576.8105,7819218.918,-10290.5,Dpoints
552076.8105,7818205.34,-10044.09961,Dpoints
549289.3105,7818805.98,-10298.40039,Dpoints
551126.8105,7820570.359,-10325.79981,Dpoints
551651.8105,7819763.25,-10256.09961,Dpoints
550914.3105,7816684.969,-10290.59961,Dpoints
550376.8105,7817079.141,-9964.299805,Dpoints
552076.8105,7817360.688,-10028.2002,Dpoints
549951.8105,7821020.84,-10475.79981,Dpoints
551664.3105,7821621.48,-10349.90039,Dpoints
550601.8105,7820382.66,-9638.870117,Dpoints
550826.8105,7821396.238,-10628.09961,Dpoints
550364.3105,7821358.699,-10527.79981,Dpoints
548951.8105,7818937.367,-10448.2002,Dpoints
549339.3105,7821171,-10361.7002,Dpoints
550026.8105,7818956.141,-10329.79981,Dpoints
550201.8105,7819950.949,-9808.280273,Dpoints
552439.3105,7817022.828,-9611.660156,Dpoints
549089.3105,7817961.328,-10426.59961,Dpoints
549901.8105,7820645.438,-10254.59961,Dpoints
550039.3105,7818374.27,-10372.90039,Dpoints
551076.8105,7820664.211,-10375.7002,Dpoints
550139.3105,7816872.668,-9960.049805,Dpoints
548889.3105,7818693.359,-10448.2002,Dpoints
549639.3105,7821039.609,-10417.5,Dpoints
552164.3105,7817510.848,-10010.5,Dpoints
550076.8105,7821846.719,-10464.29981,Dpoints
549251.8105,7821077.148,-10355.09961,Dpoints
550839.3105,7818073.949,-10233.5,Dpoints
552426.8105,7816947.75,-9632.870117,Dpoints
549964.3105,7818937.367,-10291,Dpoints
549676.8105,7818111.488,-10378.79981,Dpoints
551189.3105,7821734.102,-10478.7002,Dpoints
551989.3105,7817754.859,-10052.5,Dpoints
549951.8105,7821677.789,-10445.90039,Dpoints
549951.8105,7820908.219,-10447.79981,Dpoints
551314.3105,7817435.77,-10067,Dpoints
552214.3105,7817379.461,-9950.419922,Dpoints
549864.3105,7817679.777,-10366.90039,Dpoints
551326.8105,7820401.43,-10387.2002,Dpoints
550076.8105,7820570.359,-9890.820313,Dpoints
550164.3105,7821396.238,-10494,Dpoints
551589.3105,7819519.238,-10459.90039,Dpoints
550789.3105,7818149.027,-10288.40039,Dpoints
551651.8105,7817811.168,-10091.79981,Dpoints
550414.3105,7821677.789,-10539.90039,Dpoints
551876.8105,7819556.777,-10244.2002,Dpoints
550076.8105,7817905.02,-10402.7002,Dpoints
551539.3105,7820664.211,-10517.29981,Dpoints
552226.8105,7817210.527,-9897.870117,Dpoints
551776.8105,7820044.801,-9660.580078,Dpoints
549039.3105,7818317.957,-10426.2002,Dpoints
549739.3105,7819200.148,-10187.59961,Dpoints
549464.3105,7819669.398,-10467.59961,Dpoints
550751.8105,7820288.809,-9776.290039,Dpoints
551926.8105,7817661.008,-10056.7002,Dpoints
551826.8105,7817360.688,-10063.90039,Dpoints
551401.8105,7820438.969,-10396.2002,Dpoints
549151.8105,7817829.938,-10210.90039,Dpoints
549876.8105,7818768.438,-9911.910156,Dpoints
551714.3105,7817323.148,-10057.40039,Dpoints
551376.8105,7821114.691,-10487.09961,Dpoints
549501.8105,7819312.77,-10346.2002,Dpoints
550339.3105,7818111.488,-10378,Dpoints
549751.8105,7820833.141,-10438.2002,Dpoints
549226.8105,7818299.188,-10463.79981,Dpoints
552076.8105,7816666.199,-10032.79981,Dpoints
549414.3105,7817529.617,-9711.5,Dpoints
551501.8105,7817548.387,-10074.59961,Dpoints
549601.8105,7819688.168,-10462.59961,Dpoints
551651.8105,7817417,-10057.5,Dpoints
551914.3105,7817642.238,-10060.79981,Dpoints
551914.3105,7818205.34,-10044,Dpoints
548889.3105,7818730.898,-10445.90039,Dpoints
551714.3105,7816853.898,-10142.59961,Dpoints
552151.8105,7816985.289,-9982.05957,Dpoints
551401.8105,7816985.289,-10116.29981,Dpoints
551501.8105,7819369.078,-10415.90039,Dpoints
549826.8105,7818862.289,-9894.360352,Dpoints
550426.8105,7821396.238,-10542.29981,Dpoints
552164.3105,7820964.531,-10555,Dpoints
552426.8105,7820270.039,-10174.2002,Dpoints
550951.8105,7820232.5,-10191,Dpoints
551214.3105,7819744.48,-10406.7002,Dpoints
550639.3105,7818787.207,-10267.40039,Dpoints
550389.3105,7817886.25,-10326,Dpoints
551839.3105,7817191.758,-10040.59961,Dpoints
551839.3105,7821227.309,-10516.79981,Dpoints
550251.8105,7821358.699,-10512.59961,Dpoints
549976.8105,7819462.93,-10227.29981,Dpoints
552014.3105,7817341.918,-10041.40039,Dpoints
552264.3105,7817435.77,-9935.950195,Dpoints
551576.8105,7817773.629,-10087.5,Dpoints
551501.8105,7818974.91,-10251.59961,Dpoints
550614.3105,7817341.918,-10253.5,Dpoints
551714.3105,7821058.379,-10485.09961,Dpoints
551714.3105,7817398.227,-10062.59961,Dpoints
549876.8105,7819969.719,-9988.240234,Dpoints
549714.3105,7818637.047,-9739.200195,Dpoints
551801.8105,7817604.699,-10085.7002,Dpoints
550114.3105,7819406.617,-10185.79981,Dpoints
551339.3105,7819706.938,-10437.09961,Dpoints
551114.3105,7820119.879,-10292,Dpoints
551476.8105,7819688.168,-10454.2002,Dpoints
552126.8105,7820026.027,-9796.75,Dpoints
552176.8105,7819875.867,-10038.09961,Dpoints
551789.3105,7819181.379,-10255.59961,Dpoints
551039.3105,7819744.48,-10373.40039,Dpoints
549339.3105,7817980.098,-10472,Dpoints
550901.8105,7817867.48,-10162.40039,Dpoints
551376.8105,7817360.688,-10090.90039,Dpoints
551189.3105,7819256.457,-10440.29981,Dpoints
550064.3105,7818280.418,-10405,Dpoints
550301.8105,7817736.09,-10352,Dpoints
551451.8105,7816797.59,-10130.5,Dpoints
550714.3105,7817172.988,-10236.40039,Dpoints
551501.8105,7816722.508,-10135.7002,Dpoints
551826.8105,7819800.789,-10085.59961,Dpoints
552189.3105,7818205.34,-10053.5,Dpoints
550851.8105,7817754.859,-10082.09961,Dpoints
551526.8105,7817097.91,-10119.40039,Dpoints
549951.8105,7819218.918,-10249.79981,Dpoints
549476.8105,7819988.488,-10414.7002,Dpoints
551901.8105,7816853.898,-10046.5,Dpoints
550739.3105,7817379.461,-10275.2002,Dpoints
550889.3105,7821246.078,-10617.5,Dpoints
549576.8105,7820514.051,-10422.90039,Dpoints
551001.8105,7819969.719,-10252.09961,Dpoints
550801.8105,7817435.77,-10270.5,Dpoints
551776.8105,7819950.949,-9756.679688,Dpoints
551839.3105,7817022.828,-10036.40039,Dpoints
548964.3105,7817642.238,-10010.7002,Dpoints
552389.3105,7821715.328,-10167.5,Dpoints
550376.8105,7821565.168,-10527.09961,Dpoints
550251.8105,7817116.68,-9889.669922,Dpoints
549876.8105,7820776.828,-10395.90039,Dpoints
549089.3105,7818637.047,-10435.7002,Dpoints
551864.3105,7817754.859,-10064.79981,Dpoints
549426.8105,7821208.539,-10373.7002,Dpoints
549464.3105,7818881.059,-10057.90039,Dpoints
551789.3105,7818468.117,-10037.79981,Dpoints
551101.8105,7820926.988,-10533.79981,Dpoints
551939.3105,7817829.938,-10049.09961,Dpoints
549689.3105,7821002.07,-10427.09961,Dpoints
549439.3105,7818336.73,-10401.29981,Dpoints
552364.3105,7820063.57,-10083.29981,Dpoints
550614.3105,7818280.418,-10373.59961,Dpoints
549439.3105,7819049.988,-10344.59961,Dpoints
549539.3105,7818693.359,-9857.799805,Dpoints
550051.8105,7817642.238,-10364.29981,Dpoints
551789.3105,7818393.039,-10045.40039,Dpoints
550826.8105,7818599.508,-10359.40039,Dpoints
551976.8105,7820044.801,-9626.219727,Dpoints
551139.3105,7817679.777,-10190.5,Dpoints
549839.3105,7817829.938,-10390.5,Dpoints
549901.8105,7819049.988,-10279.2002,Dpoints
551326.8105,7820382.66,-10384.09961,Dpoints
551826.8105,7817886.25,-10072,Dpoints
550139.3105,7817229.301,-10035,Dpoints
551089.3105,7817210.527,-10184.59961,Dpoints
551714.3105,7816891.438,-10136.09961,Dpoints
549939.3105,7819782.02,-10152.40039,Dpoints
551326.8105,7819744.48,-10432.09961,Dpoints
552264.3105,7820176.188,-9941.549805,Dpoints
549776.8105,7817304.379,-10278.7002,Dpoints
551226.8105,7820532.82,-10357.7002,Dpoints
551526.8105,7819406.617,-10407.2002,Dpoints
551264.3105,7821133.457,-10502,Dpoints
551464.3105,7817754.859,-10102.7002,Dpoints
549739.3105,7817867.48,-10371.79981,Dpoints
550114.3105,7817998.871,-10411.59961,Dpoints
552189.3105,7821264.848,-10456.2002,Dpoints
551551.8105,7819763.25,-10349.90039,Dpoints
551376.8105,7817398.227,-10074.5,Dpoints
551051.8105,7820551.59,-10311,Dpoints
551864.3105,7818092.719,-10063.2002,Dpoints
551314.3105,7819894.641,-10405.90039,Dpoints
550489.3105,7820270.039,-9611.089844,Dpoints
551389.3105,7817829.938,-10162.79981,Dpoints
550351.8105,7818862.289,-10128.79981,Dpoints
551151.8105,7821077.148,-10529.09961,Dpoints
549551.8105,7820870.68,-10419.5,Dpoints
552026.8105,7817548.387,-10038.90039,Dpoints
551626.8105,7817661.008,-10110.09961,Dpoints
551826.8105,7820964.531,-10548.90039,Dpoints
549901.8105,7818411.809,-10240.7002,Dpoints
551726.8105,7817510.848,-10074.7002,Dpoints
551464.3105,7819988.488,-10287.59961,Dpoints
550989.3105,7816872.668,-10270.59961,Dpoints
550664.3105,7817379.461,-10272,Dpoints
549889.3105,7817398.227,-10358.40039,Dpoints
549576.8105,7821020.84,-10408.90039,Dpoints
550414.3105,7816853.898,-10135,Dpoints
549676.8105,7820870.68,-10431.79981,Dpoints
549364.3105,7819068.758,-10405.5,Dpoints
551664.3105,7817248.07,-10062.90039,Dpoints
552451.8105,7816760.051,-9682.820313,Dpoints
551601.8105,7817341.918,-10066.40039,Dpoints
550001.8105,7818336.73,-10376.90039,Dpoints
550101.8105,7821377.469,-10483.79981,Dpoints
551539.3105,7817266.84,-10093.90039,Dpoints
551901.8105,7817097.91,-10033,Dpoints
552114.3105,7820889.449,-10578.09961,Dpoints
548901.8105,7819613.09,-10419,Dpoints
549889.3105,7821752.867,-10438.2002,Dpoints
551726.8105,7818561.969,-10147.5,Dpoints
550764.3105,7817623.469,-10162.79981,Dpoints
550239.3105,7817961.328,-10390.2002,Dpoints
551026.8105,7817248.07,-10168.79981,Dpoints
550351.8105,7821809.18,-10519.09961,Dpoints
551664.3105,7820851.91,-10550.29981,Dpoints
551714.3105,7817004.059,-10084.09961,Dpoints
552039.3105,7820833.141,-10578.40039,Dpoints
549676.8105,7819669.398,-10414.7002,Dpoints
551214.3105,7819838.328,-10393.40039,Dpoints
551314.3105,7819406.617,-10438.29981,Dpoints
551864.3105,7817642.238,-10071.7002,Dpoints
551601.8105,7821527.629,-10376.90039,Dpoints
552214.3105,7817717.32,-10030.5,Dpoints
551201.8105,7819538.008,-10453.90039,Dpoints
551314.3105,7817379.461,-10089.59961,Dpoints
551251.8105,7819594.32,-10424.7002,Dpoints
550514.3105,7816835.129,-10272,Dpoints
551951.8105,7816816.359,-10034.40039,Dpoints
551089.3105,7819613.09,-10411.7002,Dpoints
549751.8105,7821095.918,-10431.2002,Dpoints
550989.3105,7820157.418,-10240.5,Dpoints
552314.3105,7817060.367,-9784.990234,Dpoints
549339.3105,7818092.719,-10480.2002,Dpoints
549789.3105,7817942.559,-10397.29981,Dpoints
549864.3105,7821246.078,-10460.7002,Dpoints
551439.3105,7817360.688,-10099.59961,Dpoints
550876.8105,7819857.098,-10150.40039,Dpoints
550789.3105,7821227.309,-10575.79981,Dpoints
552201.8105,7821152.23,-10515,Dpoints
550201.8105,7820438.969,-9681.419922,Dpoints
551339.3105,7817135.449,-10110.40039,Dpoints
549339.3105,7818505.66,-10255.09961,Dpoints
551664.3105,7817473.309,-10063.2002,Dpoints
550426.8105,7817548.387,-10309.29981,Dpoints
549989.3105,7819125.07,-10300.40039,Dpoints
550414.3105,7820570.359,-9720.969727,Dpoints
550126.8105,7817454.539,-10289.59961,Dpoints
549826.8105,7816947.75,-10218,Dpoints
549901.8105,7821621.48,-10435.40039,Dpoints
551201.8105,7821171,-10513.90039,Dpoints
552451.8105,7818599.508,-10041.79981,Dpoints
550389.3105,7817923.789,-10332,Dpoints
552226.8105,7821621.48,-10274.40039,Dpoints
549364.3105,7819312.77,-10428.29981,Dpoints
549301.8105,7821339.93,-10352.7002,Dpoints
552439.3105,7817360.688,-9704.519531,Dpoints
551926.8105,7819181.379,-10223.09961,Dpoints
550064.3105,7821696.559,-10461.09961,Dpoints
549526.8105,7819894.641,-10436.5,Dpoints
551639.3105,7817754.859,-10092.09961,Dpoints
549401.8105,7818280.418,-10424.40039,Dpoints
549739.3105,7821133.457,-10427.59961,Dpoints
551101.8105,7820307.578,-10268.59961,Dpoints
551276.8105,7821640.25,-10440.59961,Dpoints
551339.3105,7820288.809,-10375.40039,Dpoints
551901.8105,7817135.449,-10037,Dpoints
552326.8105,7818149.027,-10065.2002,Dpoints
552189.3105,7816891.438,-9966.459961,Dpoints
552114.3105,7819969.719,-9847.339844,Dpoints
549489.3105,7818918.598,-10075.2002,Dpoints
551639.3105,7817060.367,-10123.09961,Dpoints
551139.3105,7820739.289,-10429.7002,Dpoints
552439.3105,7821114.691,-10400.29981,Dpoints
549076.8105,7818299.188,-10436.5,Dpoints
550051.8105,7820457.738,-9835.080078,Dpoints
552451.8105,7818486.891,-10046.90039,Dpoints
550126.8105,7817435.77,-10275.59961,Dpoints
550826.8105,7821433.781,-10619.59961,Dpoints
551214.3105,7820926.988,-10493.90039,Dpoints
551901.8105,7817060.367,-10030.7002,Dpoints
549489.3105,7817266.84,-9804.070313,Dpoints
549914.3105,7817792.398,-10396.79981,Dpoints
552226.8105,7818468.117,-10023.7002,Dpoints
549864.3105,7820026.027,-9952.290039,Dpoints
551264.3105,7819538.008,-10426.40039,Dpoints
550701.8105,7820758.059,-9909.589844,Dpoints
551764.3105,7819012.449,-10269.40039,Dpoints
552189.3105,7818468.117,-10019.29981,Dpoints
550039.3105,7817417,-10297.79981,Dpoints
549726.8105,7817773.629,-10335.79981,Dpoints
549689.3105,7817811.168,-10337.79981,Dpoints
551889.3105,7818805.98,-10075.09961,Dpoints
551464.3105,7817041.598,-10117.90039,Dpoints
551426.8105,7817285.609,-10110.79981,Dpoints
551964.3105,7816703.738,-10035.09961,Dpoints
550314.3105,7821396.238,-10520.59961,Dpoints
550039.3105,7821659.02,-10456.59961,Dpoints
551839.3105,7817004.059,-10055.90039,Dpoints
552401.8105,7821227.309,-10308.40039,Dpoints
549951.8105,7821377.469,-10463.79981,Dpoints
550351.8105,7821696.559,-10527.79981,Dpoints
551664.3105,7821246.078,-10474.29981,Dpoints
551201.8105,7821133.457,-10512.90039,Dpoints
548876.8105,7817454.539,-10043.2002,Dpoints
552376.8105,7821020.84,-10462.5,Dpoints
551801.8105,7818317.957,-10063.40039,Dpoints
552176.8105,7818599.508,-10007.90039,Dpoints
550226.8105,7817379.461,-10212.5,Dpoints
550014.3105,7821264.848,-10478.5,Dpoints
549164.3105,7818712.129,-10406.59961,Dpoints
550389.3105,7820589.129,-9723.969727,Dpoints
551476.8105,7819857.098,-10346.29981,Dpoints
549589.3105,7818599.508,-9829.719727,Dpoints
550476.8105,7817191.758,-10176.59961,Dpoints
551764.3105,7817285.609,-10055.5,Dpoints
550989.3105,7821058.379,-10566.29981,Dpoints
549539.3105,7821114.691,-10395.09961,Dpoints
551851.8105,7817942.559,-10068.5,Dpoints
550426.8105,7821827.949,-10521.90039,Dpoints
550851.8105,7819744.48,-10229.40039,Dpoints
549964.3105,7817923.789,-10410.29981,Dpoints
551376.8105,7819894.641,-10404.90039,Dpoints
552201.8105,7818242.879,-10046.5,Dpoints
552039.3105,7819969.719,-9764.730469,Dpoints
552126.8105,7817285.609,-9995.700195,Dpoints
551164.3105,7820889.449,-10502.29981,Dpoints
550039.3105,7817698.547,-10379,Dpoints
551176.8105,7819031.219,-10404.90039,Dpoints
550276.8105,7818130.258,-10391,Dpoints
551826.8105,7817811.168,-10070.5,Dpoints
551389.3105,7821227.309,-10479.79981,Dpoints
549051.8105,7818768.438,-10462.29981,Dpoints
550864.3105,7816853.898,-10277.2002,Dpoints
549039.3105,7818186.57,-10434.79981,Dpoints
552276.8105,7821583.941,-10266.90039,Dpoints
552276.8105,7818411.809,-10035.79981,Dpoints
551189.3105,7820814.371,-10470.40039,Dpoints
549976.8105,7817079.141,-10092,Dpoints
552451.8105,7818430.578,-10048,Dpoints
551001.8105,7818092.719,-10240.90039,Dpoints
550876.8105,7821640.25,-10563.2002,Dpoints
549476.8105,7820307.578,-10436.7002,Dpoints
551514.3105,7816816.359,-10134.40039,Dpoints
549801.8105,7820570.359,-10335.09961,Dpoints
549889.3105,7819650.629,-10283.7002,Dpoints
550351.8105,7819538.008,-10081.79981,Dpoints
549989.3105,7817473.309,-10333.5,Dpoints
550789.3105,7821189.77,-10553.59961,Dpoints
552339.3105,7820420.199,-10181.09961,Dpoints
551876.8105,7821321.16,-10499,Dpoints
551314.3105,7820495.281,-10378.2002,Dpoints
550076.8105,7820607.898,-9953.389648,Dpoints
552339.3105,7817116.68,-9754.450195,Dpoints
552189.3105,7816910.207,-9963.089844,Dpoints
551151.8105,7819594.32,-10448.79981,Dpoints
551351.8105,7816891.438,-10123.7002,Dpoints
550751.8105,7820701.75,-9927.139648,Dpoints
552401.8105,7818224.109,-10058.2002,Dpoints
552026.8105,7818130.258,-10051.40039,Dpoints
550414.3105,7821602.711,-10536.2002,Dpoints
549739.3105,7820532.82,-10342.90039,Dpoints
552039.3105,7819481.699,-10234.2002,Dpoints
552076.8105,7816928.98,-10022.40039,Dpoints
552151.8105,7817022.828,-9977.320313,Dpoints
550389.3105,7820044.801,-9668.55957,Dpoints
551601.8105,7819744.48,-10317.79981,Dpoints
551826.8105,7820983.297,-10540.29981,Dpoints
551601.8105,7821490.09,-10396.29981,Dpoints
550851.8105,7819875.867,-10121.40039,Dpoints
550814.3105,7820401.43,-9860.150391,Dpoints
551526.8105,7816985.289,-10127.59961,Dpoints
550926.8105,7821715.328,-10563.59961,Dpoints
549976.8105,7821264.848,-10475.90039,Dpoints
549726.8105,7820926.988,-10436,Dpoints
551376.8105,7821189.77,-10483.29981,Dpoints
549789.3105,7817905.02,-10392.29981,Dpoints
551514.3105,7816853.898,-10131.7002,Dpoints
550114.3105,7820607.898,-9898.959961,Dpoints
551526.8105,7817004.059,-10119.40039,Dpoints
548914.3105,7819725.711,-10417.29981,Dpoints
549039.3105,7819125.07,-10440.2002,Dpoints
551339.3105,7817041.598,-10113,Dpoints
550301.8105,7821771.641,-10510.90039,Dpoints
552276.8105,7821358.699,-10303.90039,Dpoints
550751.8105,7820551.59,-9797.389648,Dpoints
552064.3105,7816741.277,-10026.40039,Dpoints
550951.8105,7820101.109,-10207.40039,Dpoints
551164.3105,7821734.102,-10494.5,Dpoints
552001.8105,7821264.848,-10522.09961,Dpoints
552226.8105,7821546.398,-10311.29981,Dpoints
551089.3105,7820438.969,-10277.40039,Dpoints
550726.8105,7820232.5,-9750.709961,Dpoints
551901.8105,7816684.969,-10079.29981,Dpoints
551101.8105,7820889.449,-10519.59961,Dpoints
550251.8105,7821246.078,-10512.7002,Dpoints
550426.8105,7821508.859,-10540.79981,Dpoints
552164.3105,7820908.219,-10565.29981,Dpoints
548889.3105,7817360.688,-10019.5,Dpoints
551826.8105,7818205.34,-10080.79981,Dpoints
550301.8105,7821715.328,-10515.79981,Dpoints
551989.3105,7817792.398,-10052.7002,Dpoints
550201.8105,7821452.551,-10494.2002,Dpoints
552014.3105,7817004.059,-10035.09961,Dpoints
551001.8105,7820194.961,-10246.59961,Dpoints
551039.3105,7820926.988,-10530.90039,Dpoints
551201.8105,7821396.238,-10480.29981,Dpoints
549464.3105,7820270.039,-10436.29981,Dpoints
549689.3105,7821133.457,-10421.29981,Dpoints
551739.3105,7821734.102,-10094.40039,Dpoints
551839.3105,7816910.207,-10050.29981,Dpoints
549864.3105,7817773.629,-10387.09961,Dpoints
551726.8105,7817248.07,-10056.59961,Dpoints
550126.8105,7821696.559,-10471.40039,Dpoints
549851.8105,7817022.828,-10221.59961,Dpoints
551276.8105,7821565.168,-10455.2002,Dpoints
551489.3105,7817172.988,-10112.59961,Dpoints
551539.3105,7820983.297,-10452.59961,Dpoints
550364.3105,7818524.43,-10335,Dpoints
551589.3105,7817135.449,-10110.29981,Dpoints
549389.3105,7821002.07,-10375.29981,Dpoints
551914.3105,7820082.34,-9567.570313,Dpoints
549726.8105,7820964.531,-10435,Dpoints
548914.3105,7819688.168,-10418.59961,Dpoints
552239.3105,7818355.5,-10031.2002,Dpoints
551814.3105,7818655.82,-10071.09961,Dpoints
551664.3105,7818749.668,-10299.2002,Dpoints
552014.3105,7819462.93,-10241.7002,Dpoints
551151.8105,7821264.848,-10528.79981,Dpoints
552039.3105,7821377.469,-10478.09961,Dpoints
551151.8105,7819857.098,-10375.79981,Dpoints
549964.3105,7817829.938,-10400.40039,Dpoints
552026.8105,7817642.238,-10049.29981,Dpoints
552264.3105,7816816.359,-9906.30957,Dpoints
551901.8105,7817022.828,-10031.09961,Dpoints
551401.8105,7820532.82,-10418.79981,Dpoints
551539.3105,7817248.07,-10094.90039,Dpoints
550251.8105,7821602.711,-10503,Dpoints
551976.8105,7816797.59,-10031.90039,Dpoints
549451.8105,7818543.199,-10050.40039,Dpoints
551601.8105,7817191.758,-10089.2002,Dpoints
551226.8105,7820495.281,-10347,Dpoints
551814.3105,7819782.02,-10120.79981,Dpoints
549889.3105,7818036.41,-10419.09961,Dpoints
551964.3105,7817191.758,-10040.5,Dpoints
551839.3105,7816835.129,-10088.90039,Dpoints
550426.8105,7821246.078,-10518.79981,Dpoints
552314.3105,7821377.469,-10279.59961,Dpoints
551564.3105,7817642.238,-10104.5,Dpoints
549151.8105,7818637.047,-10412.09961,Dpoints
552401.8105,7818655.82,-10034.2002,Dpoints
552139.3105,7817661.008,-10044.79981,Dpoints
552114.3105,7821002.07,-10554.7002,Dpoints
551214.3105,7821583.941,-10469,Dpoints
549914.3105,7819631.859,-10274.79981,Dpoints
551776.8105,7817135.449,-10053.7002,Dpoints
551626.8105,7821152.23,-10457.5,Dpoints
551439.3105,7817548.387,-10067.59961,Dpoints
551651.8105,7821039.609,-10472.79981,Dpoints
550464.3105,7820532.82,-9721.330078,Dpoints
550501.8105,7818036.41,-10298.29981,Dpoints
551614.3105,7817154.219,-10103,Dpoints
548889.3105,7819481.699,-10419.79981,Dpoints
550139.3105,7821020.84,-10450.59961,Dpoints
550614.3105,7816910.207,-10296,Dpoints
551039.3105,7821077.148,-10572.7002,Dpoints
551139.3105,7819725.711,-10406.79981,Dpoints
550039.3105,7821471.32,-10461.59961,Dpoints
549801.8105,7818393.039,-10194.90039,Dpoints
551926.8105,7817736.09,-10052.09961,Dpoints
551889.3105,7817417,-10064.59961,Dpoints
551089.3105,7819950.949,-10329.5,Dpoints
549301.8105,7821133.457,-10357.7002,Dpoints
551664.3105,7817323.148,-10056.5,Dpoints
551276.8105,7818862.289,-10413.09961,Dpoints
550701.8105,7820551.59,-9735.740234,Dpoints
552189.3105,7817736.09,-10038.59961,Dpoints
549889.3105,7821452.551,-10447.29981,Dpoints
551439.3105,7819444.16,-10435.5,Dpoints
549576.8105,7821752.867,-10385.79981,Dpoints
550126.8105,7821771.641,-10474.40039,Dpoints
549526.8105,7821715.328,-10380.09961,Dpoints
550026.8105,7819800.789,-10084,Dpoints
551326.8105,7821227.309,-10481.90039,Dpoints
551401.8105,7816853.898,-10124.5,Dpoints
549664.3105,7817398.227,-10062.40039,Dpoints
550176.8105,7817923.789,-10394.90039,Dpoints
551464.3105,7816853.898,-10127.29981,Dpoints
550726.8105,7821227.309,-10553.29981,Dpoints
552064.3105,7816722.508,-10028.59961,Dpoints
550139.3105,7821527.629,-10474.90039,Dpoints
550001.8105,7820382.66,-9843.879883,Dpoints
550514.3105,7817886.25,-10228.90039,Dpoints
549751.8105,7821002.07,-10439.09961,Dpoints
551101.8105,7819049.988,-10384.79981,Dpoints
550014.3105,7821602.711,-10453.09961,Dpoints
551264.3105,7821227.309,-10495.09961,Dpoints
551464.3105,7820326.348,-10313.59961,Dpoints
549064.3105,7816666.199,-10512.5,Dpoints
552226.8105,7816666.199,-9966.719727,Dpoints
551401.8105,7816797.59,-10129,Dpoints
549726.8105,7820908.219,-10436.40039,Dpoints
551139.3105,7820645.438,-10371.40039,Dpoints
549901.8105,7821583.941,-10436.09961,Dpoints
551201.8105,7821527.629,-10470.59961,Dpoints
551239.3105,7820720.52,-10431.5,Dpoints
552151.8105,7816853.898,-9997.75,Dpoints
549014.3105,7817379.461,-9795.410156,Dpoints
551839.3105,7816778.816,-10118.90039,Dpoints
551214.3105,7819875.867,-10385.90039,Dpoints
549826.8105,7821527.629,-10426.79981,Dpoints
550914.3105,7819744.48,-10278.59961,Dpoints
551826.8105,7817304.379,-10055.7002,Dpoints
552264.3105,7820232.5,-9942.370117,Dpoints
551801.8105,7817529.617,-10074.79981,Dpoints
551626.8105,7821095.918,-10459.5,Dpoints
550189.3105,7821565.168,-10484.5,Dpoints
551601.8105,7817304.379,-10067.90039,Dpoints
551089.3105,7817304.379,-10155.7002,Dpoints
551964.3105,7817060.367,-10031,Dpoints
550964.3105,7820063.57,-10217.2002,Dpoints
552139.3105,7819875.867,-10014.2002,Dpoints
551764.3105,7818805.98,-10262.5,Dpoints
549689.3105,7820176.188,-10225,Dpoints
549239.3105,7821377.469,-10346.7002,Dpoints
549789.3105,7818881.059,-9881.759766,Dpoints
550764.3105,7821771.641,-10561.90039,Dpoints
549101.8105,7818242.879,-10449.29981,Dpoints
549939.3105,7820401.43,-9906.959961,Dpoints
549739.3105,7817323.148,-10225.79981,Dpoints
551989.3105,7817717.32,-10052.59961,Dpoints
551789.3105,7818730.898,-10178,Dpoints
550139.3105,7818805.98,-10411.2002,Dpoints
551939.3105,7821790.41,-9872.209961,Dpoints
552126.8105,7818336.73,-10027.90039,Dpoints
549451.8105,7821771.641,-10365.2002,Dpoints
549439.3105,7818618.281,-10014.79981,Dpoints
551989.3105,7818261.648,-10028.09961,Dpoints
550764.3105,7820401.43,-9778.269531,Dpoints
551289.3105,7819950.949,-10388.29981,Dpoints
552289.3105,7817154.219,-9826.099609,Dpoints
551714.3105,7816666.199,-10146.40039,Dpoints
550251.8105,7821471.32,-10505.59961,Dpoints
552326.8105,7821490.09,-10242.7002,Dpoints
551176.8105,7821471.32,-10473.2002,Dpoints
550064.3105,7818167.797,-10420.7002,Dpoints
551989.3105,7821339.93,-10496.59961,Dpoints
552301.8105,7821452.551,-10266.5,Dpoints
550714.3105,7821846.719,-10552.90039,Dpoints
549939.3105,7819068.758,-10301.59961,Dpoints
549089.3105,7817473.309,-9731.410156,Dpoints
551201.8105,7819950.949,-10364.29981,Dpoints
551964.3105,7817435.77,-10051.79981,Dpoints
550976.8105,7817698.547,-10185.09961,Dpoints
552026.8105,7821621.48,-10329.7002,Dpoints
549439.3105,7819725.711,-10480.59961,Dpoints
549814.3105,7820701.75,-10390,Dpoints
550689.3105,7820194.961,-9707.089844,Dpoints
549476.8105,7818655.82,-9947.549805,Dpoints
550926.8105,7817135.449,-10241.5,Dpoints
549739.3105,7819312.77,-10144.29981,Dpoints
549601.8105,7817341.918,-9930.740234,Dpoints
549551.8105,7820232.5,-10394.79981,Dpoints
551701.8105,7817811.168,-10087.29981,Dpoints
550514.3105,7817998.871,-10273.59961,Dpoints
551439.3105,7819819.559,-10404.29981,Dpoints
550214.3105,7817754.859,-10368.7002,Dpoints
550864.3105,7817961.328,-10132.59961,Dpoints
549976.8105,7816928.98,-10078,Dpoints
549651.8105,7818749.668,-9776.69043,Dpoints
551514.3105,7819575.551,-10492.90039,Dpoints
549601.8105,7817529.617,-9986.719727,Dpoints
551901.8105,7817510.848,-10068.2002,Dpoints
550214.3105,7821171,-10498.29981,Dpoints
550601.8105,7821565.168,-10570.29981,Dpoints
550101.8105,7817792.398,-10387.7002,Dpoints
551114.3105,7819650.629,-10422.79981,Dpoints
549639.3105,7821640.25,-10395.29981,Dpoints
549401.8105,7817998.871,-10448.29981,Dpoints
549726.8105,7817548.387,-10241.79981,Dpoints
551001.8105,7821621.48,-10537.09961,Dpoints
549839.3105,7821583.941,-10424.59961,Dpoints
551626.8105,7821377.469,-10445.7002,Dpoints
552101.8105,7817004.059,-10012.29981,Dpoints
550889.3105,7819387.852,-9958.94043,Dpoints
549626.8105,7821077.148,-10413.2002,Dpoints
550114.3105,7820119.879,-9652.860352,Dpoints
551326.8105,7820026.027,-10382.40039,Dpoints
549776.8105,7819462.93,-10180.5,Dpoints
550914.3105,7817905.02,-10161.59961,Dpoints
552326.8105,7816666.199,-9873.280273,Dpoints
551889.3105,7820945.758,-10574.09961,Dpoints
549101.8105,7817754.859,-10116.29981,Dpoints
551826.8105,7819369.078,-10238.7002,Dpoints
550826.8105,7819500.469,-9974.139648,Dpoints
551701.8105,7820063.57,-9761.009766,Dpoints
549151.8105,7817529.617,-9719.780273,Dpoints
552264.3105,7820814.371,-10520.7002,Dpoints
550239.3105,7819594.32,-10181,Dpoints
551851.8105,7820776.828,-10506.40039,Dpoints
551289.3105,7818974.91,-10342,Dpoints
551301.8105,7820251.27,-10378.2002,Dpoints
551426.8105,7821227.309,-10463.40039,Dpoints
549501.8105,7818149.027,-10371.09961,Dpoints
550189.3105,7821208.539,-10506.09961,Dpoints
550801.8105,7820307.578,-9854.839844,Dpoints
551676.8105,7817642.238,-10117.5,Dpoints
549751.8105,7819519.238,-10215.2002,Dpoints
549901.8105,7821827.949,-10439.29981,Dpoints
551001.8105,7817473.309,-10228.59961,Dpoints
551539.3105,7821039.609,-10440.7002,Dpoints
551251.8105,7817848.711,-10295.79981,Dpoints
551526.8105,7819932.18,-10247.09961,Dpoints
551726.8105,7819256.457,-10282.40039,Dpoints
550814.3105,7818261.648,-10345.40039,Dpoints
551101.8105,7821321.16,-10554,Dpoints
549864.3105,7817510.848,-10323.2002,Dpoints
550789.3105,7818242.879,-10342.29981,Dpoints
551226.8105,7821640.25,-10462.90039,Dpoints
550326.8105,7817679.777,-10343.59961,Dpoints
551289.3105,7817717.32,-10151.79981,Dpoints
552276.8105,7819988.488,-10025,Dpoints
551264.3105,7821283.617,-10486.29981,Dpoints
549426.8105,7819819.559,-10479.40039,Dpoints
549639.3105,7818055.18,-10371.59961,Dpoints
549464.3105,7817510.848,-9763.469727,Dpoints
550126.8105,7821621.48,-10466.79981,Dpoints
551976.8105,7819744.48,-10138.79981,Dpoints
551726.8105,7821171,-10485.79981,Dpoints
550664.3105,7817604.699,-10206.90039,Dpoints
549826.8105,7821246.078,-10448.29981,Dpoints
551764.3105,7819125.07,-10263.59961,Dpoints
550976.8105,7820870.68,-10463.40039,Dpoints
551251.8105,7820326.348,-10344,Dpoints
551276.8105,7819106.301,-10346.7002,Dpoints
549851.8105,7817548.387,-10316.2002,Dpoints
551876.8105,7817717.32,-10071.2002,Dpoints
551701.8105,7819462.93,-10331.59961,Dpoints
550051.8105,7817998.871,-10419,Dpoints
549951.8105,7819538.008,-10236.59961,Dpoints
551151.8105,7820983.297,-10524.5,Dpoints
551839.3105,7817454.539,-10071.59961,Dpoints
552076.8105,7817435.77,-10029.40039,Dpoints
551664.3105,7821546.398,-10378.09961,Dpoints
551589.3105,7820251.27,-10031.5,Dpoints
549501.8105,7821152.23,-10388.59961,Dpoints
552276.8105,7818149.027,-10064.09961,Dpoints
550714.3105,7819594.32,-10024.09961,Dpoints
551639.3105,7820363.887,-9963.019531,Dpoints
549076.8105,7818543.199,-10421.7002,Dpoints
549164.3105,7818205.34,-10464.90039,Dpoints
550501.8105,7818805.98,-10229.29981,Dpoints
550826.8105,7817135.449,-10255.29981,Dpoints
552439.3105,7817154.219,-9607.200195,Dpoints
551901.8105,7818393.039,-10007.59961,Dpoints
549714.3105,7819613.09,-10318.5,Dpoints
549601.8105,7818749.668,-9803.969727,Dpoints
552026.8105,7821246.078,-10526.90039,Dpoints
551889.3105,7819744.48,-10144,Dpoints
549964.3105,7818430.578,-10292.90039,Dpoints
551939.3105,7819538.008,-10256,Dpoints
549739.3105,7818524.43,-9922.25,Dpoints
552026.8105,7818449.348,-10007,Dpoints
550401.8105,7817191.758,-10085.29981,Dpoints
550014.3105,7817905.02,-10406.09961,Dpoints
552201.8105,7820401.43,-9952.679688,Dpoints
551476.8105,7821208.539,-10431.5,Dpoints
551676.8105,7821358.699,-10461.59961,Dpoints
549576.8105,7817454.539,-9892.459961,Dpoints
551014.3105,7820720.52,-10391,Dpoints
549301.8105,7818862.289,-10315.40039,Dpoints
550889.3105,7821095.918,-10541.29981,Dpoints
552389.3105,7820420.199,-10244.90039,Dpoints
551239.3105,7820626.668,-10395,Dpoints
551851.8105,7818543.199,-10005.5,Dpoints
552076.8105,7817717.32,-10052.59961,Dpoints
550214.3105,7817829.938,-10377.59961,Dpoints
549989.3105,7820851.91,-10377.2002,Dpoints
549701.8105,7819406.617,-10178.40039,Dpoints
551026.8105,7820345.121,-10259.5,Dpoints
549239.3105,7818111.488,-10474.59961,Dpoints
551989.3105,7819200.148,-10168.90039,Dpoints
549714.3105,7821208.539,-10420.59961,Dpoints
551289.3105,7821396.238,-10470.40039,Dpoints
550839.3105,7820870.68,-10303.7002,Dpoints
552239.3105,7817567.16,-9995.379883,Dpoints
548889.3105,7819913.41,-10409.90039,Dpoints
552376.8105,7817473.309,-9832.870117,Dpoints
552101.8105,7821696.559,-10218.29981,Dpoints
549576.8105,7820044.801,-10348,Dpoints
551176.8105,7821415.008,-10481.09961,Dpoints
550026.8105,7821208.539,-10481.09961,Dpoints
552314.3105,7816741.277,-9863.240234,Dpoints
549539.3105,7817492.078,-9843.730469,Dpoints
551389.3105,7817172.988,-10108.7002,Dpoints
548889.3105,7819049.988,-10430,Dpoints
551039.3105,7819913.41,-10306.59961,Dpoints
549126.8105,7818899.828,-10457.09961,Dpoints
551801.8105,7821415.008,-10452.90039,Dpoints
551451.8105,7820495.281,-10406.7002,Dpoints
549451.8105,7819538.008,-10435.5,Dpoints
549589.3105,7820326.348,-10391.2002,Dpoints
549651.8105,7819744.48,-10458.79981,Dpoints
551089.3105,7821208.539,-10567.7002,Dpoints
551289.3105,7821358.699,-10472.29981,Dpoints
549551.8105,7818805.98,-9894.870117,Dpoints
551839.3105,7821114.691,-10512.90039,Dpoints
550939.3105,7821490.09,-10567.7002,Dpoints
552314.3105,7820119.879,-10020.59961,Dpoints
550951.8105,7818862.289,-10352.40039,Dpoints
551826.8105,7817867.48,-10071.2002,Dpoints
551526.8105,7819857.098,-10293.59961,Dpoints
550289.3105,7817792.398,-10359.90039,Dpoints
551126.8105,7817623.469,-10189.7002,Dpoints
551714.3105,7817454.539,-10065.90039,Dpoints
550964.3105,7818036.41,-10231.09961,Dpoints
550914.3105,7820833.141,-10370,Dpoints
549551.8105,7820926.988,-10414.2002,Dpoints
551851.8105,7818261.648,-10052.09961,Dpoints
552151.8105,7821583.941,-10332.40039,Dpoints
551076.8105,7817773.629,-10239.09961,Dpoints
552414.3105,7820007.258,-10108.2002,Dpoints
551214.3105,7817905.02,-10320.90039,Dpoints
549514.3105,7821771.641,-10375,Dpoints
549839.3105,7817360.688,-10344.2002,Dpoints
551426.8105,7817473.309,-10053.59961,Dpoints
551876.8105,7817811.168,-10058.5,Dpoints
550926.8105,7819950.949,-10190.40039,Dpoints
550364.3105,7821602.711,-10526.2002,Dpoints
551714.3105,7821583.941,-10377,Dpoints
550026.8105,7817829.938,-10397.09961,Dpoints
552451.8105,7820514.051,-10323.09961,Dpoints
550826.8105,7821264.848,-10611.90039,Dpoints
550939.3105,7819800.789,-10239,Dpoints
551139.3105,7819387.852,-10403.09961,Dpoints
549976.8105,7819200.148,-10263.90039,Dpoints
551726.8105,7820457.738,-9941.040039,Dpoints
551164.3105,7820101.109,-10321.40039,Dpoints
551926.8105,7817285.609,-10048.79981,Dpoints
551939.3105,7820795.598,-10555.90039,Dpoints
552439.3105,7817454.539,-9777.769531,Dpoints
550151.8105,7821471.32,-10482.7002,Dpoints
549951.8105,7821715.328,-10446.79981,Dpoints
550314.3105,7821152.23,-10486.7002,Dpoints
551814.3105,7819143.84,-10261.79981,Dpoints
551364.3105,7818824.75,-10362.90039,Dpoints
551976.8105,7817623.469,-10050.59961,Dpoints
551439.3105,7819706.938,-10459.59961,Dpoints
550301.8105,7821490.09,-10517.2002,Dpoints
551139.3105,7820664.211,-10382.59961,Dpoints
551364.3105,7817567.16,-10064.09961,Dpoints
551714.3105,7821039.609,-10487.79981,Dpoints
552164.3105,7817079.141,-9961.759766,Dpoints
550014.3105,7820457.738,-9869.160156,Dpoints
550626.8105,7820758.059,-9835.379883,Dpoints
550951.8105,7817867.48,-10217,Dpoints
552339.3105,7817135.449,-9756.860352,Dpoints
552226.8105,7820288.809,-9896.19043,Dpoints
549026.8105,7817492.078,-9825.929688,Dpoints
551839.3105,7821189.77,-10515.40039,Dpoints
549514.3105,7820101.109,-10392.29981,Dpoints
551089.3105,7820401.43,-10272.59961,Dpoints
550889.3105,7821583.941,-10563.79981,Dpoints
549451.8105,7818092.719,-10421.09961,Dpoints
550801.8105,7817679.777,-10117.79981,Dpoints
552339.3105,7821358.699,-10276.29981,Dpoints
551939.3105,7820983.297,-10561.5,Dpoints
550089.3105,7820063.57,-9710.709961,Dpoints
551214.3105,7821602.711,-10469.2002,Dpoints
551326.8105,7817642.238,-10083.09961,Dpoints
549114.3105,7821246.078,-10332.7002,Dpoints
549639.3105,7819857.098,-10372.59961,Dpoints
551539.3105,7819725.711,-10393.79981,Dpoints
550514.3105,7818430.578,-10365.90039,Dpoints
549564.3105,7819481.699,-10332.59961,Dpoints
551051.8105,7818824.75,-10359.7002,Dpoints
549051.8105,7818242.879,-10435.29981,Dpoints
550964.3105,7817773.629,-10187.29981,Dpoints
549239.3105,7818242.879,-10469.90039,Dpoints
551376.8105,7821133.457,-10487,Dpoints
551714.3105,7816778.816,-10147.40039,Dpoints
549551.8105,7817341.918,-9843.150391,Dpoints
552226.8105,7821077.148,-10526.09961,Dpoints
550814.3105,7817942.559,-10086.5,Dpoints
550951.8105,7821114.691,-10578.7002,Dpoints
552089.3105,7819988.488,-9791.639648,Dpoints
552276.8105,7817473.309,-9941,Dpoints
551314.3105,7820870.68,-10475.90039,Dpoints
549551.8105,7818167.797,-10357.79981,Dpoints
551689.3105,7819387.852,-10311.79981,Dpoints
549489.3105,7819613.09,-10444.2002,Dpoints
551101.8105,7820176.188,-10274.09961,Dpoints
551901.8105,7821264.848,-10518.59961,Dpoints
550889.3105,7821208.539,-10602.5,Dpoints
551051.8105,7821377.469,-10567.09961,Dpoints
552164.3105,7817191.758,-9958.990234,Dpoints
550089.3105,7821283.617,-10494.09961,Dpoints
551476.8105,7821659.02,-10303,Dpoints
551251.8105,7817867.48,-10316.59961,Dpoints
551076.8105,7816741.277,-10279.90039,Dpoints
549539.3105,7820288.809,-10416,Dpoints
550064.3105,7818393.039,-10371.79981,Dpoints
551676.8105,7819538.008,-10404,Dpoints
549751.8105,7821809.18,-10406.29981,Dpoints
551076.8105,7820645.438,-10363.40039,Dpoints
551539.3105,7819031.219,-10257.09961,Dpoints
552189.3105,7819763.25,-10120.7002,Dpoints
549626.8105,7821696.559,-10395.5,Dpoints
549101.8105,7817679.777,-10003.7002,Dpoints
550926.8105,7820926.988,-10454.09961,Dpoints
551089.3105,7819200.148,-10321.40039,Dpoints
549451.8105,7817473.309,-9706.299805,Dpoints
548951.8105,7818242.879,-10412,Dpoints
549801.8105,7819857.098,-10188.5,Dpoints
552389.3105,7816985.289,-9677.349609,Dpoints
549889.3105,7819519.238,-10209.90039,Dpoints
549501.8105,7817379.461,-9744.540039,Dpoints
550514.3105,7817792.398,-10223.79981,Dpoints
549589.3105,7821433.781,-10388.5,Dpoints
549489.3105,7820326.348,-10435.7002,Dpoints
549589.3105,7819800.789,-10442.90039,Dpoints
548951.8105,7818073.949,-10418.2002,Dpoints
550401.8105,7819875.867,-9923.94043,Dpoints
550164.3105,7820983.297,-10415.79981,Dpoints
550251.8105,7820382.66,-9645.490234,Dpoints
551101.8105,7820964.531,-10543.59961,Dpoints
550251.8105,7821415.008,-10508.2002,Dpoints
550189.3105,7821696.559,-10487.29981,Dpoints
549764.3105,7817154.219,-10282.79981,Dpoints
552214.3105,7816928.98,-9933.830078,Dpoints
550314.3105,7821227.309,-10512.40039,Dpoints
551614.3105,7817567.16,-10093.90039,Dpoints
549376.8105,7821171,-10367.59961,Dpoints
550851.8105,7817097.91,-10260.29981,Dpoints
549789.3105,7818674.59,-9778.849609,Dpoints
551839.3105,7817529.617,-10072.79981,Dpoints
550601.8105,7820401.43,-9642.820313,Dpoints
552101.8105,7817829.938,-10059.40039,Dpoints
551914.3105,7817379.461,-10057.79981,Dpoints
552076.8105,7817961.328,-10068.59961,Dpoints
549314.3105,7818899.828,-10326.5,Dpoints
552176.8105,7821058.379,-10543.79981,Dpoints
550839.3105,7821114.691,-10521.40039,Dpoints
550126.8105,7821809.18,-10472.29981,Dpoints
551251.8105,7820664.211,-10411.5,Dpoints
550414.3105,7821339.93,-10536.40039,Dpoints
552389.3105,7820795.598,-10460.7002,Dpoints
551851.8105,7818524.43,-10004.5,Dpoints
552039.3105,7817736.09,-10055.29981,Dpoints
550189.3105,7817811.168,-10378.90039,Dpoints
550089.3105,7818580.738,-10358.09961,Dpoints
549951.8105,7820833.141,-10398.40039,Dpoints
549526.8105,7819481.699,-10366.29981,Dpoints
549689.3105,7819444.16,-10183.09961,Dpoints
550214.3105,7816835.129,-9952.919922,Dpoints
550651.8105,7820438.969,-9653.44043,Dpoints
551039.3105,7820382.66,-10264.7002,Dpoints
549276.8105,7818111.488,-10477.09961,Dpoints
549151.8105,7821264.848,-10347.5,Dpoints
551989.3105,7819162.609,-10147.40039,Dpoints
550451.8105,7820119.879,-9645.019531,Dpoints
549739.3105,7821189.77,-10424.7002,Dpoints
548951.8105,7817379.461,-9916.349609,Dpoints
552089.3105,7821527.629,-10393.09961,Dpoints
549389.3105,7819819.559,-10475.7002,Dpoints
551289.3105,7821377.469,-10471,Dpoints
549339.3105,7817492.078,-9633.730469,Dpoints
549614.3105,7818073.949,-10369,Dpoints
549826.8105,7821452.551,-10436.7002,Dpoints
551926.8105,7820945.758,-10578.29981,Dpoints
549326.8105,7821058.379,-10365.2002,Dpoints
551851.8105,7819932.18,-9722.580078,Dpoints
550864.3105,7820889.449,-10355.59961,Dpoints
549476.8105,7817473.309,-9740.209961,Dpoints
552276.8105,7817567.16,-9973.389648,Dpoints
548901.8105,7819875.867,-10413,Dpoints
552376.8105,7817435.77,-9811.450195,Dpoints
551864.3105,7820814.371,-10547.2002,Dpoints
549689.3105,7818712.129,-9737.919922,Dpoints
549564.3105,7819894.641,-10411.7002,Dpoints
549589.3105,7820007.258,-10343.09961,Dpoints
551289.3105,7821415.008,-10470,Dpoints
549789.3105,7817754.859,-10357.79981,Dpoints
549001.8105,7817492.078,-9866.410156,Dpoints
551939.3105,7817942.559,-10054.7002,Dpoints
549989.3105,7821208.539,-10478.40039,Dpoints
550676.8105,7820457.738,-9675.5,Dpoints
549189.3105,7818317.957,-10458.09961,Dpoints
552314.3105,7816778.816,-9848.290039,Dpoints
549764.3105,7820101.109,-10082,Dpoints
550626.8105,7820720.52,-9803.169922,Dpoints
551426.8105,7817172.988,-10111.09961,Dpoints
548901.8105,7819012.449,-10434.7002,Dpoints
551289.3105,7821471.32,-10467.29981,Dpoints
550026.8105,7816910.207,-10024.2002,Dpoints
551001.8105,7819913.41,-10272.79981,Dpoints
551376.8105,7817529.617,-10052.90039,Dpoints
549151.8105,7818918.598,-10453.40039,Dpoints
551814.3105,7820645.438,-10275.90039,Dpoints
550364.3105,7817698.547,-10334,Dpoints
551826.8105,7821396.238,-10463.7002,Dpoints
549789.3105,7818205.34,-10393.2002,Dpoints
551476.8105,7820964.531,-10442.59961,Dpoints
551426.8105,7816722.508,-10133,Dpoints
551476.8105,7820514.051,-10406.29981,Dpoints
549414.3105,7819538.008,-10457.79981,Dpoints
551814.3105,7821602.711,-10335.5,Dpoints
549614.3105,7820307.578,-10362,Dpoints
550151.8105,7821827.949,-10476.90039,Dpoints
551714.3105,7819068.758,-10289.90039,Dpoints
549876.8105,7819256.457,-10202.90039,Dpoints
551289.3105,7821339.93,-10473.90039,Dpoints
549564.3105,7818862.289,-9924.209961,Dpoints
551889.3105,7821095.918,-10525.5,Dpoints
549839.3105,7820382.66,-10042.29981,Dpoints
550689.3105,7819838.328,-10016.29981,Dpoints
551951.8105,7817304.379,-10047.2002,Dpoints
550939.3105,7821508.859,-10563.5,Dpoints
551989.3105,7817867.48,-10055.59961,Dpoints
548989.3105,7819331.539,-10427,Dpoints
550264.3105,7818543.199,-10373.09961,Dpoints
549364.3105,7821715.328,-10362.09961,Dpoints
550826.8105,7821677.789,-10563.09961,Dpoints
550926.8105,7821621.48,-10560.40039,Dpoints
551926.8105,7818899.828,-10076.29981,Dpoints
550026.8105,7818787.207,-10352.2002,Dpoints
549739.3105,7818224.109,-10375.90039,Dpoints
550414.3105,7817492.078,-10311.7002,Dpoints
549289.3105,7819387.852,-10464.90039,Dpoints
551614.3105,7820438.969,-10141.7002,Dpoints
550239.3105,7817848.711,-10375.79981,Dpoints
548964.3105,7821058.379,-10316,Dpoints
551614.3105,7819650.629,-10407.29981,Dpoints
551976.8105,7817923.789,-10057.09961,Dpoints
550976.8105,7817567.16,-10216.90039,Dpoints
550276.8105,7820307.578,-9618.019531,Dpoints
552351.8105,7820138.648,-10067.79981,Dpoints
549551.8105,7817848.711,-10299,Dpoints
551914.3105,7820495.281,-9871.610352,Dpoints
549539.3105,7821264.848,-10389.7002,Dpoints
550339.3105,7818674.59,-10352,Dpoints
551126.8105,7817811.168,-10282.59961,Dpoints
550951.8105,7818618.281,-10326.2002,Dpoints
550801.8105,7817454.539,-10266.2002,Dpoints
549089.3105,7817567.16,-9813.290039,Dpoints
549914.3105,7820626.668,-10218.7002,Dpoints
551814.3105,7819106.301,-10255,Dpoints
550189.3105,7816722.508,-10172.29981,Dpoints
552414.3105,7821827.949,-10106.59961,Dpoints
550614.3105,7818693.359,-10327.29981,Dpoints
552276.8105,7816647.43,-9928.139648,Dpoints
550901.8105,7817548.387,-10220.79981,Dpoints
552126.8105,7821734.102,-10151.29981,Dpoints
551039.3105,7816703.738,-10281.79981,Dpoints
551151.8105,7819425.391,-10419.79981,Dpoints
549839.3105,7820194.961,-10002.59961,Dpoints
552351.8105,7820551.59,-10313.90039,Dpoints
549726.8105,7818167.797,-10385.09961,Dpoints
550714.3105,7820345.121,-9714.400391,Dpoints
551664.3105,7817510.848,-10076,Dpoints
550939.3105,7817210.527,-10205.7002,Dpoints
550251.8105,7817229.301,-10003.7002,Dpoints
549489.3105,7821640.25,-10376.5,Dpoints
550126.8105,7819875.867,-9935.980469,Dpoints
551726.8105,7817172.988,-10075.09961,Dpoints
552014.3105,7817229.301,-10030.40039,Dpoints
551714.3105,7817942.559,-10112.29981,Dpoints
551864.3105,7818618.281,-10016,Dpoints
549139.3105,7816684.969,-10505.59961,Dpoints
550276.8105,7820495.281,-9693.929688,Dpoints
550976.8105,7817961.328,-10251.09961,Dpoints
550764.3105,7820814.371,-10104.7002,Dpoints
549214.3105,7818374.27,-10449.7002,Dpoints
551851.8105,7820870.68,-10577.40039,Dpoints
549076.8105,7818486.891,-10418.5,Dpoints
550101.8105,7817754.859,-10383,Dpoints
550439.3105,7820044.801,-9676.120117,Dpoints
551764.3105,7819331.539,-10262.5,Dpoints
551401.8105,7816647.43,-10134.59961,Dpoints
550076.8105,7821508.859,-10463.79981,Dpoints
551639.3105,7819556.777,-10442.09961,Dpoints
550464.3105,7818730.898,-10315.59961,Dpoints
551976.8105,7817529.617,-10048.5,Dpoints
550426.8105,7820701.75,-9778.129883,Dpoints
549514.3105,7818956.141,-10107.90039,Dpoints
548939.3105,7818787.207,-10450.59961,Dpoints
550614.3105,7821659.02,-10563,Dpoints
551739.3105,7819425.391,-10284.40039,Dpoints
550026.8105,7821039.609,-10478.5,Dpoints
551139.3105,7817172.988,-10156.40039,Dpoints
551051.8105,7820964.531,-10547.09961,Dpoints
551064.3105,7820119.879,-10263.40039,Dpoints
551151.8105,7816910.207,-10232.5,Dpoints
551614.3105,7821827.949,-10127.7002,Dpoints
549289.3105,7821171,-10354.7002,Dpoints
550714.3105,7820495.281,-9726.740234,Dpoints
551526.8105,7821640.25,-10296.5,Dpoints
550864.3105,7817529.617,-10237.5,Dpoints
550726.8105,7817623.469,-10168.5,Dpoints
549601.8105,7821152.23,-10406,Dpoints
549464.3105,7820457.738,-10427.79981,Dpoints
549214.3105,7818730.898,-10361.90039,Dpoints
549214.3105,7818655.82,-10358,Dpoints
552189.3105,7820119.879,-9815.30957,Dpoints
550214.3105,7816966.52,-9834.120117,Dpoints
550614.3105,7817210.527,-10223.59961,Dpoints
549776.8105,7817736.09,-10347.79981,Dpoints
549876.8105,7819106.301,-10282.29981,Dpoints
550014.3105,7818486.891,-10297.29981,Dpoints
551214.3105,7821302.391,-10498.59961,Dpoints
551014.3105,7820044.801,-10244.90039,Dpoints
550614.3105,7817905.02,-10151,Dpoints
551389.3105,7819200.148,-10293.29981,Dpoints
549614.3105,7820926.988,-10422.5,Dpoints
551376.8105,7820026.027,-10360.29981,Dpoints
551201.8105,7820420.199,-10319.90039,Dpoints
551351.8105,7819950.949,-10392.79981,Dpoints
551401.8105,7819162.609,-10264.09961,Dpoints
550864.3105,7817379.461,-10268.90039,Dpoints
550589.3105,7821002.07,-10263.29981,Dpoints
550026.8105,7819068.758,-10308.40039,Dpoints
550014.3105,7818205.34,-10416.2002,Dpoints
551889.3105,7817285.609,-10050.90039,Dpoints
549164.3105,7818805.98,-10421.2002,Dpoints
550876.8105,7821846.719,-10570.2002,Dpoints
550839.3105,7817229.301,-10256.09961,Dpoints
549814.3105,7817172.988,-10282.09961,Dpoints
551201.8105,7821077.148,-10510.40039,Dpoints
549614.3105,7818824.75,-9843.169922,Dpoints
551026.8105,7821846.719,-10538,Dpoints
550901.8105,7821358.699,-10634.59961,Dpoints
552114.3105,7817154.219,-9992.650391,Dpoints
550776.8105,7819706.938,-10120.09961,Dpoints
550964.3105,7817454.539,-10234.79981,Dpoints
550014.3105,7818618.281,-10227,Dpoints
550601.8105,7820814.371,-9879.389648,Dpoints
551626.8105,7818937.367,-10295.79981,Dpoints
551764.3105,7816910.207,-10097.90039,Dpoints
550989.3105,7819087.527,-10227.59961,Dpoints
549676.8105,7818149.027,-10375.40039,Dpoints
551564.3105,7820682.98,-10529,Dpoints
551501.8105,7817510.848,-10061.7002,Dpoints
550901.8105,7817811.168,-10124.5,Dpoints
551014.3105,7820026.027,-10247.09961,Dpoints
551751.8105,7818430.578,-10065.90039,Dpoints
552314.3105,7820063.57,-10028.5,Dpoints
550101.8105,7817248.07,-10088.5,Dpoints
552239.3105,7820157.418,-9899.070313,Dpoints
551326.8105,7819838.328,-10422.7002,Dpoints
551151.8105,7821058.379,-10529,Dpoints
550526.8105,7816872.668,-10260.59961,Dpoints
552276.8105,7817060.367,-9838.05957,Dpoints
549401.8105,7819369.078,-10423.40039,Dpoints
551476.8105,7820851.91,-10478.79981,Dpoints
549726.8105,7816985.289,-10257.09961,Dpoints
552339.3105,7817041.598,-9748.540039,Dpoints
549789.3105,7820814.371,-10435.40039,Dpoints
550101.8105,7820026.027,-9720.910156,Dpoints
550151.8105,7819425.391,-10154.7002,Dpoints
548951.8105,7819538.008,-10426.2002,Dpoints
549839.3105,7817886.25,-10398.09961,Dpoints
551001.8105,7816722.508,-10282,Dpoints
550314.3105,7821621.48,-10517.5,Dpoints
550651.8105,7818637.047,-10343,Dpoints
551976.8105,7819106.301,-10139.90039,Dpoints
549076.8105,7817848.711,-10285.09961,Dpoints
550901.8105,7818993.68,-10185.40039,Dpoints
550426.8105,7818449.348,-10347.09961,Dpoints
550164.3105,7817998.871,-10404.2002,Dpoints
549601.8105,7817585.93,-10021.90039,Dpoints
550114.3105,7820232.5,-9666.790039,Dpoints
550964.3105,7818993.68,-10280,Dpoints
552326.8105,7820720.52,-10461.79981,Dpoints
551951.8105,7817379.461,-10052.90039,Dpoints
549914.3105,7817548.387,-10335.2002,Dpoints
552139.3105,7819538.008,-10150.2002,Dpoints
550051.8105,7821302.391,-10480.29981,Dpoints
551276.8105,7820945.758,-10487.09961,Dpoints
549501.8105,7817567.16,-9870.540039,Dpoints
551889.3105,7819688.168,-10193.79981,Dpoints
552039.3105,7820776.828,-10556.90039,Dpoints
549639.3105,7818299.188,-10322.79981,Dpoints
550726.8105,7821490.09,-10591.09961,Dpoints
549526.8105,7821039.609,-10399.09961,Dpoints
552326.8105,7821002.07,-10497.5,Dpoints
552251.8105,7817773.629,-10032.40039,Dpoints
550489.3105,7816985.289,-10167.09961,Dpoints
550714.3105,7821377.469,-10591.2002,Dpoints
552101.8105,7819369.078,-10091.2002,Dpoints
551776.8105,7821133.457,-10498,Dpoints
549414.3105,7819218.918,-10407.5,Dpoints
551826.8105,7821058.379,-10516.29981,Dpoints
549839.3105,7821677.789,-10426,Dpoints
549289.3105,7818768.438,-10281.79981,Dpoints
551114.3105,7817379.461,-10161.7002,Dpoints
549239.3105,7818824.75,-10364.90039,Dpoints
550976.8105,7821827.949,-10551.09961,Dpoints
550464.3105,7820814.371,-9889.389648,Dpoints
550601.8105,7821302.391,-10559.7002,Dpoints
551401.8105,7821058.379,-10475.79981,Dpoints
550901.8105,7817473.309,-10240.79981,Dpoints
549839.3105,7817961.328,-10406.7002,Dpoints
551339.3105,7820682.98,-10412.40039,Dpoints
550164.3105,7818092.719,-10409.59961,Dpoints
549676.8105,7820570.359,-10397.29981,Dpoints
548939.3105,7819500.469,-10424.59961,Dpoints
550276.8105,7819613.09,-10173.09961,Dpoints
550151.8105,7821227.309,-10504.79981,Dpoints
550164.3105,7821133.457,-10493.09961,Dpoints
550239.3105,7816666.199,-10324.29981,Dpoints
550076.8105,7821734.102,-10465.40039,Dpoints
550064.3105,7820176.188,-9691.290039,Dpoints
550126.8105,7820926.988,-10375.59961,Dpoints
552064.3105,7821039.609,-10551.7002,Dpoints
550414.3105,7818543.199,-10332.7002,Dpoints
550301.8105,7821602.711,-10514.90039,Dpoints
551764.3105,7821471.32,-10422.7002,Dpoints
549339.3105,7820964.531,-10373.09961,Dpoints
552176.8105,7820870.68,-10563,Dpoints
552076.8105,7821377.469,-10471.40039,Dpoints
551714.3105,7820851.91,-10559.7002,Dpoints
549989.3105,7821471.32,-10455.7002,Dpoints
551664.3105,7821077.148,-10470.7002,Dpoints
551326.8105,7821114.691,-10495.2002,Dpoints
548876.8105,7818186.57,-10404.7002,Dpoints
552289.3105,7817210.527,-9830.530273,Dpoints
550776.8105,7821752.867,-10562.7002,Dpoints
551426.8105,7817398.227,-10082.09961,Dpoints
551639.3105,7818693.359,-10262.59961,Dpoints
549464.3105,7821077.148,-10386.40039,Dpoints
552264.3105,7816966.52,-9865.639648,Dpoints
550214.3105,7819387.852,-10023.40039,Dpoints
551589.3105,7819838.328,-10232.29981,Dpoints
551789.3105,7821246.078,-10506.09961,Dpoints
550276.8105,7821095.918,-10451.2002,Dpoints
551264.3105,7820983.297,-10491.5,Dpoints
550801.8105,7816910.207,-10288.90039,Dpoints
550614.3105,7821095.918,-10390.90039,Dpoints
551089.3105,7821790.41,-10528.29981,Dpoints
550789.3105,7821508.859,-10590.5,Dpoints
550464.3105,7818505.66,-10347.7002,Dpoints
550801.8105,7819838.328,-10088.79981,Dpoints
550601.8105,7820664.211,-9747.639648,Dpoints
550364.3105,7820851.91,-10008.79981,Dpoints
551414.3105,7818899.828,-10328.7002,Dpoints
550476.8105,7817454.539,-10286.59961,Dpoints
550364.3105,7817510.848,-10295.2002,Dpoints
551464.3105,7819218.918,-10268.59961,Dpoints
551001.8105,7819256.457,-10162.90039,Dpoints
550664.3105,7818956.141,-9930.889648,Dpoints
550351.8105,7817398.227,-10254.09961,Dpoints
550451.8105,7818787.207,-10259.5,Dpoints
551451.8105,7817717.32,-10092.90039,Dpoints
550451.8105,7820964.531,-10217,Dpoints
549226.8105,7817548.387,-9708.320313,Dpoints
551589.3105,7821640.25,-10312.59961,Dpoints
550001.8105,7817341.918,-10285.5,Dpoints
549439.3105,7818974.91,-10213.79981,Dpoints
549539.3105,7819782.02,-10466.2002,Dpoints
550114.3105,7818787.207,-10403.79981,Dpoints
550526.8105,7817379.461,-10256.2002,Dpoints
550389.3105,7817285.609,-10137.59961,Dpoints
549014.3105,7816703.738,-10514.59961,Dpoints
550789.3105,7818974.91,-9984.110352,Dpoints
551326.8105,7819125.07,-10329.7002,Dpoints
550376.8105,7817623.469,-10327,Dpoints
550739.3105,7818242.879,-10349.59961,Dpoints
550514.3105,7817679.777,-10261,Dpoints
549664.3105,7819087.527,-10213,Dpoints
549651.8105,7820082.34,-10261,Dpoints
551564.3105,7820044.801,-10132.7002,Dpoints
549651.8105,7818637.047,-9770.05957,Dpoints
551676.8105,7819143.84,-10305.7002,Dpoints
552326.8105,7819988.488,-10072.7002,Dpoints
552026.8105,7819312.77,-10171.79981,Dpoints
551576.8105,7818993.68,-10272.2002,Dpoints
552339.3105,7821133.457,-10445.90039,Dpoints
552451.8105,7820213.73,-10174.09961,Dpoints
550451.8105,7817623.469,-10301.40039,Dpoints
550164.3105,7817417,-10258.59961,Dpoints
551839.3105,7820157.418,-9573.75,Dpoints
550389.3105,7818843.52,-10135.09961,Dpoints
550514.3105,7818655.82,-10342,Dpoints
552351.8105,7821152.23,-10419.79981,Dpoints
550139.3105,7819068.758,-10193.7002,Dpoints
550289.3105,7816797.59,-9992.019531,Dpoints
549601.8105,7817961.328,-10361.5,Dpoints
551064.3105,7821227.309,-10583.40039,Dpoints
552064.3105,7820514.051,-9909.94043,Dpoints
548876.8105,7819725.711,-10414.90039,Dpoints
550489.3105,7816760.051,-10303,Dpoints
552289.3105,7821246.078,-10339.29981,Dpoints
549001.8105,7817623.469,-9944.120117,Dpoints
549101.8105,7819294,-10440.29981,Dpoints
551939.3105,7819800.789,-10078.90039,Dpoints
550589.3105,7820945.758,-10208.79981,Dpoints
551801.8105,7821640.25,-10262.40039,Dpoints
550339.3105,7818918.598,-10073.09961,Dpoints
552026.8105,7821734.102,-10060.5,Dpoints
551308.0638,7817436.131,-9982.792969,fault
551332.564,7817579.006,-9904.140625,fault
551369.2227,7817557.008,-9829.345703,fault
551392.1899,7817380.302,-9829.375,fault
551295.9053,7817601.005,-9978.935547,fault
551263.0708,7817619.436,-10056.42578,fault
551238.6942,7817445.431,-10134.30762,fault
551230.2363,7817637.867,-10133.91602,fault
551263.6211,7817324.59,-10105.47168,fault
551313.3098,7817272.009,-10001.09863,fault
551198.9991,7817340.512,-10290.72168,fault
551200.4429,7817518.826,-10234.30957,fault
551250.6812,7817214.17,-10164.83496,fault
551206.1388,7817128.527,-10322.65137,fault
551290.927,7817117.674,-10065.62598,fault
551344.9963,7817056.149,-9946.550781,fault
551269.4575,7817008.346,-10155.74121,fault
551322.493,7816966.09,-10041.71094,fault
551289.2057,7816802.724,-10164.23535,fault
551228.7356,7816985.664,-10296.00195,fault
551375.7451,7816857.374,-9987.642578,fault
551355.7925,7816730.11,-10030.49609,fault
551414.2356,7816951.485,-9911.65332,fault
551520.745,7816835.132,-9842.507813,fault
551419.0349,7816755.516,-9938.211914,fault
551497.3398,7816916.469,-9819.530273,fault
551473.9346,7816997.806,-9796.551758,fault
551450.5293,7817079.143,-9773.574219,fault
551383.8768,7817231.688,-9863.881836,fault
551454.02,7817156.054,-9751.478516,fault
551456.6416,7817233.364,-9730.754883,fault
551458.6007,7817311.084,-9711.509766,fault
551426.5403,7817397.739,-9762.862305,fault
551408.201,7817522.57,-9771.291992,fault
551461.3784,7817389.388,-9694.879883,fault
551454.2791,7817438.76,-9704.058594,fault
551447.1797,7817488.133,-9713.237305,fault
551499.1974,7816760.855,-9855.96875,fault
551428.2344,7816643.289,-9934.430664,fault
551378.8187,7816600,-9999.430664,fault
551477.6499,7816686.578,-9869.430664,fault
551342.1833,7816600,-10065.89746,fault
551290.9747,7816698.324,-10164.35547,fault
551305.5483,7816600,-10132.36426,fault
551245.062,7816742.202,-10302.87109,fault
551213.5292,7816865.625,-10379.91992,fault
551264.8029,7816600,-10265.0625,fault
551247.9504,7816600,-10346.03613,fault
551285.1754,7816600,-10198.71289,fault
551231.098,7816600,-10427.00977,fault
551178.1384,7816767.629,-10531.5293,fault
551214.2456,7816600,-10507.9834,fault
551157.5898,7816967.425,-10509.61816,fault
551120.8644,7816876.407,-10653.64844,fault
551175.5936,7817065.589,-10429.6123,fault
551139.432,7817139.766,-10527.14258,fault
551153.9641,7817295.504,-10452.29688,fault
551102.3103,7817208.232,-10629.17871,fault
551108.2184,7817019.917,-10635.75879,fault
551085.8785,7817331.839,-10659.5293,fault
551117.4159,7817456.292,-10505.04785,fault
551051.5262,7817257.379,-10770.83105,fault
551044.1201,7817395.307,-10769.28906,fault
551072.5326,7817128.565,-10725.42383,fault
551009.4955,7817172.917,-10920,fault
551069.0616,7816937.451,-10782.69727,fault
551015.2289,7817077.422,-10920,fault
551084.7167,7816720.568,-10803.72559,fault
551142.0057,7816732.469,-10660.80566,fault
551031.9792,7816790.988,-10920,fault
551029.3375,7816886.614,-10920,fault
551036.5262,7816695.45,-10920,fault
551080.2843,7816600,-10846.95605,fault
551042.9626,7816600,-10920,fault
551117.1239,7816600,-10773.66992,fault
551153.5713,7816600,-10700.18555,fault
551173.7959,7816600,-10636.11816,fault
551194.0206,7816600,-10572.05078,fault
551021.9739,7816981.997,-10920,fault
551003.8162,7817268.415,-10920,fault
550997.1382,7817363.838,-10920,fault
551004.0889,7817492.405,-10851.55859,fault
550987.9814,7817459.043,-10920,fault
551020.1965,7817525.767,-10783.11621,fault
551036.304,7817559.129,-10714.6748,fault
551076.5969,7817462.096,-10632.22949,fault
551051.4537,7817602.027,-10632.53906,fault
551066.6035,7817644.926,-10550.40332,fault
551099.251,7817652.199,-10466.86328,fault
551160.8075,7817503.076,-10356.46387,fault
551131.8984,7817659.473,-10383.32324,fault
551164.4125,7817653.731,-10299.95703,fault
551197.1921,7817646.529,-10216.82031,fault
